city,date,normalized_distinct,normalized_stops
Calgary,2023-02-28,0.8645576554368666,1.123609969871268
Calgary,2023-03-01,0.8770127118644068,1.7334322033898306
Calgary,2023-03-02,0.8776937231649969,1.883030055203435
Calgary,2023-03-03,0.8760400016394114,1.8325341202508298
Calgary,2023-03-04,0.8743025152373595,1.80989784530861
Calgary,2023-03-05,0.8737833243036225,1.6075064920507407
Calgary,2023-03-06,0.8739321014181349,1.6398624838848304
Calgary,2023-03-07,0.9937362089828458,1.7369919567228984
Calgary,2023-03-08,1.0173232218166688,1.8191652325207557
Calgary,2023-03-09,0.8852866868527126,1.7614125089197894
Calgary,2023-03-10,0.8771680174885026,1.607395491761018
Calgary,2023-03-11,0.8733524577453868,1.5609590634206854
Calgary,2023-03-12,0.8696329057938965,1.5813533834586466
Calgary,2023-03-13,0.8754598195494226,1.6268003879870427
Calgary,2023-03-14,0.8762853923087759,1.6236441752359487
Calgary,2023-03-15,0.8808345540203492,1.6718991250643336
Calgary,2023-03-16,0.8912488760358697,1.8889401929573015
Calgary,2023-03-17,0.8924456902592852,1.9418079887876665
Calgary,2023-03-18,0.8922364157360542,1.8903350204868643
Calgary,2023-03-19,0.8875788942186317,1.7288563494067155
Calgary,2023-03-20,0.8939721043056398,1.9196361431170406
Calgary,2023-03-21,0.8947800761705623,1.9644288452443184
Calgary,2023-03-22,0.8987159257848631,1.9199902062136134
Calgary,2023-03-23,0.8990553972492091,1.939846081356997
Calgary,2023-03-24,0.9008565408574569,2.0838219127885673
Calgary,2023-03-25,0.8999128160418483,2.0481753643043965
Calgary,2023-03-26,0.8960120715671481,1.6978443630092692
Calgary,2023-03-27,0.903914255575648,1.8655628390596746
Calgary,2023-03-28,0.9048689734763317,1.814214935232903
Calgary,2023-03-29,0.903964900877478,1.8256824829379266
Calgary,2023-03-30,0.9031489557916579,1.9160982919940825
Calgary,2023-03-31,0.8986789763662277,1.7411984939054224
Calgary,2023-04-01,0.8942893614971459,1.8463113273441074
Calgary,2023-04-02,0.8996803069053708,1.768158567774936
Calgary,2023-04-03,0.9058906153981213,1.7383606941152372
Calgary,2023-04-04,0.9027653436785039,1.7202825027355018
Calgary,2023-04-05,0.893885564697083,1.7282629020194464
Calgary,2023-04-06,0.8952324415058034,1.8856727600253833
Calgary,2023-04-07,0.8933601609657947,2.0292767843013135
Calgary,2023-04-08,0.8955025923395362,1.8205257023431534
Calgary,2023-04-09,0.888231055368376,1.6685103316649463
Calgary,2023-04-10,0.8972856261566934,1.8403249023236685
Calgary,2023-04-11,0.8997255723261356,1.7954250018054452
Calgary,2023-04-12,0.8974024916537742,1.8715902613793665
Calgary,2023-04-13,0.9010623706906572,2.043052746588558
Calgary,2023-04-14,0.9023136844552959,2.244971514940123
Calgary,2023-04-15,0.8987412151943778,2.1290143225691662
Calgary,2023-04-16,0.8956805399325084,1.993745781777278
Calgary,2023-04-17,0.9005396153754724,2.0873368673782298
Calgary,2023-04-18,0.9033439766342417,2.0112373456102572
Calgary,2023-04-19,0.9036273368648597,1.6079293061263273
Calgary,2023-04-20,0.914495952906549,1.9381162619573216
Calgary,2023-04-21,0.9113619600423307,1.9822980470127953
Calgary,2023-04-22,0.9066409410593141,1.8586855044501152
Calgary,2023-04-23,0.9000406338886632,1.6217210709287102
Calgary,2023-04-24,0.9061068941722602,1.8416190954143403
Calgary,2023-04-25,0.9117621729619869,2.0007406259150176
Calgary,2023-04-26,0.9114522040281093,1.9560034968561917
Calgary,2023-04-27,0.913654840801607,1.9775714534267592
Calgary,2023-04-28,0.9115405871614946,1.943142804508382
Calgary,2023-04-29,0.9014770960411435,1.6586532711398159
Calgary,2023-04-30,0.9014096443402356,1.7241871239300546
Calgary,2023-05-01,0.9037072582530483,1.885718504300321
Calgary,2023-05-02,0.907741966565496,2.0174760321819147
Calgary,2023-05-03,0.9080388510022732,1.9067336661554692
Calgary,2023-05-04,0.912937395858129,2.0311592477981435
Calgary,2023-05-05,0.9119007448725454,2.06252797576008
Calgary,2023-05-06,0.9093996520412784,2.027252794394528
Calgary,2023-05-07,0.9054120627771131,1.8722171393717597
Calgary,2023-05-08,0.9102990798429169,2.010998122833485
Calgary,2023-05-09,0.9111449548791853,2.0101038801627533
Calgary,2023-05-10,0.9111308955560085,2.0297231488731806
Calgary,2023-05-11,0.9104395716056659,2.0636494807649317
Calgary,2023-05-12,0.9102128402312186,2.075772354384632
Calgary,2023-05-13,0.9055154008673413,1.959790948515512
Calgary,2023-05-14,0.8997106042858127,1.871735685247709
Calgary,2023-05-15,0.906349171123588,2.0523956414637934
Calgary,2023-05-16,0.9095612606682142,2.0782662924851887
Calgary,2023-05-17,0.9065944733265742,2.0018228099316175
Calgary,2023-05-18,0.9088683061854572,2.093793250292771
Calgary,2023-05-19,0.9071414875258325,2.1226111596395167
Calgary,2023-05-20,0.9034849876603327,2.0395090693788114
Calgary,2023-05-21,0.8995138121546962,1.940585635359116
Calgary,2023-05-22,0.9024684551610789,1.9236994580425035
Calgary,2023-05-23,0.9074565842611058,1.9852591917106752
Calgary,2023-05-24,0.9071787148594378,2.031285140562249
Calgary,2023-05-25,0.909119094291315,2.0731187742529102
Calgary,2023-05-26,0.9064426226173281,2.0252863274813353
Calgary,2023-05-27,0.9017707573250567,2.0124970453120663
Calgary,2023-05-28,0.8967181263331292,1.80186268505417
Calgary,2023-05-29,0.9045567898435729,1.961550668782589
Calgary,2023-05-30,0.9036152497808939,1.922107800175285
Calgary,2023-05-31,0.9036927404794894,1.955651425452408
Calgary,2023-06-01,0.9039528505328392,1.9920649875426586
Calgary,2023-06-02,0.906487968321657,2.105184717810365
Calgary,2023-06-03,0.901424836149602,1.943018072497322
Calgary,2023-06-04,0.8960380887604149,1.8316272742730828
Calgary,2023-06-05,0.9031471259146613,2.039351417539771
Calgary,2023-06-06,0.9065463103758874,2.145783494271131
Calgary,2023-06-07,0.9056369956173492,2.132960556143267
Calgary,2023-06-08,0.905978780107608,2.1101925881228945
Calgary,2023-06-09,0.90394928812195,2.1416813402424912
Calgary,2023-06-10,0.9001216018466992,2.0517735320183847
Calgary,2023-06-11,0.8961584633853541,1.8156595971722023
Calgary,2023-06-12,0.9009041298617213,1.9059681820283958
Calgary,2023-06-13,0.9023017074947111,1.9185674154056023
Calgary,2023-06-14,0.905458466659634,2.0339791600736077
Calgary,2023-06-15,0.9035872392862033,2.0221235908904203
Calgary,2023-06-16,0.9046758550280756,2.023093415007657
Calgary,2023-06-17,0.9005027163761727,1.9150505384722118
Calgary,2023-06-18,0.8959894368465122,1.8081778560233592
Calgary,2023-06-19,0.9014598926518383,1.8634645719306788
Calgary,2023-06-20,0.9068511565382654,1.9530083901172761
Calgary,2023-06-21,0.9063533314901853,2.054409731821952
Calgary,2023-06-22,0.906725991361112,2.08566355969818
Calgary,2023-06-23,0.9053872445794224,2.0350789938730807
Calgary,2023-06-24,0.9016581020197583,1.9156441874482801
Calgary,2023-06-25,0.9002214273547947,1.8689944927042526
Calgary,2023-06-26,0.904147423188439,1.9316173689819962
Calgary,2023-06-27,0.9054959170566107,1.9210834837039077
Calgary,2023-06-28,0.9066019011804032,2.0671994150214146
Calgary,2023-06-29,0.9064961697344941,2.1113192479468395
Calgary,2023-06-30,0.9054304462514443,2.1267031457783787
Calgary,2023-07-01,0.9011735904566588,1.981263354557461
Calgary,2023-07-02,0.8972370036839951,1.8586471551371264
Calgary,2023-07-03,0.9046615827423519,2.0098315579161845
Calgary,2023-07-04,0.910252143275223,2.127104541333364
Calgary,2023-07-05,0.909021735534456,2.1110927316637444
Calgary,2023-07-06,0.9090351782411901,2.1092333942966905
Calgary,2023-07-07,0.906088526427193,2.111768245865239
Calgary,2023-07-08,0.9046445872055552,2.070656354601967
Calgary,2023-07-09,0.8995264124399961,1.9086545173380298
Calgary,2023-07-10,0.9048665364583334,2.0249125162760415
Calgary,2023-07-11,0.9092448970895299,2.0630246729449864
Calgary,2023-07-12,0.9086996618505995,2.0346163980501517
Calgary,2023-07-13,0.9101691067983203,2.095914198161389
Calgary,2023-07-14,0.9111974684949758,2.106234386276578
Calgary,2023-07-15,0.9097187110776782,2.074015612090121
Calgary,2023-07-16,0.906593843323833,1.9644815878819535
Calgary,2023-07-17,0.9076083768404998,1.9390117518233903
Calgary,2023-07-18,0.9102852189427795,2.1380648201917167
Calgary,2023-07-19,0.9091994392840088,1.825207572746738
Calgary,2023-07-20,0.906794201264847,1.90226031314496
Calgary,2023-07-21,0.9081695048708778,1.9537203789484265
Calgary,2023-07-22,0.90343403510347,1.8818153252233245
Calgary,2023-07-23,0.8981055698110652,1.7671299001549758
Calgary,2023-07-24,0.9057323546195758,2.0178935766046764
Calgary,2023-07-25,0.901601992584416,1.9110483711188475
Calgary,2023-07-26,0.8973223610008773,1.884720887812078
Calgary,2023-07-27,0.8974676252853455,1.88136738278611
Calgary,2023-07-28,0.8998365763140311,1.88015328014684
Calgary,2023-07-29,0.8961231338965397,1.79355012922887
Calgary,2023-07-30,0.8917575936301976,1.6941388970805071
Calgary,2023-07-31,0.8933295426276698,1.7484843100323395
Calgary,2023-08-01,0.8971891636275051,1.8441393739207692
Calgary,2023-08-02,0.8973627459789738,1.8217045556653788
Calgary,2023-08-03,0.8979846357068534,1.8654037739190754
Calgary,2023-08-04,0.8994290431313201,1.8540276535736397
Calgary,2023-08-05,0.8969002057347485,1.7752240270640187
Calgary,2023-08-06,0.894219217353119,1.6860298443157433
Calgary,2023-08-07,0.8975492105342002,1.7935928933097642
Calgary,2023-08-08,0.9014001418810439,1.8948736138595377
Calgary,2023-08-09,0.9032128101621809,1.8968456476573423
Calgary,2023-08-10,0.9035139765177788,1.8728450256967368
Calgary,2023-08-11,0.9028843996605441,1.9442141303393583
Calgary,2023-08-12,0.8985158153054849,1.767927484130362
Calgary,2023-08-13,0.8967889253603539,1.6681413824270968
Calgary,2023-08-14,0.9004867140226256,1.7582309166760628
Calgary,2023-08-15,0.9015646715982963,1.8631786594933872
Calgary,2023-08-16,0.9038907643852667,1.8566848348829754
Calgary,2023-08-17,0.9090333383423137,1.9301139900822188
Calgary,2023-08-18,0.9087633205346693,1.9388538693714967
Calgary,2023-08-19,0.9063187054788497,1.949872482631255
Calgary,2023-08-20,0.8999168583244253,1.7545916879919665
Calgary,2023-08-21,0.9074485133830366,1.9988055303942744
Calgary,2023-08-22,0.9073438639125152,1.9178517618469015
Calgary,2023-08-23,0.9061217023698224,1.9231230437787081
Calgary,2023-08-24,0.9063251647964575,1.8489910934433653
Calgary,2023-08-25,0.9065362159338917,1.9541867969930422
Calgary,2023-08-26,0.9052044236597555,1.913995544226562
Calgary,2023-08-27,0.9001813992253763,1.7446487228513998
Calgary,2023-08-28,0.9049305178637581,1.871744505612847
Calgary,2023-08-29,0.9060369687514773,1.8684441923131472
Calgary,2023-08-30,0.9003891366855308,1.6336323826747814
Calgary,2023-08-31,0.9068552363766078,1.9033929957823614
Calgary,2023-09-01,0.9030315793504169,1.7245541654302317
Calgary,2023-09-02,0.9007846920406966,1.7364170702841402
Calgary,2023-09-03,0.8977259986341722,1.6342843164235696
Calgary,2023-09-04,0.901914554330493,1.7430564387528493
Calgary,2023-09-05,0.9038081568744408,1.7291045332538026
Calgary,2023-09-06,0.9013971457300616,1.8369202815460335
Calgary,2023-09-07,0.9008638977405057,1.7985412134287804
Calgary,2023-09-08,0.9013959990953762,1.6879767264951993
Calgary,2023-09-09,0.8989943023986698,1.705813175449624
Calgary,2023-09-10,0.8971202296047733,1.58183446445334
Calgary,2023-09-11,0.9033117902654544,1.6721315465975342
Calgary,2023-09-12,0.9008537655735276,1.6598160243477071
Calgary,2023-09-13,0.9037705634007861,1.6150293148400587
Calgary,2023-09-14,0.9022517911975435,1.804503582395087
Calgary,2023-09-15,0.8985585621017855,1.7826732478565248
Calgary,2023-09-16,0.9004837595024188,1.7684316758262855
Calgary,2023-09-17,0.8989184151205133,1.7240224553494017
Calgary,2023-09-18,0.9018463371054198,1.7008392441388271
Calgary,2023-09-19,0.9030109275617391,1.8364318893208427
Calgary,2023-09-20,0.9034524635669674,1.69373946664023
Calgary,2023-09-21,0.904553834244915,1.8225114838919954
Calgary,2023-09-22,0.9071519265517409,1.8641768813791082
Calgary,2023-09-23,0.903643063833997,1.7791655331041476
Calgary,2023-09-24,0.8996587604835028,1.7069785884218873
Calgary,2023-09-25,0.9021230772479175,1.800920598388953
Calgary,2023-09-26,0.9011213666909562,1.7810096348473807
Calgary,2023-09-27,0.9037458079918149,1.8445859148524981
Calgary,2023-09-28,0.9008596582081823,1.7841325737959606
Calgary,2023-09-29,0.9009926584634474,1.7417640368110847
Calgary,2023-09-30,0.9007740202140816,1.7268646850611966
Calgary,2023-10-01,0.8982239228523401,1.6793329204635938
Calgary,2023-10-02,0.9000251144639994,1.694057531441377
Calgary,2023-10-03,0.9054453036283999,1.860855458822257
Calgary,2023-10-04,0.9038248751457878,1.8528464766689594
Calgary,2023-10-05,0.9067310478029937,1.820666344760985
Calgary,2023-10-06,0.9064354923184358,1.7937325418994414
Calgary,2023-10-07,0.9048025007104291,1.7949022078900874
Calgary,2023-10-08,0.9003941533913614,1.7078924524317856
Calgary,2023-10-09,0.9043286076222307,1.8321060859252871
Calgary,2023-10-10,0.9001718020921226,1.7606359727149814
Calgary,2023-10-11,0.903977314173171,1.8541013203005325
Calgary,2023-10-12,0.9086342229199372,2.0081524386943106
Calgary,2023-10-13,0.905196566752646,1.9449324023837053
Calgary,2023-10-14,0.8997315398835125,1.726179970460098
Calgary,2023-10-15,0.8973314305573014,1.6709503774742867
Calgary,2023-10-16,0.9018391501420424,1.7342079106718644
Calgary,2023-10-17,0.9061185271610446,1.7088843896915
Calgary,2023-10-18,0.9050099894555746,1.6839239136467063
Calgary,2023-10-19,0.9039613955035332,1.6401776180278798
Calgary,2023-10-20,0.9028867102396514,1.6138548474945533
Calgary,2023-10-21,0.9013270592120199,1.6058861164427383
Calgary,2023-10-22,0.8964770098045481,1.5448363138989378
Calgary,2023-10-23,0.9007726102105742,1.6349374673870962
Calgary,2023-10-24,0.9015937907334992,1.6656535134494608
Calgary,2023-10-25,0.9019085892239701,1.7219550731606788
Calgary,2023-10-26,0.9035313344923467,1.728055983634878
Calgary,2023-10-27,0.9006647651469845,1.7089754795970005
Calgary,2023-10-28,0.8947749393082252,1.5569054990088866
Calgary,2023-10-29,0.8948279423601564,1.5517882455178111
Calgary,2023-10-30,0.9038481021207618,1.746133324327975
Calgary,2023-10-31,0.9052578703231325,1.7003508386377728
Calgary,2023-11-01,0.9042472856639425,1.689256766961454
Calgary,2023-11-02,0.9021258294421234,1.716137696169645
Calgary,2023-11-03,0.8998109793531294,1.7034556851594558
Calgary,2023-11-04,0.8932732723451601,1.6464102484855978
Calgary,2023-11-05,0.8936527452769074,1.5680204656328085
Calgary,2023-11-06,0.8979029497926153,1.6099776662702672
Calgary,2023-11-07,0.9004333319651223,1.5963738499698017
Calgary,2023-11-08,0.901418198596372,1.595461278807159
Calgary,2023-11-09,0.9027792356947472,1.6404097535674371
Calgary,2023-11-10,0.9002780823826632,1.6586675067703063
Calgary,2023-11-11,0.8915910780003402,1.3694965033712694
Calgary,2023-11-12,0.8943190879825157,1.5629817773708614
Calgary,2023-11-13,0.9012216550916241,1.6469681756059464
Calgary,2023-11-14,0.9019654134450805,1.6294118515020952
Calgary,2023-11-15,0.901148805271675,1.563206158062776
Calgary,2023-11-16,0.9026573326666191,1.5408743481677263
Calgary,2023-11-17,0.903074780776034,1.564916638440405
Calgary,2023-11-18,0.8982291651139565,1.517328245412673
Calgary,2023-11-19,0.8945854732208364,1.461929567131328
Calgary,2023-11-20,0.8981809757159205,1.572631091203954
Calgary,2023-11-21,0.9009998612318232,1.6437309650231158
Calgary,2023-11-22,0.9001335498459624,1.6193829390071783
Calgary,2023-11-23,0.9021968264296996,1.6563162996251635
Calgary,2023-11-24,0.9032284446625366,1.6476653921909397
Calgary,2023-11-25,0.9000328479141575,1.583543195007117
Calgary,2023-11-26,0.8952049685412208,1.498710838684569
Calgary,2023-11-27,0.899820668529251,1.5732064928767693
Calgary,2023-11-28,0.9014843844463253,1.5754176831653592
Calgary,2023-11-29,0.9041390972431745,1.611167633789179
Calgary,2023-11-30,0.9056764495347173,1.5852827487473158
Calgary,2023-12-01,0.9037777369091935,1.586199242803782
Calgary,2023-12-02,0.9014447981615085,1.5266888943306898
Calgary,2023-12-03,0.899077164735912,1.4776843027382984
Calgary,2023-12-04,0.901843835438094,1.5342566072126025
Calgary,2023-12-05,0.9011751024715198,1.5213880135240871
Calgary,2023-12-06,0.9015774714444714,1.5217096631784464
Calgary,2023-12-07,0.9043166619949545,1.6266234199602236
Calgary,2023-12-08,0.9037416487105474,1.6102709002452873
Calgary,2023-12-09,0.8993951381722279,1.552817910790047
Calgary,2023-12-10,0.8935511803199568,1.4594233963121213
Calgary,2023-12-11,0.8992714259621304,1.5623346840478138
Calgary,2023-12-12,0.9021894931630479,1.5851111431323328
Calgary,2023-12-13,0.9022017409114184,1.572384365932753
Calgary,2023-12-14,0.900123337267748,1.537525032160524
Calgary,2023-12-15,0.9010526452332618,1.4955799277481954
Calgary,2023-12-16,0.8977735147075921,1.4836719567492151
Calgary,2023-12-17,0.8957895397358265,1.4490477833903304
Calgary,2023-12-18,0.8972879067316559,1.4352605058622052
Calgary,2023-12-19,0.8990910254768916,1.4536679042376137
Calgary,2023-12-20,0.8994446829625354,1.6120100506049366
Calgary,2023-12-21,0.9025350020522376,1.62716380764996
Calgary,2023-12-22,0.9012312740952203,1.5939796966503474
Calgary,2023-12-23,0.8940412930366434,1.4716317945311634
Calgary,2023-12-24,0.8953675037266369,1.4541265336543974
Calgary,2023-12-25,0.8968327728114573,1.4998829924513415
Calgary,2023-12-26,0.8992771472485285,1.4709281644104086
Calgary,2023-12-27,0.9003249436250823,1.5027662226704204
Calgary,2023-12-28,0.8992795107938836,1.5362430961526818
Calgary,2023-12-29,0.9022988505747126,1.6063374139488522
Calgary,2023-12-30,0.8992645496480394,1.5506076204445602
Calgary,2023-12-31,0.897075376952164,1.4819797655718148
Calgary,2024-01-01,0.89901826383054,1.6391751057651203
Calgary,2024-01-02,0.8959474331585421,1.525396517123066
Calgary,2024-01-03,0.8993702542306995,1.6312553450643998
Calgary,2024-01-04,0.9029108085118155,1.705938491967441
Calgary,2024-01-05,0.9048034109810928,1.6757243613489936
Calgary,2024-01-06,0.8983502682572322,1.5802527847177104
Calgary,2024-01-07,0.8958777336174951,1.4814110810309187
Calgary,2024-01-08,0.8991571284592719,1.5913260622556604
Calgary,2024-01-09,0.9021886477655865,1.59483947212921
Calgary,2024-01-10,0.9018269667910724,1.5955139930008564
Calgary,2024-01-11,0.9033550654426618,1.6095829296197155
Calgary,2024-01-12,0.9014749726352965,1.6218349167568744
Calgary,2024-01-13,0.8972897001239766,1.5587231639805075
Calgary,2024-01-14,0.8965445365695494,1.4957675204965493
Calgary,2024-01-15,0.8992950343206976,1.5323665821532373
Calgary,2024-01-16,0.8974921853188007,1.5151120332404513
Calgary,2024-01-17,0.8944575886693773,1.5253515102624213
Calgary,2024-01-18,0.8961273704981247,1.5398032806639654
Calgary,2024-01-19,0.8954219508043237,1.5084794450591539
Calgary,2024-01-20,0.8915519031426986,1.484088749237809
Calgary,2024-01-21,0.8881479182889629,1.4565771061552604
Calgary,2024-01-22,0.8908530560919746,1.5177111869582791
Calgary,2024-01-23,0.8922871920196349,1.5417978995712767
Calgary,2024-01-24,0.8934217531800043,1.4841355606981512
Calgary,2024-01-25,0.8939605723633803,1.4876685096601852
Calgary,2024-01-26,0.8927650206189519,1.5263117541717095
Calgary,2024-01-27,0.8888942077549067,1.4594755598106484
Calgary,2024-01-28,0.8867619976167262,1.4089860253493662
Calgary,2024-01-29,0.8922774551156063,1.5066526069385862
Calgary,2024-01-30,0.8965959958961661,1.5778553455875188
Calgary,2024-01-31,0.8979520920561679,1.563906690592156
Calgary,2024-02-01,0.8974824172378264,1.553313846705192
Calgary,2024-02-02,0.8965821570830955,1.4801395614287984
Calgary,2024-02-03,0.8914744493065342,1.4712601053178076
Calgary,2024-02-04,0.8909658167508249,1.3660798243277765
Calgary,2024-02-05,0.8966910381601976,1.4753422640953924
Calgary,2024-02-06,0.8931661014783623,1.4219640870301262
Calgary,2024-02-07,0.8918158872746785,1.254824413220184
Calgary,2024-02-08,0.9022812090025601,1.3777623517723632
Calgary,2024-02-09,0.8999094940129313,1.425905548212344
Calgary,2024-02-10,0.8968401539834985,1.3882681405412167
Calgary,2024-02-11,0.8980437432603497,1.3382190913779362
Calgary,2024-02-12,0.9003489929731381,1.3512902164461469
Calgary,2024-02-13,0.9022831946256046,1.4174621679960293
Calgary,2024-02-14,0.9044475022293614,1.4327323407999717
Calgary,2024-02-15,0.9008396976418073,1.460129725743465
Calgary,2024-02-16,0.9026828778135049,1.4472188728117186
Calgary,2024-02-17,0.899115786489312,1.39048333461309
Calgary,2024-02-18,0.8981865391025678,1.3281598138000807
Calgary,2024-02-19,0.9026208030580485,1.4597590078426557
Calgary,2024-02-20,0.9032578985964318,1.4438188130439018
Calgary,2024-02-21,0.9034469262219214,1.4691299909555873
Calgary,2024-02-22,0.9028627709783217,1.4654227661787056
Calgary,2024-02-23,0.9024773253430787,1.427547904001478
Calgary,2024-02-24,0.8995065441260294,1.3909429947180136
Calgary,2024-02-25,0.8994139511549951,1.3519086493512416
Calgary,2024-02-26,0.902550541670221,1.4256191532315392
Calgary,2024-02-27,0.9026419738800671,1.3814215008178916
Calgary,2024-02-28,0.9042876296276028,1.4360193723151011
Calgary,2024-02-29,0.9036884606990303,1.4313129423502635
Calgary,2024-03-01,0.904176477498506,1.447041938433093
Calgary,2024-03-02,0.8985126859142607,1.4388105945355556
Calgary,2024-03-03,0.8975580273474322,1.3621538598028236
Calgary,2024-03-04,0.901066516980073,1.38785032677118
Calgary,2024-03-05,0.9028470626416596,1.3885227623678935
Calgary,2024-03-06,0.9018563309640754,1.4263328931162915
Calgary,2024-03-07,0.9004384522635098,1.456889181190398
Calgary,2024-03-08,0.9015183743782859,1.4795930693641315
Calgary,2024-03-09,0.8992579205345163,1.4876913387551685
Calgary,2024-03-10,0.896046252002222,1.414067598250449
Calgary,2024-03-11,0.8987404450221274,1.4060491649387759
Calgary,2024-03-12,0.9019278479823626,1.491427182159256
Calgary,2024-03-13,0.9015395055409547,1.5285156452178714
Calgary,2024-03-14,0.9049370979084729,1.642454353658219
Calgary,2024-03-15,0.9013270575929921,1.426449630646532
Calgary,2024-03-16,0.8939535193447427,1.1752347339681695
Calgary,2024-03-17,0.8967942562432829,1.3037094035574153
Calgary,2024-03-18,0.8974783994825116,1.4169997227741071
Calgary,2024-03-19,0.9013927576601671,1.4880037140204272
Calgary,2024-03-20,0.899929773018665,1.3818028361391912
Calgary,2024-03-21,0.8986138588748541,1.3478478668898697
Calgary,2024-03-22,0.8970525581935783,1.3899131130820972
Calgary,2024-03-23,0.898212348797935,1.3809124984553705
Calgary,2024-03-24,0.9002076092281136,1.409728863903209
Calgary,2024-03-25,0.897143448057715,1.304196016886261
Calgary,2024-03-26,0.8997936122418728,1.3385671444372227
Calgary,2024-03-27,0.8967882117297038,1.3604945357431506
Calgary,2024-03-28,0.8985586041218865,1.364104185105576
Calgary,2024-03-29,0.8957467047153146,1.2796507677673596
Calgary,2024-03-30,0.8998796685904363,1.3634928299341627
Calgary,2024-03-31,0.8960722510866745,1.2659346187403222
Calgary,2024-04-01,0.8999864557566598,1.327228919098096
Calgary,2024-04-02,0.8996953493722245,1.2711460301304351
Calgary,2024-04-03,0.90007770795324,1.3332826542333942
Calgary,2024-04-04,0.9029524330235101,1.424574562602515
Calgary,2024-04-05,0.9037846632141044,1.4506640678484846
Calgary,2024-04-06,0.901876314189214,1.3682806924998718
Calgary,2024-04-07,0.8988300416964756,1.3306884615662555
Calgary,2024-04-08,0.9039310380640806,1.4431264326886697
Calgary,2024-04-09,0.9069561715165202,1.4567109218797198
Calgary,2024-04-10,0.9042419630968233,1.4276659691839453
Calgary,2024-04-11,0.9001418982837065,1.3834069102211812
Calgary,2024-04-12,0.8987811693323043,1.2142667056976342
Calgary,2024-04-13,0.8971990894159007,1.207100250698787
Calgary,2024-04-14,0.8977243085581491,1.3448632925200181
Calgary,2024-04-15,0.8999921984032732,1.4337167673650542
Calgary,2024-04-16,0.8995690829218552,1.3567183254995356
Calgary,2024-04-17,0.8996102947146221,1.4648859300154258
Calgary,2024-04-18,0.9009225055276852,1.4143726494812994
Calgary,2024-04-19,0.9020022626706208,1.4694505994738287
Calgary,2024-04-20,0.8958560411311054,1.4727403598971722
Calgary,2024-04-21,0.893569726228306,1.4437790271327304
Calgary,2024-04-22,0.900801866640376,1.5791021722698741
Calgary,2024-04-23,0.9016225379399418,1.550976751695189
Calgary,2024-04-24,0.9007923569776699,1.5557493270652463
Calgary,2024-04-25,0.9010417734057451,1.5159271783311132
Calgary,2024-04-26,0.9030513947166018,1.5148229094481294
Calgary,2024-04-27,0.8978701609116906,1.517435656664817
Calgary,2024-04-28,0.8940164708611577,1.436046993322176
Calgary,2024-04-29,0.8972998145278489,1.5174271560133925
Calgary,2024-04-30,0.9007419537148406,1.4853782949555843
Calgary,2024-05-01,0.8940742299655758,1.4563233768771704
Calgary,2024-05-02,0.8944310963367673,1.4566863048415233
Calgary,2024-05-03,0.8946808249347077,1.5265140040771883
Calgary,2024-05-04,0.8907531464805709,1.536644161651804
Calgary,2024-05-05,0.8841809909893962,1.4613464568323036
Calgary,2024-05-06,0.8938757730265507,1.398746018824
Calgary,2024-05-07,0.8973354965523697,1.4161882624567097
Calgary,2024-05-08,0.8953660680647997,1.4612164594583281
Calgary,2024-05-09,0.8972563623135117,1.4461481892930068
Calgary,2024-05-10,0.8973567680689091,1.4275120560492554
Calgary,2024-05-11,0.894724446537918,1.3881038362903648
Calgary,2024-05-12,0.8929446137611139,1.3598884872539987
Calgary,2024-05-13,0.897863202731721,1.405350793818425
Calgary,2024-05-14,0.899616798916199,1.363622992065028
Calgary,2024-05-15,0.8983102241089396,1.3890068087217797
Calgary,2024-05-16,0.8989244824794727,1.512765392961857
Calgary,2024-05-17,0.8984276288080865,1.5052084795732135
Calgary,2024-05-18,0.8933427595145517,1.4881426495424375
Calgary,2024-05-19,0.8918524475420334,1.3910929425605743
Calgary,2024-05-20,0.8953812201145499,1.472604847729644
Calgary,2024-05-21,0.9008824230860959,1.5253177063813839
Calgary,2024-05-22,0.9002877828602587,1.5525612674563025
Calgary,2024-05-23,0.9007618547221857,1.6032026557443608
Calgary,2024-05-24,0.8991267524615545,1.6285913605404712
Calgary,2024-05-25,0.8953712131856585,1.6240279058970146
Calgary,2024-05-26,0.8950477205306813,1.5059691773388322
Calgary,2024-05-27,0.8971559953357533,1.5413754257442702
Calgary,2024-05-28,0.9009761438058463,1.600915175791109
Calgary,2024-05-29,0.9012186799259042,1.6279743914724902
Calgary,2024-05-30,0.8996671977558917,1.606635129399172
Calgary,2024-05-31,0.8974242518509301,1.517874696696323
Calgary,2024-06-01,0.8951556397711556,1.477935038902327
Calgary,2024-06-02,0.894566082669396,1.4122766528193087
Calgary,2024-06-03,0.8978745809478742,1.5121600095973766
Calgary,2024-06-04,0.8986563441100638,1.4863712906223578
Calgary,2024-06-05,0.8978806068186741,1.584562600012578
Calgary,2024-06-06,0.8954128312703946,1.5168270401525115
Calgary,2024-06-07,0.8980098509052183,1.4691227369542066
Calgary,2024-06-08,0.8936241633726785,1.389681653456461
Calgary,2024-06-09,0.890008208342661,1.3816282366987538
Calgary,2024-06-10,0.8942102214854906,1.4965016343458954
Calgary,2024-06-11,0.8938575507369396,1.5000385832240142
Calgary,2024-06-12,0.8951803880820627,1.5334497257327888
Calgary,2024-06-13,0.895288145929367,1.553249750387124
Calgary,2024-06-14,0.8949291090378464,1.5405076901500632
Calgary,2024-06-15,0.8908559008079179,1.4201036212765377
Calgary,2024-06-16,0.8865819597970183,1.4045788914676842
Calgary,2024-06-17,0.8935677418024618,1.469419454161827
Calgary,2024-06-18,0.8952065686560867,1.4549118878395482
Calgary,2024-06-19,0.8981164845036682,1.538541697858961
Calgary,2024-06-20,0.8967011831314041,1.530770220575786
Calgary,2024-06-21,0.896014485673903,1.5030840677127095
Calgary,2024-06-22,0.8941341634621254,1.519624000488311
Calgary,2024-06-23,0.8911973050219789,1.5153441202880433
Calgary,2024-06-24,0.897413834029624,1.56438710596278
Calgary,2024-06-25,0.898619479418967,1.6422790266295682
Calgary,2024-06-26,0.9005014214939482,1.6205270923551216
Calgary,2024-06-27,0.9003174603174603,1.6772118702553485
Calgary,2024-06-28,0.9014992109416097,1.6624560480633461
Calgary,2024-06-29,0.8959528803408656,1.572222881791919
Calgary,2024-06-30,0.89251494528022,1.4871429208075226
Calgary,2024-07-01,0.897337813079985,1.5749034725993472
Calgary,2024-07-02,0.8999541830843948,1.6562020831424296
Calgary,2024-07-03,0.8974066667515826,1.5505674508655058
Calgary,2024-07-04,0.8994046291371411,1.634021355569663
Calgary,2024-07-05,0.9011278298151233,1.6674950162483957
Calgary,2024-07-06,0.8976008969976174,1.618312888856389
Calgary,2024-07-07,0.8929742055009263,1.541792788941143
Calgary,2024-07-08,0.8972072735512377,1.5324987254291056
Calgary,2024-07-09,0.8937479568017711,1.5595524177128797
Calgary,2024-07-10,0.891304901466416,1.52568392850776
Calgary,2024-07-11,0.8897780328125408,1.560124155559613
Calgary,2024-07-12,0.8938840678266783,1.582814679025669
Calgary,2024-07-13,0.8897277875059696,1.5150944898005594
Calgary,2024-07-14,0.8863755123112083,1.4350883599116087
Calgary,2024-07-15,0.8875173148641449,1.4423761321257325
Calgary,2024-07-16,0.890880572401605,1.4820775342038965
Calgary,2024-07-17,0.8881604615315736,1.4129287683323846
Calgary,2024-07-18,0.8901909019588309,1.4582643238733297
Calgary,2024-07-19,0.8923988458948331,1.4826544418838852
Calgary,2024-07-20,0.8907518777913114,1.3783241981323588
Calgary,2024-07-21,0.8933957514145967,1.3548060324158435
Calgary,2024-07-22,0.8937405699790211,1.4047800813912248
Calgary,2024-07-23,0.8944631928158783,1.4110278556311846
Calgary,2024-07-24,0.897308045273784,1.4495870296726827
Calgary,2024-07-25,0.8968018275271273,1.4766590519703027
Calgary,2024-07-26,0.8946679530688113,1.3817105999986505
Calgary,2024-07-27,0.8926146165987593,1.3960405731135828
Calgary,2024-07-28,0.8898008733307967,1.3546532345249527
Calgary,2024-07-29,0.8927766361541815,1.4730369263341427
Calgary,2024-07-30,0.8925475466523579,1.3845823645143982
Calgary,2024-07-31,0.8962403706598191,1.3709947527073798
Calgary,2024-08-01,0.9012409052359059,1.3379383713490753
Calgary,2024-08-02,0.9042770278654846,1.5399920029782013
Calgary,2024-08-03,0.904031173488741,1.4763060795199834
Calgary,2024-08-04,0.9006151440295048,1.2987704038915298
Calgary,2024-08-05,0.9026825525412789,1.3351445337970007
Calgary,2024-08-06,0.9064907880253352,1.4158531377254873
Calgary,2024-08-07,0.9056460335609877,1.4639265737507339
Calgary,2024-08-08,0.9055576906388307,1.45474381066908
Calgary,2024-08-09,0.907157546867013,1.4743999714696687
Calgary,2024-08-10,0.9030135232901108,1.5359994991374033
Calgary,2024-08-11,0.8999872554642198,1.440138915440005
Calgary,2024-08-12,0.9031966224366706,1.457993635872052
Calgary,2024-08-13,0.9048991513890886,1.472605467842404
Calgary,2024-08-14,0.9029170719708405,1.5064121915495476
Calgary,2024-08-15,0.9023567242801837,1.524487507668874
Calgary,2024-08-16,0.9045197572887376,1.5097765280449904
Calgary,2024-08-17,0.9005961324092473,1.445336354383754
Calgary,2024-08-18,0.9019297570939535,1.373059052710549
Calgary,2024-08-19,0.9021271671841552,1.3453159251473716
Calgary,2024-08-20,0.9057026418535723,1.3450882042805437
Calgary,2024-08-21,0.9044423158261389,1.36888264125594
Calgary,2024-08-22,0.9039363016805803,1.4334937610478728
Calgary,2024-08-23,0.9053183648618336,1.472516262724447
Calgary,2024-08-24,0.9037585298436556,1.4535231493478449
Calgary,2024-08-25,0.9025747435163577,1.4103518118973184
Calgary,2024-08-26,0.9048270832452543,1.4549211516509533
Calgary,2024-08-27,0.9049964552890262,1.4871861343604178
Calgary,2024-08-28,0.9045269414623572,1.4583071885731236
Calgary,2024-08-29,0.9059673344897032,1.4639352277621913
Calgary,2024-08-30,0.906999777301124,1.548630401912866
Calgary,2024-08-31,0.9030265486725664,1.520023598820059
Calgary,2024-09-01,0.9015790964026003,1.4918996752640363
Calgary,2024-09-02,0.90388208208738,1.453634655587605
Calgary,2024-09-03,0.9056088959818785,1.5059692656181627
Calgary,2024-09-04,0.9034838763829799,1.5334564397416863
Calgary,2024-09-05,0.9059592091354901,1.573550052851375
Calgary,2024-09-06,0.9050824238032698,1.4835378832480413
Calgary,2024-09-07,0.9039149773381534,1.4660374056259318
Calgary,2024-09-08,0.8990736319358228,1.4548626364880781
Calgary,2024-09-09,0.9002743835090861,1.5080861750241248
Calgary,2024-09-10,0.9015038379517814,1.5200317114991058
Calgary,2024-09-11,0.9035354366189124,1.5991645984279002
Calgary,2024-09-12,0.9016043845120382,1.6045977665147821
Calgary,2024-09-13,0.9031644751819743,1.5502544255274637
Calgary,2024-09-14,0.8991034094564169,1.50071700439584
Calgary,2024-09-15,0.8980358956992889,1.4386115814426008
Calgary,2024-09-16,0.900849598443932,1.4485867550722067
Calgary,2024-09-17,0.9043529741291505,1.5334334895090649
Calgary,2024-09-18,0.9034740946472858,1.5576053682567357
Calgary,2024-09-19,0.9032836904687096,1.6181199946935898
Calgary,2024-09-20,0.8993754625242933,1.4978663365309468
Calgary,2024-09-21,0.8990201931518876,1.5345882352941176
Calgary,2024-09-22,0.8961800698710022,1.4170839330481733
Calgary,2024-09-23,0.8968482403692246,1.4177319676426043
Calgary,2024-09-24,0.8992749379284176,1.4622002623091455
Calgary,2024-09-25,0.9015193841760561,1.5805630567712698
Calgary,2024-09-26,0.900593627106479,1.6549262078143456
Calgary,2024-09-27,0.8990142783028444,1.5726133279197587
Calgary,2024-09-28,0.8973962324162559,1.5433214301204297
Calgary,2024-09-29,0.8972502376174887,1.466786355475763
Calgary,2024-09-30,0.9010409382429921,1.5875340486037575
Calgary,2024-10-01,0.9001820043226026,1.6067640200204756
Calgary,2024-10-02,0.8983314934112157,1.600194239879264
Calgary,2024-10-03,0.8997596425287542,1.6219693181268249
Calgary,2024-10-04,0.9025481236398095,1.6178055459633964
Calgary,2024-10-05,0.8992843620138414,1.52552651631199
Calgary,2024-10-06,0.8959011524296068,1.4310086729238447
Calgary,2024-10-07,0.9009504752376188,1.5924212106053026
Calgary,2024-10-08,0.9026822641631126,1.6433483557325637
Calgary,2024-10-09,0.9012527581522716,1.6474308754932332
Calgary,2024-10-10,0.9029170527946445,1.6012462136405758
Calgary,2024-10-11,0.9056573771285165,1.7012783197251162
Calgary,2024-10-12,0.9011163341545615,1.6619854225913282
Calgary,2024-10-13,0.8985342971612701,1.5722514507321386
Calgary,2024-10-14,0.8995950135594927,1.502888135983369
Calgary,2024-10-15,0.905572198003417,1.5986837568857597
Calgary,2024-10-16,0.90238028077332,1.58147272188108
Calgary,2024-10-17,0.9042578710644678,1.5893178410794602
Calgary,2024-10-18,0.9023167706028298,1.5111312277878362
Calgary,2024-10-19,0.9001825500842539,1.506958746801473
Calgary,2024-10-20,0.9007022785418706,1.4715997870842563
Calgary,2024-10-21,0.9062678932702218,1.7018933465664008
Calgary,2024-10-22,0.9090958147164843,1.839247555526776
Calgary,2024-10-23,0.9051516610495908,1.7673842767728178
Calgary,2024-10-24,0.9038089418474387,1.7665155990087247
Calgary,2024-10-25,0.9039978289261665,1.693369744050749
Calgary,2024-10-26,0.8992488502390023,1.617316758126486
Calgary,2024-10-27,0.894279351150113,1.5401209945485972
Calgary,2024-10-28,0.9019545267025243,1.6036926621572183
Calgary,2024-10-29,0.9041018875279231,1.5885593919131646
Calgary,2024-10-30,0.9018073894783856,1.5676384356608246
Calgary,2024-10-31,0.9040719212349432,1.588110387180055
Calgary,2024-11-01,0.9032730519505948,1.5866743943796553
Calgary,2024-11-02,0.8998655382425057,1.5157399351419758
Calgary,2024-11-03,0.8969115855273614,1.5087067406291859
Calgary,2024-11-04,0.9029447405788374,1.6152284943238844
Calgary,2024-11-05,0.9030080617824351,1.658361704322707
Calgary,2024-11-06,0.8983050847457628,1.4485938994734882
Calgary,2024-11-07,0.9027699054324155,1.5975060409892305
Calgary,2024-11-08,0.9026301444535296,1.6302807304442628
Calgary,2024-11-09,0.8993646313911575,1.5252502357956
Calgary,2024-11-10,0.897928338383508,1.4437759321023986
Calgary,2024-11-11,0.9010010185803098,1.4914825612026272
Calgary,2024-11-12,0.9006963992689142,1.5214056058807048
Calgary,2024-11-13,0.9021253819522077,1.5999376681097854
Calgary,2024-11-14,0.9025253780677062,1.5472324301809217
Calgary,2024-11-15,0.9023857481150821,1.5880671765698577
Calgary,2024-11-16,0.8980801506986099,1.5614868740661005
Calgary,2024-11-17,0.8932424274706154,1.4374205461453784
Calgary,2024-11-18,0.8997936502190204,1.5317670057560728
Calgary,2024-11-19,0.9025969483330872,1.5282974869997124
Calgary,2024-11-20,0.8996548921181353,1.540215050696633
Calgary,2024-11-21,0.901372630232744,1.5972213139174096
Calgary,2024-11-22,0.9030626238000914,1.6446061252476
Calgary,2024-11-23,0.8989693276237233,1.5685966284391237
Calgary,2024-11-24,0.8921123845908946,1.4423034065584208
Calgary,2024-11-25,0.9004521755179256,1.5685799535520386
Calgary,2024-11-26,0.9006896551724138,1.593518903199003
Calgary,2024-11-27,0.9019634653248743,1.639566469773208
Calgary,2024-11-28,0.8990780262933242,1.617884582550794
Calgary,2024-11-29,0.8996311724711444,1.5376411978039748
Calgary,2024-11-30,0.8964187901881401,1.4564405215527507
Calgary,2024-12-01,0.8929637559976868,1.4543941359423598
Calgary,2024-12-02,0.8972878076743936,1.50198846332987
Calgary,2024-12-03,0.8977293667205831,1.4933013929553722
Calgary,2024-12-04,0.8996729084524006,1.6211252963474778
Calgary,2024-12-05,0.8997857515103553,1.6730490841359609
Calgary,2024-12-06,0.8969143535306916,1.5095800092305665
Calgary,2024-12-07,0.8961522765696963,1.4969276511397422
Calgary,2024-12-08,0.8967883725019047,1.494473422024263
Calgary,2024-12-09,0.8990130340748869,1.56973517158661
Calgary,2024-12-10,0.9007301990287305,1.5529132262685317
Calgary,2024-12-11,0.8988548199900519,1.5127582086480245
Calgary,2024-12-12,0.9052547190438015,1.756948539398798
Calgary,2024-12-13,0.9031432918524227,1.6908199400708255
Calgary,2024-12-14,0.9002597787252948,1.5992188126693034
Calgary,2024-12-15,0.894682299267835,1.4847496290118838
Calgary,2024-12-16,0.901799285092067,1.5963894145564868
Calgary,2024-12-17,0.9019153491919162,1.603930425600563
Calgary,2024-12-18,0.9025514757932966,1.7361115385799144
Calgary,2024-12-19,0.904569952340653,1.907576499933188
Calgary,2024-12-20,0.9010997283185175,1.6670293648675467
Calgary,2024-12-21,0.896985501763299,1.5839965409612344
Calgary,2024-12-22,0.8974343006601071,1.4827811682650391
Calgary,2024-12-23,0.9044596537490641,1.6235564595742424
Calgary,2024-12-24,0.9052424532852248,1.6454500466677942
Calgary,2024-12-25,0.901796194004528,1.5046865699870389
Calgary,2024-12-26,0.9038314865225183,1.5854938022806615
Calgary,2024-12-27,0.9069228891706701,1.5847040403860007
Calgary,2024-12-28,0.9027726042365095,1.4988638903374805
Calgary,2024-12-29,0.8998794454490657,1.4333735181836447
Calgary,2024-12-30,0.9013690885378186,1.5134242632556167
Calgary,2024-12-31,0.8991876359852427,1.484816952038596
Calgary,2025-01-01,0.8952843228230469,1.5570689733489937
Calgary,2025-01-02,0.8954921651499276,1.5520361191886132
Calgary,2025-01-03,0.89973538488614,1.5721029044808579
Calgary,2025-01-04,0.8952986571218237,1.4841405833523722
Calgary,2025-01-05,0.8908261384308857,1.4263809881320204
Calgary,2025-01-06,0.891268429482107,1.4500433634873107
Calgary,2025-01-07,0.8954811737077086,1.5145939250045162
Calgary,2025-01-08,0.8945987527129866,1.4873760268139236
Calgary,2025-01-09,0.8958513396715644,1.4914433880726015
Calgary,2025-01-10,0.899146840535479,1.4331576148528358
Calgary,2025-01-11,0.8985196146669864,1.4330551152548123
Calgary,2025-01-12,0.8960220079851982,1.4187603466744572
Calgary,2025-01-13,0.8986448006136752,1.4934390218389335
Calgary,2025-01-14,0.8996150478298941,1.4881568005463126
Calgary,2025-01-15,0.9018642602730489,1.494945469927232
Calgary,2025-01-16,0.903112974650632,1.486038962816183
Calgary,2025-01-17,0.9004709915882155,1.4163064463770096
Calgary,2025-01-18,0.8986499184616225,1.3844489036270937
Calgary,2025-01-19,0.8958582816223343,1.3762685826952619
Calgary,2025-01-20,0.8997380584644455,1.422274648245897
Calgary,2025-01-21,0.8986680269795386,1.4138355155018987
Calgary,2025-01-22,0.901122413188355,1.4180287618379517
Calgary,2025-01-23,0.9048869353249313,1.4822363985270472
Calgary,2025-01-24,0.906497175141243,1.499686126804771
Calgary,2025-01-25,0.901884500051701,1.4729927101644091
Calgary,2025-01-26,0.9020071425021478,1.4758851803730288
Calgary,2025-01-27,0.9019782159600391,1.432252659047156
Calgary,2025-01-28,0.906395111452516,1.5447090331554798
Calgary,2025-01-29,0.9097897842380546,1.6062440782936243
Calgary,2025-01-30,0.9104069500098535,1.6945822111278985
Calgary,2025-01-31,0.9106069293144402,1.7471783110819887
Calgary,2025-02-01,0.9064542969214311,1.697491976702722
Calgary,2025-02-02,0.9048110690762204,1.5808401284157536
Calgary,2025-02-03,0.9076982716847036,1.6640671943143273
Calgary,2025-02-04,0.9077163948320146,1.6710293917847923
Calgary,2025-02-05,0.9073743195422597,1.6279260551874692
Calgary,2025-02-06,0.9080757700716071,1.7028237049837018
Calgary,2025-02-07,0.9080570395977373,1.6543971296878273
Calgary,2025-02-08,0.9069727434748801,1.618188449178726
Calgary,2025-02-09,0.9048172217169941,1.5477175117991064
Calgary,2025-02-10,0.9067289622950537,1.578205724991236
Calgary,2025-02-11,0.9081961409098955,1.4717699719292923
Calgary,2025-02-12,0.9076381562635215,1.4385461687677146
Calgary,2025-02-13,0.908691795206025,1.4234783474545587
Calgary,2025-02-14,0.9055694440864926,1.4119953953076811
Calgary,2025-02-15,0.9018843777581642,1.3838879082082967
Calgary,2025-02-16,0.9010348982201013,1.3665023386490027
Calgary,2025-02-17,0.9034978622099571,1.4277661828838013
Calgary,2025-02-18,0.9053924209520742,1.4260673483329538
Calgary,2025-02-19,0.9059565151743922,1.5236071266797524
Calgary,2025-02-20,0.9075925925925926,1.5520148148148147
Calgary,2025-02-21,0.9066070905361852,1.6039408145326692
Calgary,2025-02-22,0.9056910427784248,1.7788854316953189
Calgary,2025-02-23,0.902242969764183,1.6991377161082883
Calgary,2025-02-24,0.9054706192465226,1.715016829555132
Calgary,2025-02-25,0.9088011111204076,1.8588006927768808
Calgary,2025-02-26,0.9054495866648598,1.7302818810136875
Calgary,2025-02-27,0.905902172455411,1.8064486388628134
Calgary,2025-02-28,0.9054744776787251,1.806835782879565
Calgary,2025-03-01,0.9009876143446935,1.707504249979762
Calgary,2025-03-02,0.898080104345613,1.626097537698034
Calgary,2025-03-03,0.9016772431769872,1.717576143116476
Calgary,2025-03-04,0.9027445904686048,1.7933011416434355
Calgary,2025-03-05,0.9056808868567485,2.037838071000302
Calgary,2025-03-06,0.9040741891692972,1.7989810438167515
Calgary,2025-03-07,0.9054756465465776,1.8795739837139513
Calgary,2025-03-08,0.8984906967936372,1.8684899715545098
Calgary,2025-03-09,0.8932957487746748,1.7444355585820275
Calgary,2025-03-10,0.898681633695683,1.778290239264326
Calgary,2025-03-11,0.9020104591999207,1.9374783279433307
Calgary,2025-03-12,0.9011634914670202,1.9657475485851632
Calgary,2025-03-13,0.9010468019048019,1.9693161873195018
Calgary,2025-03-14,0.8977221269296741,1.7874785591766724
Calgary,2025-03-15,0.8961234755870017,1.8476333348260265
Calgary,2025-03-16,0.8923437277836398,1.7204050019082684
Calgary,2025-03-17,0.8964606862815625,1.8191137328249767
Calgary,2025-03-18,0.8967911664443456,1.7560545427597452
Calgary,2025-03-19,0.8998855223994505,1.8299549721437838
Calgary,2025-03-20,0.8994784914125891,1.8936879980188501
Calgary,2025-03-21,0.9005853600558618,1.9845563000490276
Calgary,2025-03-22,0.8965829046450309,1.8777535466516722
Calgary,2025-03-23,0.8925287262117462,1.8063336994115429
Calgary,2025-03-24,0.8960457447130367,1.8111896045744713
Calgary,2025-03-25,0.9025917926565875,1.7844812415006799
Calgary,2025-03-26,0.9060860849713236,1.8650927111754552
Calgary,2025-03-27,0.9037837742286174,1.855348635773062
Calgary,2025-03-28,0.903170762765822,1.799159556857252
Calgary,2025-03-29,0.9010820137678164,1.8166957240685155
Calgary,2025-03-30,0.8985990901773521,1.7276591511336608
Calgary,2025-03-31,0.9036590717916835,1.811862268222214
Calgary,2025-04-01,0.9063977280745079,1.807336132082128
Calgary,2025-04-02,0.8994959647618767,1.7204156443078014
Calgary,2025-04-03,0.9030460233446669,1.9521627116267657
Calgary,2025-04-04,0.9051644080621861,1.964074430762881
Calgary,2025-04-05,0.9000625111627076,1.9335149133773888
Calgary,2025-04-06,0.8984015765272608,1.8336238230786075
Calgary,2025-04-07,0.9039439910945104,2.0150326135955914
Calgary,2025-04-08,0.9044731202407551,1.9930326934476312
Calgary,2025-04-09,0.9027598179016173,1.96845163233132
Calgary,2025-04-10,0.903037159516143,1.9427987120355061
Calgary,2025-04-11,0.9043081416575393,2.007101131799927
Calgary,2025-04-12,0.901718637439539,1.9426122914854005
Calgary,2025-04-13,0.8997766716505479,1.8503794689327555
Calgary,2025-04-14,0.901238724769179,1.8729110918144924
Calgary,2025-04-15,0.9047969156280822,1.9747870528109028
Calgary,2025-04-16,0.9021884020868828,1.8815137845496517
Calgary,2025-04-17,0.9010524678556615,1.8950729296280935
Calgary,2025-04-18,0.902969637472828,1.939590491550382
Calgary,2025-04-19,0.8993472479651866,1.927158603522533
Calgary,2025-04-20,0.8945281072229742,1.8924362748345938
Calgary,2025-04-21,0.8970339260492568,1.8531648411265655
Calgary,2025-04-22,0.8981794940930925,1.7886295774788539
Calgary,2025-04-23,0.8978562257641978,1.6976798474846642
Calgary,2025-04-24,0.8975555581130382,1.652651022545488
Calgary,2025-04-25,0.8962844462792858,1.571803075652802
Calgary,2025-04-26,0.8911770021113133,1.4982919959624987
Calgary,2025-04-27,0.8874602927782838,1.457547148854877
Calgary,2025-04-28,0.8920247135299745,1.5600952622640405
Calgary,2025-04-29,0.8951632469565135,1.6817600129398724
Calgary,2025-04-30,0.8961448030017087,1.6267450109084096
Calgary,2025-05-01,0.8951002711051076,1.527308880345352
Calgary,2025-05-02,0.8953737948241904,1.6457286555567017
Calgary,2025-05-03,0.8926995043763739,1.6642279753284444
Calgary,2025-05-04,0.8878196885861946,1.7259658058682505
Calgary,2025-05-05,0.8933946059580578,1.6448559196021124
Calgary,2025-05-06,0.8951722148681154,1.5864885885437323
Calgary,2025-05-07,0.8954277201627228,1.645539448805363
Calgary,2025-05-08,0.8958730752446855,1.6361760488747585
Calgary,2025-05-09,0.892822899778603,1.6425977255954767
Calgary,2025-05-10,0.8883329527596072,1.689075743126167
Calgary,2025-05-11,0.8858027967843736,1.8499889016493114
Calgary,2025-05-12,0.8892874437290385,1.9524544003443514
Calgary,2025-05-13,0.8927042229871547,1.90820250188901
Calgary,2025-05-14,0.9014375105699307,1.7301403686791814
Calgary,2025-05-15,0.8990076568788411,1.9089456172722914
Calgary,2025-05-16,0.8976810883504596,1.9299719887955182
Calgary,2025-05-17,0.8926954124827722,1.877148742181229
Calgary,2025-05-18,0.8876272859900677,1.7783492241264975
Calgary,2025-05-19,0.888864228219697,1.814837831439394
Calgary,2025-05-20,0.8846712782654188,1.7750247049933152
Calgary,2025-05-21,0.8886652945109401,1.763342466471768
Calgary,2025-05-22,0.8882504407828812,1.9058563872293466
Calgary,2025-05-23,0.887070903420847,1.8359519876928214
Calgary,2025-05-24,0.8858565546298957,1.807328673114367
Calgary,2025-05-25,0.8824809940051576,1.7262243656295702
Calgary,2025-05-26,0.8892354786333242,1.7691537713943188
Calgary,2025-05-27,0.8938578947748425,1.760127939467015
Calgary,2025-05-28,0.8910812435589145,1.6720789677086911
Calgary,2025-05-29,0.8844724356752751,1.8717508992913225
Calgary,2025-05-30,0.8820335380118648,1.844388477157067
Calgary,2025-05-31,0.8822833211944647,1.8391903374605487
Calgary,2025-06-01,0.880479200866194,1.7600444739385048
Calgary,2025-06-02,0.8829798987085633,1.8154251391158223
Calgary,2025-06-03,0.8875684862012987,1.8069957386363635
Calgary,2025-06-04,0.8875750694222742,1.6608277665002138
Calgary,2025-06-05,0.8916345557834736,1.7642326297695046
Calgary,2025-06-06,0.8895536748812533,1.6754639762032213
Calgary,2025-06-07,0.8873712581867423,1.6535266467884533
Calgary,2025-06-08,0.8810553416987452,1.6249625056241563
Calgary,2025-06-09,0.8838839288579663,1.6647261570849994
Calgary,2025-06-10,0.8897750857458162,1.5971984474834309
Calgary,2025-06-11,0.8903428481026963,1.6797918502949352
Calgary,2025-06-12,0.887864396961121,1.7509157067083436
Calgary,2025-06-13,0.8945677977936043,1.7855513661965274
Calgary,2025-06-14,0.8868450186746475,1.629858753969123
Calgary,2025-06-15,0.8812750170298769,1.5968732583080465
Calgary,2025-06-16,0.8820974640081922,1.7098427805553882
Calgary,2025-06-17,0.8869191385016918,1.6825579743318546
Calgary,2025-06-18,0.8851644188513411,1.8389907561751782
Calgary,2025-06-19,0.8814302765068629,1.8147254823950667
Calgary,2025-06-20,0.8849405181223768,1.813949219641422
Calgary,2025-06-21,0.8836792975576488,1.7506215989656593
Calgary,2025-06-22,0.8797230436211129,1.6585009953421852
Calgary,2025-06-23,0.8835458427380579,1.6628698984040617
Calgary,2025-06-24,0.8773653660276324,1.6222547281476618
Calgary,2025-06-25,0.8747461704276833,1.6168865655166669
Calgary,2025-06-26,0.877563064630843,1.7214159970542096
Calgary,2025-06-27,0.88327147062588,1.697992661802978
Calgary,2025-06-28,0.8767109632808524,1.71552235204004
Calgary,2025-06-29,0.8725446874769855,1.657555576597334
Calgary,2025-06-30,0.8708199415441903,1.6831528692233282
Calgary,2025-07-01,0.8733859172586711,1.702125992478061
Calgary,2025-07-02,0.8718944920181837,1.718738767311555
Calgary,2025-07-03,0.875883908906008,1.7440589729268319
Calgary,2025-07-04,0.8741570222763662,1.743669509223808
Calgary,2025-07-05,0.8718435289221806,1.6601858787626578
Calgary,2025-07-06,0.8716909023117076,1.568762816927666
Calgary,2025-07-07,0.8790313620228885,1.711414419630065
Calgary,2025-07-08,0.8820429104477612,1.7902868470149254
Calgary,2025-07-09,0.8876727066817667,1.799898074745187
Calgary,2025-07-10,0.8918182524444247,1.801022163523967
Calgary,2025-07-11,0.8914806487875382,1.703939067195852
Calgary,2025-07-12,0.8895881142208237,1.6682497811635004
Calgary,2025-07-13,0.8839923465809304,1.648335493572587
Calgary,2025-07-14,0.8857874681139186,1.6414797241263477
Calgary,2025-07-15,0.8869335071996111,1.7058823529411764
Calgary,2025-07-16,0.895821251545557,1.7168266021818341
Calgary,2025-07-17,0.898411031011734,1.7574066271492639
Calgary,2025-07-18,0.8970727475804668,1.8199028217964928
Calgary,2025-07-19,0.8903889923442996,1.8748706807366025
Calgary,2025-07-20,0.888332357969867,1.7654422986448186
Calgary,2025-07-21,0.8932618169627892,1.7861828137222036
Calgary,2025-07-22,0.8962251567293584,1.7752934507136189
Calgary,2025-07-23,0.8959057259404744,1.6866538054784013
Calgary,2025-07-24,0.8924261718513128,1.6858672223416629
Calgary,2025-07-25,0.8968844513268894,1.759639305220906
Calgary,2025-07-26,0.8980619061059366,1.8145521685953523
Calgary,2025-07-27,0.896945867905363,1.759207477830151
Calgary,2025-07-28,0.8954537686807825,1.7388190933997785
Calgary,2025-07-29,0.8994149829067932,1.7653573958095152
Calgary,2025-07-30,0.8969459855984081,1.7581353254973384
Calgary,2025-07-31,0.8992443324937027,1.822198064430598
Calgary,2025-08-01,0.8982179744952764,1.686583854353155
Calgary,2025-08-02,0.89573721981453,1.7645044037466797
Calgary,2025-08-03,0.8945918448999188,1.6409023880016917
Calgary,2025-08-04,0.8973358035644391,1.7077473057954753
Calgary,2025-08-05,0.8968768536428111,1.6564848484848484
Calgary,2025-08-06,0.9018158656908342,1.7143526697191478
Calgary,2025-08-07,0.9015290011633704,1.7204943137301456
Calgary,2025-08-08,0.9003780619836386,1.7887426688975991
Calgary,2025-08-09,0.9032814911945823,1.762925954819327
Calgary,2025-08-10,0.9018693558414735,1.7511881052487381
Calgary,2025-08-11,0.9039485676011024,1.7997496458806865
Calgary,2025-08-12,0.9081467287161238,1.785376402956474
Calgary,2025-08-13,0.9068181818181819,1.8941647883796644
Calgary,2025-08-14,0.9067792558595384,1.8156800172110867
Calgary,2025-08-15,0.9055224000842831,1.9705876884749103
Calgary,2025-08-16,0.9057779220454942,1.995961197533022
Calgary,2025-08-17,0.9012103994079309,1.915582400267386
Calgary,2025-08-18,0.9071842651267663,1.963114362345162
Calgary,2025-08-19,0.9065912243641031,2.0785409627527613
Calgary,2025-08-20,0.9062183336325051,2.026757537681168
Calgary,2025-08-21,0.9053641569967917,1.9695181553776497
Calgary,2025-08-22,0.9114082851118891,2.0653600352054857
Calgary,2025-08-23,0.9041898303528912,1.9255491873346988
Calgary,2025-08-24,0.89733085618279,1.6502858738938522
Calgary,2025-08-25,0.8943645640074211,1.6573215144643716
Calgary,2025-08-26,0.8963679109490452,1.6622589002974764
Calgary,2025-08-27,0.8950681209265207,1.6691907195926046
Calgary,2025-08-28,0.8951595438313559,1.6860730330607072
Calgary,2025-08-29,0.8938794563794564,1.6976303226303227
Calgary,2025-08-30,0.8962713737407623,1.6418782251778472
Calgary,2025-08-31,0.8936511532220409,1.5907298423074612
Calgary,2025-09-01,0.8923435182046688,1.5633828857184362
Calgary,2025-09-02,0.8960355676629705,1.6620064842880713
Calgary,2025-09-03,0.892329079986098,1.6408867484236136
Calgary,2025-09-04,0.8946575472309941,1.6045866570882659
Calgary,2025-09-05,0.8947333257958084,1.5357587032716284
Calgary,2025-09-06,0.8936213561521181,1.587631961311008
Calgary,2025-09-07,0.887963651822723,1.4423849505792325
Calgary,2025-09-08,0.8923617400850831,1.51620694387265
Calgary,2025-09-09,0.8939978424539544,1.4854873964293178
Calgary,2025-09-10,0.8928786843057622,1.5640412906487136
Calgary,2025-09-11,0.8940500756216591,1.7370386925719323
Calgary,2025-09-12,0.893645266056632,1.7424085256671482
Calgary,2025-09-13,0.892366506350968,1.6875200394623258
Calgary,2025-09-14,0.8868205036241735,1.6154963064089733
Calgary,2025-09-15,0.8926446679649117,1.7117300603267052
Calgary,2025-09-16,0.895348984610704,1.7379636437390664
Calgary,2025-09-17,0.8912129170558039,1.6797563008881728
Calgary,2025-09-18,0.894287964967343,1.6951761867250543
Calgary,2025-09-19,0.8905436706225276,1.716297105975432
Calgary,2025-09-20,0.8921866753788545,1.6748071171873036
Calgary,2025-09-21,0.8901567036524862,1.6349873182113106
Calgary,2025-09-22,0.8915096192883429,1.706654268763833
Calgary,2025-09-23,0.8977218733546506,1.7280181325525548
Calgary,2025-09-24,0.8942981903682243,1.6851688569789087
Calgary,2025-09-25,0.8939850806479184,1.6711999070104544
Calgary,2025-09-26,0.8943411941583788,1.678407318261066
Calgary,2025-09-27,0.8901138877752536,1.6851827104399602
Calgary,2025-09-28,0.8937321441239254,1.6648738238499687
Calgary,2025-09-29,0.8927406199021207,1.7056343330405321
Calgary,2025-09-30,0.8998390957340356,1.7961559090290509
Calgary,2025-10-01,0.8948892994707669,1.7544702971847306
Calgary,2025-10-02,0.8934277792913348,1.7035449286046251
Calgary,2025-10-03,0.8929492831716795,1.6776395284282029
Calgary,2025-10-04,0.8946792763157895,1.6936759868421052
Calgary,2025-10-05,0.8916655409968931,1.59886918430752
Calgary,2025-10-06,0.8891692815854666,1.667494632535095
Calgary,2025-10-07,0.893030845518924,1.752974445905483
Calgary,2025-10-08,0.8943101524730384,1.7282193448054364
Calgary,2025-10-09,0.8931616153526941,1.7481016620922123
Calgary,2025-10-10,0.8937960990001639,1.7625962956892314
Calgary,2025-10-11,0.8940397350993378,1.8824893176832629
Calgary,2025-10-12,0.8847107438016529,1.4027318640955004
Calgary,2025-10-13,0.8840479529160824,1.3003870993225761
Calgary,2025-10-14,0.8917391260541455,1.5186547238818753
Calgary,2025-10-15,0.8902904312075571,1.5404372065492997
Calgary,2025-10-16,0.8960719495248535,1.6361870894794535
Calgary,2025-10-17,0.8975467976886613,1.6718885159683057
Calgary,2025-10-18,0.8949731430741685,1.7199622917910042
Calgary,2025-10-19,0.886005288414455,1.7045972830420975
Calgary,2025-10-20,0.8894920256872959,1.7253446524982283
Calgary,2025-10-21,0.8931292612403257,1.7411703427689966
Calgary,2025-10-22,0.8889902751403651,1.6842832129029075
Calgary,2025-10-23,0.891955138761289,1.8430550018201044
Calgary,2025-10-24,0.8920651860145733,1.7710004461200675
Calgary,2025-10-25,0.8870071837519976,1.6607422693208795
Calgary,2025-10-26,0.8870629564831014,1.6243369713127274
Calgary,2025-10-27,0.8904110582501741,1.7652877697841727
Calgary,2025-10-28,0.8949998067184661,1.8569426726970506
Calgary,2025-10-29,0.8907660550022355,1.724865157957821
Calgary,2025-10-30,0.896039182685489,1.8359697809211335
Calgary,2025-10-31,0.8945144287633637,1.9301011678513602
Calgary,2025-11-01,0.8874531185981279,1.637713133095906
Calgary,2025-11-02,0.8890039659484175,1.7831274576670793
Calgary,2025-11-03,0.8891048195728664,1.7930099828164634
Calgary,2025-11-04,0.8944969998912646,1.7644692229372398
Calgary,2025-11-05,0.8945799606213083,1.8178097425800335
Calgary,2025-11-06,0.8949435788624587,1.8343138716210885
Calgary,2025-11-07,0.8935120617792619,1.8277161915539653
Calgary,2025-11-08,0.8958742471178892,1.8218719956614269
Calgary,2025-11-09,0.8948925950435345,1.7096831758258917
Calgary,2025-11-10,0.8950296735905044,1.8867787668974612
Calgary,2025-11-11,0.8985323886639676,1.8588141025641025
Calgary,2025-11-12,0.8901781378587676,1.6305109004012575
Calgary,2025-11-13,0.8958531611148879,1.751335340390405
Calgary,2025-11-14,0.8965294885997256,1.668730675749409
Calgary,2025-11-15,0.897113314606292,1.785511352268453
Calgary,2025-11-16,0.894545308159897,1.6733947908699327
Calgary,2025-11-17,0.8978811660178049,1.745933262441888
Calgary,2025-11-18,0.8915203426124197,1.6751434689507494
Calgary,2025-11-19,0.8986866350413611,1.7833849531501156
Calgary,2025-11-20,0.8972676598427287,1.7679169846378446
Calgary,2025-11-21,0.8954677131404318,1.660347963755179
Calgary,2025-11-22,0.8896985698569857,1.6989130913091308
Calgary,2025-11-23,0.8884561051092983,1.6243273478520044
Calgary,2025-11-24,0.8927181412985025,1.7100199615353064
Calgary,2025-11-25,0.8871156130070768,1.7012357311818458
Calgary,2025-11-26,0.9000239155230141,1.6951966591854004
Calgary,2025-11-27,0.9023868051700896,1.7605000925118284
Calgary,2025-11-28,0.8963049397121743,1.6008168028004668
Calgary,2025-11-29,0.8928418973591157,1.507170845146698
Calgary,2025-11-30,0.8920647289191023,1.5130687123405455
Calgary,2025-12-01,0.8950813461578936,1.5217589571976793
Calgary,2025-12-02,0.8977356805289856,1.521773328089693
Calgary,2025-12-03,0.8920961228087139,1.5356964887358409
Calgary,2025-12-04,0.8937383364651337,1.4827557260288127
Calgary,2025-12-05,0.8963161308136361,1.519421060404667
Calgary,2025-12-06,0.8911728843619524,1.565917012550343
Calgary,2025-12-07,0.8925059469179044,1.5039927076114306
Calgary,2025-12-08,0.8994844634757867,1.5318900188748346
Calgary,2025-12-09,0.8991163978531336,1.5407044234734988
Calgary,2025-12-10,0.8988308870794943,1.6875535676023141
Calgary,2025-12-11,0.8979582162326889,1.7155182338401112
Calgary,2025-12-12,0.8986368987104714,1.6767751083525069
Calgary,2025-12-13,0.8852116813547607,1.5615897701745292
Calgary,2025-12-14,0.8882840800149272,1.5192927596656822
Calgary,2025-12-15,0.8896538942050275,1.5447699721303148
Calgary,2025-12-16,0.8866140224934195,1.4089016511127064
Calgary,2025-12-17,0.881703479449928,1.4621034340683947
Calgary,2025-12-18,0.8817783045380123,1.7022189096063145
Calgary,2025-12-19,0.8882245772497498,1.61109542993508
Calgary,2025-12-20,0.8764234859217014,1.551421813914746
Calgary,2025-12-21,0.8697711466648395,1.4346329096577477
Calgary,2025-12-22,0.8755972246336272,1.5178990553722889
Calgary,2025-12-23,0.884579955222879,1.5937177821294144
Calgary,2025-12-24,0.8819489883840707,1.5891083656717868
Calgary,2025-12-25,0.8885579262189166,1.630354467086066
Calgary,2025-12-26,0.8773130925646574,1.6558090960594665
Calgary,2025-12-27,0.8816473129549507,1.6095300786717197
Calgary,2025-12-28,0.8873766173988646,1.6447667877052115
Calgary,2025-12-29,0.8830651514865027,1.668198233970541
Calgary,2025-12-30,0.8890682656826568,1.6463601584545258
Calgary,2025-12-31,0.8943939251898378,1.6545688304383346
Edmonton,2023-02-28,0.7249731198008036,0.9743081885575237
Edmonton,2023-03-01,0.746535784087665,1.4390276039264773
Edmonton,2023-03-02,0.7458189004823937,1.5273179335699258
Edmonton,2023-03-03,0.7413930976430977,1.4784722222222222
Edmonton,2023-03-04,0.7406122085780388,1.4699234739277451
Edmonton,2023-03-05,0.736974016565174,1.3221397662078282
Edmonton,2023-03-06,0.7442111790238285,1.3445300735228984
Edmonton,2023-03-07,0.8296818616982105,1.4178142720377054
Edmonton,2023-03-08,0.8505983733930698,1.518597001069605
Edmonton,2023-03-09,0.7436098123622582,1.4493625260035838
Edmonton,2023-03-10,0.7364016736401674,1.3312125264202217
Edmonton,2023-03-11,0.7279976019184652,1.2795763389288568
Edmonton,2023-03-12,0.723684453215781,1.2880277403766347
Edmonton,2023-03-13,0.7331946406077031,1.3379012864068405
Edmonton,2023-03-14,0.7468159083725341,1.3500176635739918
Edmonton,2023-03-15,0.7497748423896727,1.3652699746965733
Edmonton,2023-03-16,0.7572089227421109,1.5745919477693144
Edmonton,2023-03-17,0.762324437108779,1.6125003892747034
Edmonton,2023-03-18,0.7560186848724398,1.5691699604743083
Edmonton,2023-03-19,0.7524286968589798,1.4464270541252442
Edmonton,2023-03-20,0.7650110586243617,1.6060672255140211
Edmonton,2023-03-21,0.7651330376940133,1.639689578713969
Edmonton,2023-03-22,0.7651000522546337,1.597731534134571
Edmonton,2023-03-23,0.770669391926418,1.62769545222279
Edmonton,2023-03-24,0.7707318344058568,1.7494463694864915
Edmonton,2023-03-25,0.7606152077044703,1.688371424464568
Edmonton,2023-03-26,0.7560801320750068,1.4038390459059211
Edmonton,2023-03-27,0.772438007461049,1.584441518542901
Edmonton,2023-03-28,0.7742920599666852,1.5378956135480288
Edmonton,2023-03-29,0.7684742710714039,1.5247362467391554
Edmonton,2023-03-30,0.7682334231567787,1.6330785881521404
Edmonton,2023-03-31,0.7618657346028685,1.4781246233578402
Edmonton,2023-04-01,0.7607336733015299,1.5684871415254702
Edmonton,2023-04-02,0.7673683021425612,1.5003577211281394
Edmonton,2023-04-03,0.7827574047954866,1.4855077574047955
Edmonton,2023-04-04,0.7671088155886842,1.4609109050358022
Edmonton,2023-04-05,0.7523103887826641,1.456554068408753
Edmonton,2023-04-06,0.7570938215102975,1.5581693363844393
Edmonton,2023-04-07,0.7539463057683365,1.682313208193632
Edmonton,2023-04-08,0.7593610597936287,1.5369260577659623
Edmonton,2023-04-09,0.7477369657933676,1.3823222212551136
Edmonton,2023-04-10,0.75610655359941,1.5318462531108858
Edmonton,2023-04-11,0.7589316826203701,1.5146657921167523
Edmonton,2023-04-12,0.756205533596838,1.5652625635234332
Edmonton,2023-04-13,0.7656326049645208,1.690498757588954
Edmonton,2023-04-14,0.7695681337392292,1.849672359527372
Edmonton,2023-04-15,0.7627018365586097,1.7646986318254654
Edmonton,2023-04-16,0.7552881381269153,1.6499987542666368
Edmonton,2023-04-17,0.7661155931755059,1.745774368469779
Edmonton,2023-04-18,0.7740940417963539,1.6973654957759003
Edmonton,2023-04-19,0.7805004220098559,1.3519017669961066
Edmonton,2023-04-20,0.8025078369905956,1.6442429890705752
Edmonton,2023-04-21,0.7971797716617157,1.6658315736730969
Edmonton,2023-04-22,0.7881663410549818,1.5679598102149037
Edmonton,2023-04-23,0.7672828564193467,1.362066345910357
Edmonton,2023-04-24,0.7827045951859957,1.5421794310722101
Edmonton,2023-04-25,0.793300262396813,1.6860814770833732
Edmonton,2023-04-26,0.794519280586189,1.6535230552882836
Edmonton,2023-04-27,0.7977559558192862,1.6506677869383326
Edmonton,2023-04-28,0.7932286913670378,1.6378536229238911
Edmonton,2023-04-29,0.7703552417863403,1.3934355048807552
Edmonton,2023-04-30,0.7714518034396527,1.4460502293613169
Edmonton,2023-05-01,0.7767692205462157,1.566668881653266
Edmonton,2023-05-02,0.785872459336198,1.6958189439274511
Edmonton,2023-05-03,0.7818698589717341,1.608649573061313
Edmonton,2023-05-04,0.7928854488343429,1.7103550648765424
Edmonton,2023-05-05,0.7922545440765957,1.7547777539188318
Edmonton,2023-05-06,0.7883323713071312,1.7152883454898462
Edmonton,2023-05-07,0.7798054474708171,1.5864461738002593
Edmonton,2023-05-08,0.788115527305418,1.6985324841409524
Edmonton,2023-05-09,0.7927405844760191,1.6981199975181485
Edmonton,2023-05-10,0.792862281663895,1.7167439172534174
Edmonton,2023-05-11,0.7966336434610702,1.739492701015268
Edmonton,2023-05-12,0.7940514703413073,1.7555214758264024
Edmonton,2023-05-13,0.7840414733178654,1.6410721191028617
Edmonton,2023-05-14,0.7726079604250271,1.5807652507508645
Edmonton,2023-05-15,0.7849763421403333,1.7134159015050556
Edmonton,2023-05-16,0.7885407768453847,1.7423496306718256
Edmonton,2023-05-17,0.7784996279190636,1.6648909153191036
Edmonton,2023-05-18,0.7861003139918993,1.7501721702793245
Edmonton,2023-05-19,0.7826112174467839,1.773667420683255
Edmonton,2023-05-20,0.7785587274125336,1.722366397539408
Edmonton,2023-05-21,0.7690311836261826,1.6166610349488317
Edmonton,2023-05-22,0.7723009242902568,1.600423965444537
Edmonton,2023-05-23,0.7793770542430459,1.65597908808153
Edmonton,2023-05-24,0.7806652462382566,1.699380678493757
Edmonton,2023-05-25,0.7817795443785027,1.7236432102707524
Edmonton,2023-05-26,0.778675900214725,1.6905936976537643
Edmonton,2023-05-27,0.7736805845747264,1.6860960211422698
Edmonton,2023-05-28,0.7654674928327013,1.5063118468510126
Edmonton,2023-05-29,0.7783047640387895,1.6290971107044603
Edmonton,2023-05-30,0.7761748029982702,1.591665865846627
Edmonton,2023-05-31,0.7757264445391411,1.6271090789731304
Edmonton,2023-06-01,0.7757925536816883,1.6502165699013915
Edmonton,2023-06-02,0.7818487193329734,1.7548317437466259
Edmonton,2023-06-03,0.7710548662247627,1.6165194357485964
Edmonton,2023-06-04,0.76040804035233,1.5103390298376371
Edmonton,2023-06-05,0.771678260489128,1.6854902218138863
Edmonton,2023-06-06,0.7750876929513103,1.7652081567853426
Edmonton,2023-06-07,0.7782598459623987,1.7642462359443492
Edmonton,2023-06-08,0.7768473795874148,1.7556764320859477
Edmonton,2023-06-09,0.7759952197882727,1.7743041071488967
Edmonton,2023-06-10,0.7707523924130423,1.6885450690504842
Edmonton,2023-06-11,0.7632960852144048,1.5228217316642194
Edmonton,2023-06-12,0.7670640892078558,1.5821404226312201
Edmonton,2023-06-13,0.7722478449106489,1.5967702565551973
Edmonton,2023-06-14,0.7758618435673853,1.6933314159465571
Edmonton,2023-06-15,0.7775319192227479,1.6797014090238567
Edmonton,2023-06-16,0.7747039146550945,1.674758159298436
Edmonton,2023-06-17,0.7722030056547865,1.6014615084939852
Edmonton,2023-06-18,0.7645525940028558,1.5102213231794384
Edmonton,2023-06-19,0.7755171884772886,1.5595548579723144
Edmonton,2023-06-20,0.7816515410189595,1.631631644480957
Edmonton,2023-06-21,0.7822812139650138,1.6967172894330087
Edmonton,2023-06-22,0.7819161763287354,1.7338911932092216
Edmonton,2023-06-23,0.7786722683158673,1.6825601727435955
Edmonton,2023-06-24,0.7724289088761697,1.6045811756155175
Edmonton,2023-06-25,0.7769739666186904,1.5904981945812187
Edmonton,2023-06-26,0.7801172129368352,1.6408534327557809
Edmonton,2023-06-27,0.7774985349141235,1.6085177838885634
Edmonton,2023-06-28,0.7795730820682836,1.7220380387366951
Edmonton,2023-06-29,0.7801653074234464,1.7493899892286386
Edmonton,2023-06-30,0.7820994636406757,1.7623478186837913
Edmonton,2023-07-01,0.7753737780333525,1.6609761357101782
Edmonton,2023-07-02,0.7677912099288007,1.549799284555838
Edmonton,2023-07-03,0.7783485540334856,1.667315784761393
Edmonton,2023-07-04,0.7871245414122559,1.78857646586033
Edmonton,2023-07-05,0.786591300441716,1.7653539966559357
Edmonton,2023-07-06,0.7833990187404488,1.7695648676908229
Edmonton,2023-07-07,0.7791017950094535,1.7638827291613175
Edmonton,2023-07-08,0.7764075632714783,1.7442531093579658
Edmonton,2023-07-09,0.7685895176872319,1.6003086607283907
Edmonton,2023-07-10,0.7765254929413137,1.6960331349900828
Edmonton,2023-07-11,0.7788921729882143,1.7285217842965088
Edmonton,2023-07-12,0.7825077879686744,1.6835912774750847
Edmonton,2023-07-13,0.7844517580085645,1.7414895104006507
Edmonton,2023-07-14,0.786069090088056,1.75302927673666
Edmonton,2023-07-15,0.7857142857142857,1.761222101479562
Edmonton,2023-07-16,0.776071419422599,1.643773855572918
Edmonton,2023-07-17,0.7865176031294452,1.6352462660028448
Edmonton,2023-07-18,0.7935433854635248,1.8116039126356693
Edmonton,2023-07-19,0.7887979304298004,1.5367687272664137
Edmonton,2023-07-20,0.7877852261874959,1.5919816787664691
Edmonton,2023-07-21,0.7850460315831693,1.6169817832458095
Edmonton,2023-07-22,0.7811962241254116,1.5901345826743458
Edmonton,2023-07-23,0.7740610935195016,1.4857789846561493
Edmonton,2023-07-24,0.783045989490598,1.6812090155035393
Edmonton,2023-07-25,0.7740906686580168,1.5772737172905194
Edmonton,2023-07-26,0.7650898450688375,1.548974003076115
Edmonton,2023-07-27,0.764369977511532,1.5450191497363552
Edmonton,2023-07-28,0.7715867158671587,1.562633983482692
Edmonton,2023-07-29,0.7631634046045744,1.496897062887867
Edmonton,2023-07-30,0.7562017861144009,1.4113264620210622
Edmonton,2023-07-31,0.7599803426219564,1.4641444817286207
Edmonton,2023-08-01,0.7718621498391439,1.5533370879269244
Edmonton,2023-08-02,0.7716060380292183,1.5105762689903146
Edmonton,2023-08-03,0.7725777607459922,1.5418902088522706
Edmonton,2023-08-04,0.772767237199977,1.5226583620243388
Edmonton,2023-08-05,0.7705508533888261,1.4883213109246833
Edmonton,2023-08-06,0.7670471014492753,1.4163586956521739
Edmonton,2023-08-07,0.7732761753725179,1.5016602240063435
Edmonton,2023-08-08,0.7749324936164659,1.5663438868992747
Edmonton,2023-08-09,0.7756558403754212,1.5725967221212709
Edmonton,2023-08-10,0.7783358320839581,1.5472357571214392
Edmonton,2023-08-11,0.7772949946751864,1.59678381256656
Edmonton,2023-08-12,0.7718114084281366,1.480822384233296
Edmonton,2023-08-13,0.7697915782324476,1.4179047457339333
Edmonton,2023-08-14,0.7754498835472652,1.477800871045568
Edmonton,2023-08-15,0.7793934727240419,1.5541274260103852
Edmonton,2023-08-16,0.7802810734168769,1.5513042390375111
Edmonton,2023-08-17,0.7914976570729758,1.6183874365835644
Edmonton,2023-08-18,0.7866834602393085,1.6272055876796245
Edmonton,2023-08-19,0.7894479427767929,1.641156691324815
Edmonton,2023-08-20,0.7784107910138718,1.4727890749362664
Edmonton,2023-08-21,0.7898716214718077,1.688543491275138
Edmonton,2023-08-22,0.7854480038146431,1.6152087216611037
Edmonton,2023-08-23,0.7855924105924106,1.6092797342797343
Edmonton,2023-08-24,0.7885536207818205,1.5636067923069048
Edmonton,2023-08-25,0.7865306379230802,1.6440884116931593
Edmonton,2023-08-26,0.7824179080661523,1.6133102339947798
Edmonton,2023-08-27,0.7779717736068674,1.4840457084018848
Edmonton,2023-08-28,0.7865915059134796,1.5912591071534345
Edmonton,2023-08-29,0.7903494716785033,1.5864368612506496
Edmonton,2023-08-30,0.7811360326245267,1.4000466064666472
Edmonton,2023-08-31,0.7929926068788171,1.595937950164887
Edmonton,2023-09-01,0.7849513876035668,1.444751712049124
Edmonton,2023-09-02,0.7815767803359316,1.484630396281966
Edmonton,2023-09-03,0.7733817555377076,1.3919754164193177
Edmonton,2023-09-04,0.7836260578890293,1.4921461871275727
Edmonton,2023-09-05,0.7825198275403205,1.466780220365146
Edmonton,2023-09-06,0.7776151065164779,1.5338671606561296
Edmonton,2023-09-07,0.776747423260765,1.511704076723882
Edmonton,2023-09-08,0.7775621208247135,1.4291392575718835
Edmonton,2023-09-09,0.7718365573695523,1.4470663556957972
Edmonton,2023-09-10,0.7709585767068665,1.348141012352604
Edmonton,2023-09-11,0.7824522710042043,1.4227307188641534
Edmonton,2023-09-12,0.7719338953773172,1.393160079408049
Edmonton,2023-09-13,0.778900312919088,1.3780062583817614
Edmonton,2023-09-14,0.777112601106854,1.5150995104299703
Edmonton,2023-09-15,0.7693943889349448,1.4689231641869192
Edmonton,2023-09-16,0.7763356252527852,1.4906913752742337
Edmonton,2023-09-17,0.7727222878867267,1.4588080470834806
Edmonton,2023-09-18,0.7762706503491399,1.437580594146128
Edmonton,2023-09-19,0.7761184758165712,1.536110524419486
Edmonton,2023-09-20,0.7770555915118633,1.4129497789834615
Edmonton,2023-09-21,0.7759313223596125,1.5141371977632512
Edmonton,2023-09-22,0.7856199899288213,1.5742477237775085
Edmonton,2023-09-23,0.7788414980009131,1.4957735567145802
Edmonton,2023-09-24,0.7739634598530304,1.4427290500910133
Edmonton,2023-09-25,0.7769036872032359,1.5160208687496337
Edmonton,2023-09-26,0.7736947768892044,1.5004270328427076
Edmonton,2023-09-27,0.7772609300751031,1.5484032749476535
Edmonton,2023-09-28,0.772216908080532,1.478022228295527
Edmonton,2023-09-29,0.7734441821478668,1.4582663336640551
Edmonton,2023-09-30,0.7765342704844568,1.4651870371243927
Edmonton,2023-10-01,0.77776252231112,1.4339778074565948
Edmonton,2023-10-02,0.7738780020148841,1.434034209699609
Edmonton,2023-10-03,0.7835072865727563,1.581271440040873
Edmonton,2023-10-04,0.7821413532501496,1.548713459364819
Edmonton,2023-10-05,0.788514609082221,1.5162090478593748
Edmonton,2023-10-06,0.7936366846469493,1.51773472792139
Edmonton,2023-10-07,0.7902370342018208,1.5334499822292698
Edmonton,2023-10-08,0.7823921789613011,1.4464990105757007
Edmonton,2023-10-09,0.7853469050102507,1.5616180508098647
Edmonton,2023-10-10,0.7835827573093529,1.536742500503322
Edmonton,2023-10-11,0.7806953339432754,1.5660872217139372
Edmonton,2023-10-12,0.790688899707887,1.7017283349561831
Edmonton,2023-10-13,0.7885778078823913,1.6589147286821706
Edmonton,2023-10-14,0.77754330162808,1.4658021632973464
Edmonton,2023-10-15,0.7750366132908268,1.4144300868200244
Edmonton,2023-10-16,0.7803223790307025,1.4567396353366924
Edmonton,2023-10-17,0.7834441703716477,1.4353758837598123
Edmonton,2023-10-18,0.7838460722029323,1.4298591421163556
Edmonton,2023-10-19,0.781657634682818,1.3762384443736053
Edmonton,2023-10-20,0.7773095003020881,1.3494422422304417
Edmonton,2023-10-21,0.7794342936143183,1.367940813810111
Edmonton,2023-10-22,0.768129797433979,1.3038143929947072
Edmonton,2023-10-23,0.7759908864502603,1.3672506044392199
Edmonton,2023-10-24,0.7801131770412287,1.3882010706624486
Edmonton,2023-10-25,0.7759907430649516,1.4312005240698678
Edmonton,2023-10-26,0.7766748065550619,1.438588955250228
Edmonton,2023-10-27,0.7764811379856769,1.4197611998968147
Edmonton,2023-10-28,0.7733231452517968,1.3088003533990782
Edmonton,2023-10-29,0.7735291173549137,1.31053891938924
Edmonton,2023-10-30,0.7808442749211472,1.469522482212279
Edmonton,2023-10-31,0.7821856351878482,1.429704385564578
Edmonton,2023-11-01,0.7811769800528676,1.4039767960087692
Edmonton,2023-11-02,0.7845036089954568,1.4399654750500328
Edmonton,2023-11-03,0.7760624199125841,1.4086696273411856
Edmonton,2023-11-04,0.7700567415587389,1.3757495568390965
Edmonton,2023-11-05,0.7698041784960327,1.3309456213146975
Edmonton,2023-11-06,0.778765413178547,1.35336487806747
Edmonton,2023-11-07,0.78428938849151,1.342913078527466
Edmonton,2023-11-08,0.7793131773496913,1.3455112748085536
Edmonton,2023-11-09,0.7843114719741476,1.3799563268589816
Edmonton,2023-11-10,0.7824361935216438,1.3899778264674338
Edmonton,2023-11-11,0.7697271813895974,1.1521466110209444
Edmonton,2023-11-12,0.7686952725155844,1.3134353700244985
Edmonton,2023-11-13,0.7804362691991487,1.3928574172679007
Edmonton,2023-11-14,0.7816153200284183,1.3664906671833623
Edmonton,2023-11-15,0.7793738870516408,1.3127623378275248
Edmonton,2023-11-16,0.7817181337781173,1.3018425277860048
Edmonton,2023-11-17,0.7800203055660176,1.3227848101265822
Edmonton,2023-11-18,0.7756441752382179,1.275744859082891
Edmonton,2023-11-19,0.7718654774880856,1.2367271598946605
Edmonton,2023-11-20,0.7754738475889014,1.3094708351492075
Edmonton,2023-11-21,0.7748762641710295,1.3683554058455745
Edmonton,2023-11-22,0.7736954944526416,1.3564656683323686
Edmonton,2023-11-23,0.7797478619876143,1.3762828074314362
Edmonton,2023-11-24,0.7807611120259892,1.3781008129107595
Edmonton,2023-11-25,0.7784767275438581,1.3417378709837766
Edmonton,2023-11-26,0.7722326321993789,1.263475055642061
Edmonton,2023-11-27,0.7785358394178983,1.3264575648856887
Edmonton,2023-11-28,0.7783365268056153,1.3304579048214915
Edmonton,2023-11-29,0.7814012138890788,1.3443707603138793
Edmonton,2023-11-30,0.7892935845308668,1.3495840963406684
Edmonton,2023-12-01,0.7885143691483694,1.3543467279307457
Edmonton,2023-12-02,0.7835548677701937,1.2955688506922376
Edmonton,2023-12-03,0.7808862417517238,1.2626349998764304
Edmonton,2023-12-04,0.7768497907577242,1.2983349657198824
Edmonton,2023-12-05,0.7782375851996105,1.2821952445268083
Edmonton,2023-12-06,0.7807647206349851,1.282733798320353
Edmonton,2023-12-07,0.782939742711762,1.3581858749199196
Edmonton,2023-12-08,0.782878987372075,1.3523475372553713
Edmonton,2023-12-09,0.7764520698882418,1.3124744215331339
Edmonton,2023-12-10,0.7727716330513988,1.2380797471884004
Edmonton,2023-12-11,0.7797883512400032,1.3068980458107204
Edmonton,2023-12-12,0.7815211842776927,1.3219815746615133
Edmonton,2023-12-13,0.7843816887743388,1.3212759496670887
Edmonton,2023-12-14,0.7817662918770077,1.2868216498393759
Edmonton,2023-12-15,0.7775580437888395,1.253196894947604
Edmonton,2023-12-16,0.7745096506993827,1.2445026178010472
Edmonton,2023-12-17,0.7781757826723912,1.2248050199425857
Edmonton,2023-12-18,0.7747874339926609,1.218875861451714
Edmonton,2023-12-19,0.773564115513521,1.2186860107433084
Edmonton,2023-12-20,0.776932351773772,1.3423750645927102
Edmonton,2023-12-21,0.7829927792287602,1.362183829383092
Edmonton,2023-12-22,0.7812986975853146,1.3243956138218937
Edmonton,2023-12-23,0.7717410875045012,1.2423103468971313
Edmonton,2023-12-24,0.7750948255132989,1.2376494132065374
Edmonton,2023-12-25,0.7823840180143768,1.2634313923612113
Edmonton,2023-12-26,0.7849995324043767,1.2454877022351072
Edmonton,2023-12-27,0.7834850305818591,1.2718302419756111
Edmonton,2023-12-28,0.7760325318246111,1.263069306930693
Edmonton,2023-12-29,0.7813890007975203,1.3271559768801335
Edmonton,2023-12-30,0.7812173990248378,1.3102318044940329
Edmonton,2023-12-31,0.7804736637383768,1.2493082924180041
Edmonton,2024-01-01,0.7868157101624914,1.3880100779767506
Edmonton,2024-01-02,0.7799516753266192,1.3199050612611456
Edmonton,2024-01-03,0.7815548577942194,1.3710427491485835
Edmonton,2024-01-04,0.7812913772570254,1.4084060093646673
Edmonton,2024-01-05,0.7839751069622715,1.4035939323220537
Edmonton,2024-01-06,0.7820952684911833,1.332902954382249
Edmonton,2024-01-07,0.7765918571379322,1.2586203330230634
Edmonton,2024-01-08,0.779173626737717,1.3262145036376438
Edmonton,2024-01-09,0.7777239465686799,1.3318127764529708
Edmonton,2024-01-10,0.7810244624538485,1.3333218134586695
Edmonton,2024-01-11,0.7830898522471977,1.3508326696542132
Edmonton,2024-01-12,0.782577106351783,1.3625504005864795
Edmonton,2024-01-13,0.776796973518285,1.3018251808588306
Edmonton,2024-01-14,0.7754032308994228,1.256943655033913
Edmonton,2024-01-15,0.7809876526613657,1.2911807604670076
Edmonton,2024-01-16,0.774226798086102,1.267084819415406
Edmonton,2024-01-17,0.7637254846212023,1.2594976657435786
Edmonton,2024-01-18,0.767973157804753,1.2875758676696871
Edmonton,2024-01-19,0.7689140563073467,1.2616004881414697
Edmonton,2024-01-20,0.7631152545557017,1.242802461018223
Edmonton,2024-01-21,0.7594525933206001,1.2235800248484061
Edmonton,2024-01-22,0.7595827809130481,1.2695028804073636
Edmonton,2024-01-23,0.7676230500988682,1.3025480398176994
Edmonton,2024-01-24,0.7674067378075669,1.2252127612664256
Edmonton,2024-01-25,0.770573027704165,1.2450034812364057
Edmonton,2024-01-26,0.7693680065589672,1.275534359519163
Edmonton,2024-01-27,0.7659181021557325,1.2189162474039028
Edmonton,2024-01-28,0.7612589749585114,1.1807595138837403
Edmonton,2024-01-29,0.7679947913638954,1.2474625338619478
Edmonton,2024-01-30,0.7691430708537924,1.3050646044710397
Edmonton,2024-01-31,0.7755084791808792,1.303366920025839
Edmonton,2024-02-01,0.7774513818417039,1.2993169423228708
Edmonton,2024-02-02,0.7706830505944978,1.2283281926272325
Edmonton,2024-02-03,0.7638569323440448,1.2152219435898761
Edmonton,2024-02-04,0.764175977251665,1.1520604166306907
Edmonton,2024-02-05,0.7737618692980823,1.2452231893502141
Edmonton,2024-02-06,0.7741804960335552,1.2076228686058175
Edmonton,2024-02-07,0.7696838523495715,1.0679620536675711
Edmonton,2024-02-08,0.7854223623277353,1.1922599453216538
Edmonton,2024-02-09,0.7864812914601188,1.2400748630641827
Edmonton,2024-02-10,0.7794130651742739,1.190096896042043
Edmonton,2024-02-11,0.7839383924107346,1.1552267104741991
Edmonton,2024-02-12,0.7882480000517368,1.154970930420555
Edmonton,2024-02-13,0.791210876951012,1.2095799669743577
Edmonton,2024-02-14,0.7930591010437199,1.2293081720360617
Edmonton,2024-02-15,0.7870535246674348,1.2470317130727855
Edmonton,2024-02-16,0.7899006187657669,1.2331946760489394
Edmonton,2024-02-17,0.7826032917288118,1.19818405421671
Edmonton,2024-02-18,0.7818014204656115,1.1385278574860096
Edmonton,2024-02-19,0.7848713712532452,1.236470379985839
Edmonton,2024-02-20,0.7815873638998256,1.2285097391726032
Edmonton,2024-02-21,0.7812709150014342,1.249575724256621
Edmonton,2024-02-22,0.7792038419774093,1.2310671786317993
Edmonton,2024-02-23,0.7813316474314727,1.2065982414151253
Edmonton,2024-02-24,0.7838340119086918,1.1993788895817286
Edmonton,2024-02-25,0.782640925222548,1.158620825379332
Edmonton,2024-02-26,0.7865149266039915,1.230816427511133
Edmonton,2024-02-27,0.7796081056410881,1.185760360250715
Edmonton,2024-02-28,0.787136548682922,1.2276878922441137
Edmonton,2024-02-29,0.7821270396270397,1.2147377622377622
Edmonton,2024-03-01,0.7890650734333647,1.2353672804098184
Edmonton,2024-03-02,0.7838673499104637,1.2299751528933558
Edmonton,2024-03-03,0.7794068208135669,1.1659631691008927
Edmonton,2024-03-04,0.783874404261284,1.180470984020185
Edmonton,2024-03-05,0.7838024258366214,1.1858775390910419
Edmonton,2024-03-06,0.7842894204241923,1.2251279322959803
Edmonton,2024-03-07,0.7799705198016786,1.2349827626113121
Edmonton,2024-03-08,0.7821911597590631,1.2515294076084718
Edmonton,2024-03-09,0.7778839147393624,1.2602090489924132
Edmonton,2024-03-10,0.7721678876899203,1.1961215970743562
Edmonton,2024-03-11,0.7765720613754681,1.200018266508357
Edmonton,2024-03-12,0.7797869220995015,1.2647896100087967
Edmonton,2024-03-13,0.7814779085471735,1.2955045340536369
Edmonton,2024-03-14,0.7820515670972571,1.38725719071229
Edmonton,2024-03-15,0.779109065217708,1.210781243171588
Edmonton,2024-03-16,0.7706296370199721,1.0020860921145718
Edmonton,2024-03-17,0.7733126639637491,1.1099241031972054
Edmonton,2024-03-18,0.7779931953393777,1.2019159491361122
Edmonton,2024-03-19,0.7809885151763741,1.2683893902105552
Edmonton,2024-03-20,0.7865676208366242,1.1838680527390584
Edmonton,2024-03-21,0.7872472693889648,1.1665112513463305
Edmonton,2024-03-22,0.7886866297196848,1.193898636758596
Edmonton,2024-03-23,0.7900737708673804,1.1954698883509234
Edmonton,2024-03-24,0.7876464694864311,1.2015071655704141
Edmonton,2024-03-25,0.7843025116253736,1.11421121074096
Edmonton,2024-03-26,0.7899518318116663,1.1538282733060423
Edmonton,2024-03-27,0.7881122553540322,1.1676081053386618
Edmonton,2024-03-28,0.7963762220598172,1.1818783524772134
Edmonton,2024-03-29,0.7937130480594743,1.1184584089445648
Edmonton,2024-03-30,0.7946198306672969,1.1775008085180485
Edmonton,2024-03-31,0.778022409393854,1.0856864903612298
Edmonton,2024-04-01,0.7822736179470168,1.1362921018931387
Edmonton,2024-04-02,0.7784515852744597,1.0801278619824726
Edmonton,2024-04-03,0.7876581489991972,1.1486854369111228
Edmonton,2024-04-04,0.7953490110341863,1.228961702684269
Edmonton,2024-04-05,0.8007139490634874,1.2581388447640827
Edmonton,2024-04-06,0.7921279984933969,1.176798311348959
Edmonton,2024-04-07,0.7872136288114572,1.1502663827330946
Edmonton,2024-04-08,0.7900338928340865,1.2194399612653324
Edmonton,2024-04-09,0.7910224359484722,1.244383051225299
Edmonton,2024-04-10,0.7867487768663437,1.2184601903463719
Edmonton,2024-04-11,0.7809378402689012,1.149102873644842
Edmonton,2024-04-12,0.7770715930115956,1.0348714037540783
Edmonton,2024-04-13,0.7745365447737044,1.0275068189172947
Edmonton,2024-04-14,0.7876904079233378,1.1619767746737375
Edmonton,2024-04-15,0.7930943941184193,1.2472945854198316
Edmonton,2024-04-16,0.7859113383311553,1.1717370870492216
Edmonton,2024-04-17,0.784463358338142,1.2517455279861511
Edmonton,2024-04-18,0.7881192380815726,1.214642895576999
Edmonton,2024-04-19,0.7914315988430367,1.262178183796787
Edmonton,2024-04-20,0.7827932154456875,1.243247924936846
Edmonton,2024-04-21,0.7754817681808922,1.2208026074556937
Edmonton,2024-04-22,0.7839596966681053,1.3354794387831495
Edmonton,2024-04-23,0.7855531052874506,1.3138366070054874
Edmonton,2024-04-24,0.7846548102733782,1.3184439092037077
Edmonton,2024-04-25,0.7839669822059353,1.2843011258069017
Edmonton,2024-04-26,0.7853020392458638,1.2847412670994571
Edmonton,2024-04-27,0.781101610073753,1.279903009818419
Edmonton,2024-04-28,0.7736062302435234,1.2263496212054321
Edmonton,2024-04-29,0.7805143064107207,1.2830582432176059
Edmonton,2024-04-30,0.7864544928363582,1.276079699975421
Edmonton,2024-05-01,0.7832669832286121,1.249660255487873
Edmonton,2024-05-02,0.7851738865161684,1.237444434759871
Edmonton,2024-05-03,0.7859841217051685,1.284325513571593
Edmonton,2024-05-04,0.7829091107712476,1.2990769062704828
Edmonton,2024-05-05,0.7708709323311068,1.2439112880718923
Edmonton,2024-05-06,0.7785680234972089,1.2071306647803288
Edmonton,2024-05-07,0.7856512790355777,1.2169193934557063
Edmonton,2024-05-08,0.7906533788297315,1.2545451262886134
Edmonton,2024-05-09,0.7914172238366042,1.2420379513909126
Edmonton,2024-05-10,0.7896567792524987,1.2245396407108655
Edmonton,2024-05-11,0.7849417131745987,1.195258528012265
Edmonton,2024-05-12,0.7815390871200569,1.1771373386194979
Edmonton,2024-05-13,0.7816152581890456,1.1997248022015823
Edmonton,2024-05-14,0.7818044073694814,1.15943621635572
Edmonton,2024-05-15,0.7831603229527105,1.184050090624485
Edmonton,2024-05-16,0.7817242755175929,1.2767958740339003
Edmonton,2024-05-17,0.7814303427373062,1.2848209775437416
Edmonton,2024-05-18,0.7763495708318152,1.253518501258272
Edmonton,2024-05-19,0.7698910370213529,1.1740883105037705
Edmonton,2024-05-20,0.7742075518060447,1.2502252436727004
Edmonton,2024-05-21,0.7822583628681993,1.2962464206702133
Edmonton,2024-05-22,0.7863710149118368,1.318708473261874
Edmonton,2024-05-23,0.7851765474733625,1.3660500906603792
Edmonton,2024-05-24,0.7820924261874198,1.3843100783317177
Edmonton,2024-05-25,0.7767886580942961,1.3688163534454336
Edmonton,2024-05-26,0.7708128377318676,1.266556881531859
Edmonton,2024-05-27,0.7768974204815483,1.3050259097025394
Edmonton,2024-05-28,0.7799526181335541,1.3521386062310008
Edmonton,2024-05-29,0.7772685288849082,1.3631955329153604
Edmonton,2024-05-30,0.7717220908717105,1.3216038754111843
Edmonton,2024-05-31,0.7717509489488317,1.2695861085610485
Edmonton,2024-06-01,0.7714207961849471,1.2425487248600455
Edmonton,2024-06-02,0.7682656667837657,1.1902310675852972
Edmonton,2024-06-03,0.7716549970885231,1.2643336978597095
Edmonton,2024-06-04,0.7677561048243002,1.2466274568195355
Edmonton,2024-06-05,0.7681493143428874,1.3156156200341358
Edmonton,2024-06-06,0.7614166092724834,1.2421502881792148
Edmonton,2024-06-07,0.7731304738378622,1.22828009207276
Edmonton,2024-06-08,0.7666171270435095,1.1757363223052764
Edmonton,2024-06-09,0.76273681515617,1.161682347670251
Edmonton,2024-06-10,0.7653669418114519,1.2466169857923959
Edmonton,2024-06-11,0.7672018580228214,1.253990373287556
Edmonton,2024-06-12,0.7696703074433657,1.2743350525889967
Edmonton,2024-06-13,0.7694410000759166,1.2908178758508997
Edmonton,2024-06-14,0.7718240537033904,1.2754766740001129
Edmonton,2024-06-15,0.7700167672222302,1.1874776078762952
Edmonton,2024-06-16,0.7630076245950457,1.1756765600968617
Edmonton,2024-06-17,0.7693616089352849,1.2274920611745812
Edmonton,2024-06-18,0.7752139933010793,1.2194861404016595
Edmonton,2024-06-19,0.776989530293495,1.2817857619619735
Edmonton,2024-06-20,0.7771961603742636,1.2762191382236738
Edmonton,2024-06-21,0.7744467503647235,1.2551283895315786
Edmonton,2024-06-22,0.775711871018073,1.2824600182030945
Edmonton,2024-06-23,0.7720521237689879,1.2698865409338842
Edmonton,2024-06-24,0.7812084908552162,1.3176982221313989
Edmonton,2024-06-25,0.7821258442943476,1.3672733736224671
Edmonton,2024-06-26,0.7808367587547398,1.3495905426504795
Edmonton,2024-06-27,0.7828133895855535,1.3817389527160187
Edmonton,2024-06-28,0.7817415381468305,1.3836600208943666
Edmonton,2024-06-29,0.7778199641032721,1.3198674582355379
Edmonton,2024-06-30,0.7728312119311168,1.257138231782585
Edmonton,2024-07-01,0.778153462656994,1.323958965836822
Edmonton,2024-07-02,0.7765054744525547,1.3744786235662148
Edmonton,2024-07-03,0.7742151150891651,1.2914477903153183
Edmonton,2024-07-04,0.7779569760596546,1.3647836538461537
Edmonton,2024-07-05,0.7786820841786773,1.4027688194110541
Edmonton,2024-07-06,0.7764307037083004,1.354120805544487
Edmonton,2024-07-07,0.7748406357440873,1.2967233974868777
Edmonton,2024-07-08,0.7802364261001812,1.2919759332529492
Edmonton,2024-07-09,0.7663775435514566,1.2998157907578198
Edmonton,2024-07-10,0.7609790523850768,1.26983821469434
Edmonton,2024-07-11,0.7611242488013364,1.296438721714794
Edmonton,2024-07-12,0.7685977119328695,1.316159799859276
Edmonton,2024-07-13,0.7585841724552618,1.264348835400475
Edmonton,2024-07-14,0.75,1.1838416069466966
Edmonton,2024-07-15,0.7537687602366547,1.2022428719457166
Edmonton,2024-07-16,0.7612909375332911,1.2482127938727565
Edmonton,2024-07-17,0.7631771668349069,1.182035904439562
Edmonton,2024-07-18,0.7674625373977039,1.2293120120451433
Edmonton,2024-07-19,0.765912219483305,1.2426033229823608
Edmonton,2024-07-20,0.7671680315054915,1.1654836585219828
Edmonton,2024-07-21,0.7672788988820387,1.1514744360370555
Edmonton,2024-07-22,0.763662108378406,1.1825186243494235
Edmonton,2024-07-23,0.7654446950440936,1.1764221530089858
Edmonton,2024-07-24,0.7745340161697039,1.219974263654561
Edmonton,2024-07-25,0.7760357324670917,1.2497090979612615
Edmonton,2024-07-26,0.768874371788851,1.1540790792544877
Edmonton,2024-07-27,0.764963237145591,1.1721118497255376
Edmonton,2024-07-28,0.7598484468309329,1.1398291263110352
Edmonton,2024-07-29,0.770073868463549,1.2281491377689
Edmonton,2024-07-30,0.7752577833746868,1.1734660798224505
Edmonton,2024-07-31,0.780894011058557,1.1705564067831737
Edmonton,2024-08-01,0.7868646468960193,1.1490929099972897
Edmonton,2024-08-02,0.7928137412611403,1.316375307813703
Edmonton,2024-08-03,0.7895137298465331,1.2761338821721233
Edmonton,2024-08-04,0.7877732293195335,1.1274272032130996
Edmonton,2024-08-05,0.7880460104834013,1.1532615026208504
Edmonton,2024-08-06,0.7924175417405366,1.21972634053524
Edmonton,2024-08-07,0.7918986165942341,1.2531931128288492
Edmonton,2024-08-08,0.7915071236249983,1.2583379561352475
Edmonton,2024-08-09,0.7901724868759986,1.2674231308487398
Edmonton,2024-08-10,0.7883497077097298,1.3267453248859915
Edmonton,2024-08-11,0.7816897428652162,1.228878214184798
Edmonton,2024-08-12,0.7837657558193026,1.2417253197166254
Edmonton,2024-08-13,0.7864503263010366,1.2608494322917632
Edmonton,2024-08-14,0.7844833526482288,1.2850377423497352
Edmonton,2024-08-15,0.7829318418010486,1.289558495545254
Edmonton,2024-08-16,0.7884934101491595,1.2885328703338332
Edmonton,2024-08-17,0.7858949581256569,1.242647407859492
Edmonton,2024-08-18,0.7852667838817324,1.1915031038070976
Edmonton,2024-08-19,0.7837564641596226,1.1628382238760053
Edmonton,2024-08-20,0.7864186550137283,1.1594158062312283
Edmonton,2024-08-21,0.7906382682536368,1.1796408435999164
Edmonton,2024-08-22,0.7925397313404597,1.2330787058934822
Edmonton,2024-08-23,0.7935241135560369,1.2648560747439228
Edmonton,2024-08-24,0.7942843240228105,1.2600834327286536
Edmonton,2024-08-25,0.7914332904672806,1.221853154311695
Edmonton,2024-08-26,0.7922792061370715,1.2602309055477383
Edmonton,2024-08-27,0.7962140877934957,1.2912994020708766
Edmonton,2024-08-28,0.7910106124713879,1.2519374223612276
Edmonton,2024-08-29,0.7862674738295923,1.2495062796070888
Edmonton,2024-08-30,0.788857541265363,1.3177676168239452
Edmonton,2024-08-31,0.7903120298292667,1.315542617910643
Edmonton,2024-09-01,0.7871084822311822,1.2792184312682071
Edmonton,2024-09-02,0.78873063765086,1.2441912952580063
Edmonton,2024-09-03,0.793801315736921,1.2860272847092655
Edmonton,2024-09-04,0.7900431006829621,1.3064406067922945
Edmonton,2024-09-05,0.7904189311448903,1.3370634396114187
Edmonton,2024-09-06,0.7879318698520368,1.262432758128036
Edmonton,2024-09-07,0.7888318527581254,1.2638305229001543
Edmonton,2024-09-08,0.7802794158944116,1.2424740241505194
Edmonton,2024-09-09,0.7824176244721971,1.2769004094857828
Edmonton,2024-09-10,0.7864482032434172,1.2908143418599347
Edmonton,2024-09-11,0.7842368128752631,1.3449818630915855
Edmonton,2024-09-12,0.7822273629058821,1.3368313813204238
Edmonton,2024-09-13,0.7855775624105902,1.3030296924637155
Edmonton,2024-09-14,0.7788361395591044,1.2748148469594398
Edmonton,2024-09-15,0.7745218407467124,1.2171279381092555
Edmonton,2024-09-16,0.7808048540373295,1.2269637487526706
Edmonton,2024-09-17,0.7880278572281917,1.2982142982634912
Edmonton,2024-09-18,0.7864147262475706,1.3125632745357405
Edmonton,2024-09-19,0.7854479308776716,1.356904653630438
Edmonton,2024-09-20,0.7781498408676109,1.271218908849571
Edmonton,2024-09-21,0.7771140592561722,1.3013590794378458
Edmonton,2024-09-22,0.7733564905102184,1.199141908848053
Edmonton,2024-09-23,0.7769879434106907,1.2001610642630922
Edmonton,2024-09-24,0.7781591626219017,1.233487972969349
Edmonton,2024-09-25,0.7789283686560967,1.3225401882939147
Edmonton,2024-09-26,0.7779329382154746,1.376796297799789
Edmonton,2024-09-27,0.7723870862546878,1.3149600521767488
Edmonton,2024-09-28,0.7773013871374527,1.3198218789407314
Edmonton,2024-09-29,0.7775371890089426,1.2502652491176407
Edmonton,2024-09-30,0.7804931283603372,1.3301151699903238
Edmonton,2024-10-01,0.782423214679513,1.3502353558473952
Edmonton,2024-10-02,0.7795333303108612,1.3515512837950159
Edmonton,2024-10-03,0.777327687808285,1.3436378715788555
Edmonton,2024-10-04,0.777993680469851,1.3477492144351373
Edmonton,2024-10-05,0.7765446782294706,1.302270063062061
Edmonton,2024-10-06,0.775267262304395,1.2270567577338223
Edmonton,2024-10-07,0.781585995419788,1.3459515584365176
Edmonton,2024-10-08,0.7833508152951273,1.36949643281292
Edmonton,2024-10-09,0.7829739198131569,1.391957960295835
Edmonton,2024-10-10,0.7831372929268821,1.3494193375151973
Edmonton,2024-10-11,0.7875019593500183,1.4290939219096386
Edmonton,2024-10-12,0.7831312915648551,1.3947919879170323
Edmonton,2024-10-13,0.7784051912397829,1.3334529231921133
Edmonton,2024-10-14,0.7824592387019458,1.2713031000662272
Edmonton,2024-10-15,0.7909371441772967,1.3506741035330616
Edmonton,2024-10-16,0.7890944087132059,1.3366117396679342
Edmonton,2024-10-17,0.7877946509519492,1.3329070068643958
Edmonton,2024-10-18,0.7842027470348607,1.2730181333141064
Edmonton,2024-10-19,0.7855545065618807,1.2721628264992813
Edmonton,2024-10-20,0.7864902988351129,1.2687554297564667
Edmonton,2024-10-21,0.7913552434890625,1.4453439164578816
Edmonton,2024-10-22,0.7922423522423523,1.5618176418176417
Edmonton,2024-10-23,0.780860006466214,1.4855911197327298
Edmonton,2024-10-24,0.7787321470593559,1.4384989953478269
Edmonton,2024-10-25,0.7826142421067019,1.399945327805367
Edmonton,2024-10-26,0.7814594289191186,1.3570776652614194
Edmonton,2024-10-27,0.7714893767330142,1.2854241359213012
Edmonton,2024-10-28,0.7807077721074207,1.3450514515184473
Edmonton,2024-10-29,0.7847658923467128,1.331889367526873
Edmonton,2024-10-30,0.7831866691630781,1.3052799101291892
Edmonton,2024-10-31,0.7834254419549223,1.3394480141159237
Edmonton,2024-11-01,0.78505029277428,1.3432873763865467
Edmonton,2024-11-02,0.7819945541184479,1.2865214431586114
Edmonton,2024-11-03,0.7805325093468934,1.2782414053186053
Edmonton,2024-11-04,0.7800791193112728,1.3604630425266298
Edmonton,2024-11-05,0.7842946001694943,1.3797710228817217
Edmonton,2024-11-06,0.7792796700393524,1.2215089548354534
Edmonton,2024-11-07,0.7821034988137556,1.3387071960096844
Edmonton,2024-11-08,0.7831627409873803,1.3522670284046532
Edmonton,2024-11-09,0.7816169438913886,1.294268424600624
Edmonton,2024-11-10,0.7789837275997021,1.235482388731323
Edmonton,2024-11-11,0.7821048675925855,1.2635034089253256
Edmonton,2024-11-12,0.7791838350660586,1.2845799668607123
Edmonton,2024-11-13,0.7828731000562946,1.3479896891943943
Edmonton,2024-11-14,0.7825081014801624,1.301134207222725
Edmonton,2024-11-15,0.7806074662147094,1.3338462453354742
Edmonton,2024-11-16,0.7786634013522661,1.3057733699413612
Edmonton,2024-11-17,0.77323761200475,1.2125121450933822
Edmonton,2024-11-18,0.7815373732610233,1.2976892242395661
Edmonton,2024-11-19,0.7867614768773435,1.2943282775394385
Edmonton,2024-11-20,0.7812856450882045,1.3078173096454633
Edmonton,2024-11-21,0.7812702907790877,1.330683960603619
Edmonton,2024-11-22,0.7839705882352941,1.3753513071895425
Edmonton,2024-11-23,0.7752068047312581,1.307990884731926
Edmonton,2024-11-24,0.7727742519624508,1.222920741759415
Edmonton,2024-11-25,0.7824516605909924,1.319451677390092
Edmonton,2024-11-26,0.7825000224773653,1.34341817789486
Edmonton,2024-11-27,0.7809068174404697,1.374766475234019
Edmonton,2024-11-28,0.7804278202457534,1.3439447192372282
Edmonton,2024-11-29,0.7813911920957252,1.2906426360822865
Edmonton,2024-11-30,0.7778800453856591,1.233244201823361
Edmonton,2024-12-01,0.776948918507043,1.2277912958550488
Edmonton,2024-12-02,0.7804350354774922,1.2882090651777751
Edmonton,2024-12-03,0.7880510960507493,1.3082742077655594
Edmonton,2024-12-04,0.785781990521327,1.373773398342937
Edmonton,2024-12-05,0.7842570861166276,1.4105642506978489
Edmonton,2024-12-06,0.7787295599268199,1.2794599424203317
Edmonton,2024-12-07,0.777855091532457,1.2805435016383488
Edmonton,2024-12-08,0.7810740170206318,1.2793694285209223
Edmonton,2024-12-09,0.7825418162165159,1.3325480522720028
Edmonton,2024-12-10,0.7837668866659792,1.3279300299061565
Edmonton,2024-12-11,0.7845587917615617,1.2807352133365428
Edmonton,2024-12-12,0.7918208387923463,1.4875318542407532
Edmonton,2024-12-13,0.790752487924111,1.4311892568236046
Edmonton,2024-12-14,0.7840922127966851,1.35596137104448
Edmonton,2024-12-15,0.7834925675855995,1.26906807931467
Edmonton,2024-12-16,0.7932383529488475,1.3630358947608645
Edmonton,2024-12-17,0.7882811851605942,1.3665800545209625
Edmonton,2024-12-18,0.7885396721617709,1.459133637109633
Edmonton,2024-12-19,0.7892452026271998,1.6088623775031956
Edmonton,2024-12-20,0.7793454931665474,1.3911109799901167
Edmonton,2024-12-21,0.781236470690103,1.3309882529511934
Edmonton,2024-12-22,0.7790770982896422,1.2676306495020777
Edmonton,2024-12-23,0.7850646623510159,1.3758526306642915
Edmonton,2024-12-24,0.7836919285607897,1.38111518827942
Edmonton,2024-12-25,0.7828743802640225,1.2765904067857357
Edmonton,2024-12-26,0.7895426146804316,1.3452741305001503
Edmonton,2024-12-27,0.7949319262588757,1.3603087746726599
Edmonton,2024-12-28,0.787789561631652,1.2838680986968884
Edmonton,2024-12-29,0.7838471654003507,1.232437171244886
Edmonton,2024-12-30,0.7867545150216423,1.2989402759120663
Edmonton,2024-12-31,0.7706881744038125,1.2593133108182282
Edmonton,2025-01-01,0.7641177406083403,1.3068045884817767
Edmonton,2025-01-02,0.7662963240997923,1.3045692265345445
Edmonton,2025-01-03,0.7747445796945072,1.3268772970968068
Edmonton,2025-01-04,0.7662855551253048,1.2605213279801089
Edmonton,2025-01-05,0.7634397382941245,1.2034358102509652
Edmonton,2025-01-06,0.767162657024985,1.2486441385064664
Edmonton,2025-01-07,0.7767494997566383,1.3325401546698394
Edmonton,2025-01-08,0.775208408843784,1.2661544037694816
Edmonton,2025-01-09,0.7722996503272396,1.2681299272880064
Edmonton,2025-01-10,0.77368559181174,1.2222152792531586
Edmonton,2025-01-11,0.778386580658269,1.2331559833401056
Edmonton,2025-01-12,0.7748592996547973,1.219378366398474
Edmonton,2025-01-13,0.7749700007058657,1.267029011082092
Edmonton,2025-01-14,0.7757208504964404,1.262565775375604
Edmonton,2025-01-15,0.7840075358550144,1.2719806827378504
Edmonton,2025-01-16,0.782133676092545,1.2576520193162435
Edmonton,2025-01-17,0.777740500509456,1.1999739059121748
Edmonton,2025-01-18,0.774596779485295,1.1837294452683107
Edmonton,2025-01-19,0.7661957852251299,1.1750554140338108
Edmonton,2025-01-20,0.7742770904754807,1.2024581408058825
Edmonton,2025-01-21,0.7826803312451202,1.2173627035700454
Edmonton,2025-01-22,0.7886060261805788,1.2167966228602412
Edmonton,2025-01-23,0.7944473792334331,1.2997520103304572
Edmonton,2025-01-24,0.7959801723777831,1.3053718375360281
Edmonton,2025-01-25,0.7895623131867361,1.2597002568024587
Edmonton,2025-01-26,0.7943267464690608,1.275294508835265
Edmonton,2025-01-27,0.7920327592226231,1.2469742813918305
Edmonton,2025-01-28,0.7993625192012289,1.330768049155146
Edmonton,2025-01-29,0.8055096610375833,1.391137237169342
Edmonton,2025-01-30,0.8043656053470205,1.480009776549442
Edmonton,2025-01-31,0.8021801534045283,1.507536389732419
Edmonton,2025-02-01,0.7987673373144056,1.4887612986091807
Edmonton,2025-02-02,0.7941467358118974,1.3803073694711765
Edmonton,2025-02-03,0.796176370797622,1.4415686910855743
Edmonton,2025-02-04,0.7983902500202879,1.4522866269762227
Edmonton,2025-02-05,0.7955074756178016,1.4090168429921548
Edmonton,2025-02-06,0.7950867335765045,1.458332389345779
Edmonton,2025-02-07,0.7951281858506879,1.4063904969551162
Edmonton,2025-02-08,0.7961187505982197,1.4063187952652905
Edmonton,2025-02-09,0.795042574515266,1.3361374379532667
Edmonton,2025-02-10,0.7981804929406365,1.3683894393002727
Edmonton,2025-02-11,0.7978181316819,1.276318283918631
Edmonton,2025-02-12,0.7997826122939921,1.2478164673946028
Edmonton,2025-02-13,0.7989159141141419,1.2372732727188813
Edmonton,2025-02-14,0.7973861837038313,1.222619269719627
Edmonton,2025-02-15,0.7950167341220423,1.1987468866749689
Edmonton,2025-02-16,0.7920812289316832,1.1873782557474952
Edmonton,2025-02-17,0.7977714443100579,1.2296334439029064
Edmonton,2025-02-18,0.7981899204643029,1.2387449780947786
Edmonton,2025-02-19,0.7977799950112248,1.31508273052299
Edmonton,2025-02-20,0.7970563283997595,1.3288857041667697
Edmonton,2025-02-21,0.7959212098553657,1.3663873677728662
Edmonton,2025-02-22,0.7987116317414061,1.5212714967694934
Edmonton,2025-02-23,0.7914995453022543,1.4460824199492652
Edmonton,2025-02-24,0.7940060973396726,1.465040104525823
Edmonton,2025-02-25,0.7966066586321181,1.5759735613136487
Edmonton,2025-02-26,0.7945674119494504,1.4623962461676512
Edmonton,2025-02-27,0.793841166936791,1.514396851122945
Edmonton,2025-02-28,0.7909700270404083,1.5401607190463495
Edmonton,2025-03-01,0.7882333054571983,1.452874504012384
Edmonton,2025-03-02,0.7831930562861652,1.3882079607224267
Edmonton,2025-03-03,0.7868603850545159,1.4640612879890533
Edmonton,2025-03-04,0.7886197254472568,1.5016876758938347
Edmonton,2025-03-05,0.7884318959359374,1.6887758938305952
Edmonton,2025-03-06,0.7824521694187259,1.4982133150357781
Edmonton,2025-03-07,0.7891452863039001,1.5863860926742614
Edmonton,2025-03-08,0.7775383228133453,1.570288548241659
Edmonton,2025-03-09,0.7713125005543778,1.4595570299541418
Edmonton,2025-03-10,0.7807353686344058,1.4948536863440587
Edmonton,2025-03-11,0.7850177063470444,1.6207028057749933
Edmonton,2025-03-12,0.7826624716877575,1.6335062344910753
Edmonton,2025-03-13,0.7790085304762409,1.6332499678879326
Edmonton,2025-03-14,0.7743168055772798,1.4913562591707075
Edmonton,2025-03-15,0.7721201868857741,1.5369904946028676
Edmonton,2025-03-16,0.7624555016832847,1.4352861584059535
Edmonton,2025-03-17,0.7709303500765768,1.5367996330531994
Edmonton,2025-03-18,0.7765881114867019,1.47919988519676
Edmonton,2025-03-19,0.7803957451675626,1.5255796473913825
Edmonton,2025-03-20,0.7797195169458512,1.5675808336579664
Edmonton,2025-03-21,0.7796267397050861,1.6470269753813815
Edmonton,2025-03-22,0.7771039774990448,1.5554923303283286
Edmonton,2025-03-23,0.7678893779734116,1.510879907518563
Edmonton,2025-03-24,0.7778349336991313,1.4947334901038605
Edmonton,2025-03-25,0.7842643778909824,1.4899894991712155
Edmonton,2025-03-26,0.7976839565741858,1.5853558504221954
Edmonton,2025-03-27,0.7902290629589365,1.5501325551677443
Edmonton,2025-03-28,0.7892317494993628,1.5105133806663025
Edmonton,2025-03-29,0.7909124313452464,1.537943838477605
Edmonton,2025-03-30,0.7809920573119452,1.471334293723719
Edmonton,2025-03-31,0.7911118983654631,1.5472205001033272
Edmonton,2025-04-01,0.7953770116897722,1.5354992959676428
Edmonton,2025-04-02,0.7843872411863458,1.4787672875529618
Edmonton,2025-04-03,0.7906401615978554,1.651280889543335
Edmonton,2025-04-04,0.7914228582486339,1.6720819011988464
Edmonton,2025-04-05,0.7855738393402566,1.6328268173488087
Edmonton,2025-04-06,0.7779786421156606,1.5381683657304732
Edmonton,2025-04-07,0.7899435537611227,1.6869487671984633
Edmonton,2025-04-08,0.7897479008025337,1.6873930851115826
Edmonton,2025-04-09,0.7888221700257615,1.6652712532201848
Edmonton,2025-04-10,0.7892929782985949,1.6487096714000484
Edmonton,2025-04-11,0.7920456207047814,1.700112102159185
Edmonton,2025-04-12,0.7855147088173073,1.6185885921845686
Edmonton,2025-04-13,0.7809508356319974,1.582427389258478
Edmonton,2025-04-14,0.7855039033085186,1.5745632011895798
Edmonton,2025-04-15,0.7903307790426685,1.6676001496130202
Edmonton,2025-04-16,0.7841147622767962,1.601052364053955
Edmonton,2025-04-17,0.7867958260361938,1.5796300350262698
Edmonton,2025-04-18,0.7904153354632588,1.6130481085335926
Edmonton,2025-04-19,0.7887470547601699,1.6257913114242186
Edmonton,2025-04-20,0.7729156190284623,1.5858593985718596
Edmonton,2025-04-21,0.7800005986649771,1.5612883270307214
Edmonton,2025-04-22,0.7795283274600162,1.5194903767958796
Edmonton,2025-04-23,0.7735048847820801,1.4252192072778247
Edmonton,2025-04-24,0.7719982498906182,1.3747046690418152
Edmonton,2025-04-25,0.7706896455124578,1.3103993097381823
Edmonton,2025-04-26,0.7695704440197896,1.2657605233791673
Edmonton,2025-04-27,0.7624063692920124,1.2276368042000403
Edmonton,2025-04-28,0.7679244878717751,1.3094358018342334
Edmonton,2025-04-29,0.770880619703059,1.3985902588343087
Edmonton,2025-04-30,0.7709786364680524,1.3586590485872503
Edmonton,2025-05-01,0.7700421280944336,1.2786763019041065
Edmonton,2025-05-02,0.773874939512877,1.3839077369751063
Edmonton,2025-05-03,0.7739624708081806,1.3875036981550142
Edmonton,2025-05-04,0.7644663022369272,1.438961015608142
Edmonton,2025-05-05,0.7709270203168165,1.3730181487568627
Edmonton,2025-05-06,0.7707427016940388,1.3228565968592272
Edmonton,2025-05-07,0.7715460927293072,1.3751429946677836
Edmonton,2025-05-08,0.7731379037333279,1.369265853278927
Edmonton,2025-05-09,0.7734920784906612,1.380578915871366
Edmonton,2025-05-10,0.7660203793834116,1.4085712012843785
Edmonton,2025-05-11,0.7580815885852192,1.526991553231577
Edmonton,2025-05-12,0.7684791512267426,1.6175644576198462
Edmonton,2025-05-13,0.7721377541674299,1.5883678329364352
Edmonton,2025-05-14,0.7958900849699735,1.4450074891162843
Edmonton,2025-05-15,0.7798288450220306,1.6116563538899582
Edmonton,2025-05-16,0.7797895847762277,1.6511576135351735
Edmonton,2025-05-17,0.7733139244577222,1.6048375494037694
Edmonton,2025-05-18,0.7670747765210066,1.5216690793401542
Edmonton,2025-05-19,0.7726083328607652,1.5362324710990853
Edmonton,2025-05-20,0.7753751448889445,1.5094451928197739
Edmonton,2025-05-21,0.7886798625879273,1.4500637984622935
Edmonton,2025-05-22,0.7804335135897978,1.5462668950342873
Edmonton,2025-05-23,0.7739548557476705,1.516162987692461
Edmonton,2025-05-24,0.7595997207353968,1.5270414171973399
Edmonton,2025-05-25,0.7671112711893946,1.415358607628763
Edmonton,2025-05-26,0.7763270198122287,1.4661170331898716
Edmonton,2025-05-27,0.7813641544171367,1.454586633157018
Edmonton,2025-05-28,0.780117751088526,1.3916063173682856
Edmonton,2025-05-29,0.7643946881573278,1.5655237081527662
Edmonton,2025-05-30,0.7612387179788557,1.5277047466455511
Edmonton,2025-05-31,0.7568476912384627,1.523685184824334
Edmonton,2025-06-01,0.7478168008391574,1.4650877702933258
Edmonton,2025-06-02,0.7539197299324831,1.5048824706176545
Edmonton,2025-06-03,0.7686941564336567,1.5008634635468217
Edmonton,2025-06-04,0.7771661518523878,1.3859974710141736
Edmonton,2025-06-05,0.7853071098725583,1.467471280498807
Edmonton,2025-06-06,0.7840648047394511,1.4048020368829433
Edmonton,2025-06-07,0.7795036265188774,1.377526989217732
Edmonton,2025-06-08,0.7734379474256915,1.358347810040153
Edmonton,2025-06-09,0.7768461578213012,1.3687793912459305
Edmonton,2025-06-10,0.7796970745045322,1.3340990217894921
Edmonton,2025-06-11,0.779245316334999,1.4046580615542175
Edmonton,2025-06-12,0.7648727835501558,1.4631115285154002
Edmonton,2025-06-13,0.7761491514573983,1.4978140844250787
Edmonton,2025-06-14,0.7638186392758022,1.3713135164578631
Edmonton,2025-06-15,0.7637972599517846,1.3413182807079438
Edmonton,2025-06-16,0.7674287569130139,1.4098873706967827
Edmonton,2025-06-17,0.7700006657641864,1.396346064224052
Edmonton,2025-06-18,0.762252650225276,1.532944211863987
Edmonton,2025-06-19,0.7680388289036545,1.4988060631229236
Edmonton,2025-06-20,0.7699734161556077,1.4926012686547523
Edmonton,2025-06-21,0.7637523693644321,1.4444198639469463
Edmonton,2025-06-22,0.7617640513980242,1.392647370845128
Edmonton,2025-06-23,0.7646316877746188,1.3740759886275524
Edmonton,2025-06-24,0.7591912343489258,1.3286699341946453
Edmonton,2025-06-25,0.7482559381463709,1.3121909793317599
Edmonton,2025-06-26,0.7538590326691442,1.4214037014721643
Edmonton,2025-06-27,0.7521918797861581,1.4029764484901026
Edmonton,2025-06-28,0.7512576351355184,1.4181700628959353
Edmonton,2025-06-29,0.7432624751790204,1.3693474262120795
Edmonton,2025-06-30,0.7504326918094291,1.3544082745183388
Edmonton,2025-07-01,0.7513279307640538,1.4110884304553621
Edmonton,2025-07-02,0.7470640618912451,1.4080202593643902
Edmonton,2025-07-03,0.7491808112333171,1.437488525794015
Edmonton,2025-07-04,0.7512988873099412,1.4351567370827412
Edmonton,2025-07-05,0.7505199163575658,1.374134659761038
Edmonton,2025-07-06,0.7468550543449002,1.299994616355512
Edmonton,2025-07-07,0.7480311138616865,1.4027570473382116
Edmonton,2025-07-08,0.7608026717666201,1.4362914965889304
Edmonton,2025-07-09,0.7762026668524291,1.4805675043392952
Edmonton,2025-07-10,0.7800142301879913,1.5184316215946043
Edmonton,2025-07-11,0.7747757516611545,1.4447556912993451
Edmonton,2025-07-12,0.7759195917066924,1.3912690636064706
Edmonton,2025-07-13,0.766916415750531,1.3676738323646804
Edmonton,2025-07-14,0.7728877509769573,1.3759008219916453
Edmonton,2025-07-15,0.7819756516985731,1.4185561844457857
Edmonton,2025-07-16,0.7978690905582918,1.4313162224592282
Edmonton,2025-07-17,0.800704054941636,1.486523858359356
Edmonton,2025-07-18,0.7867476356882774,1.544738642750666
Edmonton,2025-07-19,0.7784056161451433,1.6064939863418612
Edmonton,2025-07-20,0.78504753673293,1.4964254846277318
Edmonton,2025-07-21,0.7759965551181103,1.5110359251968504
Edmonton,2025-07-22,0.7877712407402997,1.4945990043589072
Edmonton,2025-07-23,0.7872911506983644,1.4407490288271751
Edmonton,2025-07-24,0.7902445035117674,1.4358640356281576
Edmonton,2025-07-25,0.7852781848711574,1.478880259168501
Edmonton,2025-07-26,0.7811594202898551,1.5603146624885755
Edmonton,2025-07-27,0.7805692691368078,1.5017368179967427
Edmonton,2025-07-28,0.7829301075268817,1.4825207161882215
Edmonton,2025-07-29,0.7864460396641927,1.4918177393843532
Edmonton,2025-07-30,0.7818830549660115,1.4958690904616898
Edmonton,2025-07-31,0.7862293855701913,1.5477740506551034
Edmonton,2025-08-01,0.7777702963266755,1.429450256171687
Edmonton,2025-08-02,0.7845869050613724,1.5244554525693867
Edmonton,2025-08-03,0.7845064115098113,1.403530903288067
Edmonton,2025-08-04,0.7883882000855066,1.4379250391905372
Edmonton,2025-08-05,0.7850626971170444,1.4230636450342595
Edmonton,2025-08-06,0.7770284822053518,1.4542548322834221
Edmonton,2025-08-07,0.7756976100761508,1.4479921477694921
Edmonton,2025-08-08,0.7799936994104448,1.5074417677654124
Edmonton,2025-08-09,0.7825624827354287,1.4888846186181137
Edmonton,2025-08-10,0.7845843035200657,1.4737764233210062
Edmonton,2025-08-11,0.7760675733290492,1.526529452109813
Edmonton,2025-08-12,0.7866896684364819,1.4922573012163352
Edmonton,2025-08-13,0.7893691104898002,1.5697809878844362
Edmonton,2025-08-14,0.7874570104171859,1.5165354134476399
Edmonton,2025-08-15,0.7870683796640885,1.6227630173780785
Edmonton,2025-08-16,0.7950364944425204,1.6617876722622633
Edmonton,2025-08-17,0.785642648460422,1.5930007288311916
Edmonton,2025-08-18,0.7807798100791032,1.6416508602550575
Edmonton,2025-08-19,0.7892385357153653,1.7019920800459478
Edmonton,2025-08-20,0.7910687650299839,1.662366442421844
Edmonton,2025-08-21,0.7868293296773895,1.652168729758191
Edmonton,2025-08-22,0.7969035676585645,1.6982772300453288
Edmonton,2025-08-23,0.7896256139666807,1.6419340029055325
Edmonton,2025-08-24,0.782034813789347,1.3958468556385175
Edmonton,2025-08-25,0.7785296049284505,1.389748119918229
Edmonton,2025-08-26,0.7781188049067654,1.377270485946887
Edmonton,2025-08-27,0.7798001445338782,1.389060280595081
Edmonton,2025-08-28,0.7733834338508278,1.406773563316028
Edmonton,2025-08-29,0.7770789371248285,1.4031724406383808
Edmonton,2025-08-30,0.7804238743936633,1.372354701100152
Edmonton,2025-08-31,0.7636263969618703,1.3291768110502584
Edmonton,2025-09-01,0.7601817796691764,1.3121786601451926
Edmonton,2025-09-02,0.7730591686892896,1.3720680412057704
Edmonton,2025-09-03,0.7640181201416434,1.3520666957326215
Edmonton,2025-09-04,0.768752674368849,1.3227481814291828
Edmonton,2025-09-05,0.7655518413006844,1.2769937589540072
Edmonton,2025-09-06,0.7692070815090198,1.3150454072091644
Edmonton,2025-09-07,0.7547786778035293,1.1979680580095917
Edmonton,2025-09-08,0.7594181140162362,1.2695248415432208
Edmonton,2025-09-09,0.770345889062556,1.2399568086096429
Edmonton,2025-09-10,0.7697944241730462,1.2916517612267773
Edmonton,2025-09-11,0.7674718506399769,1.4180027587976776
Edmonton,2025-09-12,0.7684854699079783,1.4361753215569717
Edmonton,2025-09-13,0.7620655049721741,1.400478319235732
Edmonton,2025-09-14,0.7580636275151967,1.335700337298065
Edmonton,2025-09-15,0.7697841273837246,1.4071118383787526
Edmonton,2025-09-16,0.7628262406145393,1.4110264993398505
Edmonton,2025-09-17,0.761311036262286,1.3656693389010355
Edmonton,2025-09-18,0.7689898703508004,1.377696729128541
Edmonton,2025-09-19,0.7693406954666524,1.3965890869568134
Edmonton,2025-09-20,0.7691179874990354,1.3683990534249042
Edmonton,2025-09-21,0.7600165110983875,1.327086190596663
Edmonton,2025-09-22,0.7554902179365699,1.3897148988350705
Edmonton,2025-09-23,0.7743660230441416,1.3941508391645183
Edmonton,2025-09-24,0.7735353101274889,1.3767153702907893
Edmonton,2025-09-25,0.7735318292613798,1.3684527521115584
Edmonton,2025-09-26,0.7724996715376418,1.3728850673712794
Edmonton,2025-09-27,0.759457602772877,1.3751815016627895
Edmonton,2025-09-28,0.762153384447779,1.3762804305672607
Edmonton,2025-09-29,0.765441667780302,1.403808632901243
Edmonton,2025-09-30,0.7735557615075688,1.4385233240654927
Edmonton,2025-10-01,0.7744619051753396,1.4095440302453885
Edmonton,2025-10-02,0.7737117251680359,1.371049413618495
Edmonton,2025-10-03,0.7690703291811279,1.3357845359889862
Edmonton,2025-10-04,0.7691060443968976,1.3632070740839797
Edmonton,2025-10-05,0.7670477746018783,1.3060496631278073
Edmonton,2025-10-06,0.7641842191568111,1.3485867651881747
Edmonton,2025-10-07,0.7773200278340081,1.426500822368421
Edmonton,2025-10-08,0.7701569758779949,1.3952704075413433
Edmonton,2025-10-09,0.7701015331582156,1.408104588937477
Edmonton,2025-10-10,0.7684625135050064,1.418787059013688
Edmonton,2025-10-11,0.7799612999875162,1.5150534725978944
Edmonton,2025-10-12,0.7563126639522346,1.1630831871509728
Edmonton,2025-10-13,0.7522002841812823,1.0848302334952178
Edmonton,2025-10-14,0.7676054854542773,1.2476459312001011
Edmonton,2025-10-15,0.7659696691176471,1.2755957851890756
Edmonton,2025-10-16,0.770511946616919,1.3404516753964268
Edmonton,2025-10-17,0.7745993884340504,1.3852506792686317
Edmonton,2025-10-18,0.7656631121670732,1.4049880149865388
Edmonton,2025-10-19,0.7546277438334464,1.396356641774157
Edmonton,2025-10-20,0.7623725791033746,1.4116026315578083
Edmonton,2025-10-21,0.7682868210478695,1.4066078547798795
Edmonton,2025-10-22,0.7553009152913737,1.3595610842138743
Edmonton,2025-10-23,0.7668314738912272,1.49187604536181
Edmonton,2025-10-24,0.773115272820928,1.4244913352220465
Edmonton,2025-10-25,0.767301673479816,1.3753033980582525
Edmonton,2025-10-26,0.7664170754798175,1.352748371919557
Edmonton,2025-10-27,0.7716691921691655,1.4561818970965605
Edmonton,2025-10-28,0.7718233304569485,1.5040219795479117
Edmonton,2025-10-29,0.7755092208968455,1.391526795521554
Edmonton,2025-10-30,0.7777885548011639,1.4885741998060136
Edmonton,2025-10-31,0.7788989757914339,1.5422486033519553
Edmonton,2025-11-01,0.7740411137132449,1.3197085610200365
Edmonton,2025-11-02,0.7634661268165714,1.4704829730315956
Edmonton,2025-11-03,0.7584743474833429,1.4642398194442945
Edmonton,2025-11-04,0.7622985691013043,1.4293111141087234
Edmonton,2025-11-05,0.7758791118270516,1.45772391952992
Edmonton,2025-11-06,0.7635537134835216,1.5196298453869148
Edmonton,2025-11-07,0.7777304278701557,1.4987010645534038
Edmonton,2025-11-08,0.7770479294701136,1.473995007174077
Edmonton,2025-11-09,0.7748073816329066,1.420032310177706
Edmonton,2025-11-10,0.7634446397188049,1.5653913748817088
Edmonton,2025-11-11,0.7812919040338905,1.4946490950863918
Edmonton,2025-11-12,0.7787075616948357,1.345299710336549
Edmonton,2025-11-13,0.7805615092007956,1.4069879704184287
Edmonton,2025-11-14,0.7735373188104543,1.4198331531831159
Edmonton,2025-11-15,0.7832005118957595,1.5006772646816855
Edmonton,2025-11-16,0.783101081617506,1.3922343699181907
Edmonton,2025-11-17,0.7775469868052632,1.4515308456709917
Edmonton,2025-11-18,0.7701827123268002,1.4289880824179768
Edmonton,2025-11-19,0.7858700732201277,1.5058108739679077
Edmonton,2025-11-20,0.786239356040447,1.4974970063863757
Edmonton,2025-11-21,0.7689819614347916,1.372199875596102
Edmonton,2025-11-22,0.7657343925708274,1.4152337940290927
Edmonton,2025-11-23,0.7766526207091821,1.3533918489032495
Edmonton,2025-11-24,0.7648448373880143,1.4481386367646194
Edmonton,2025-11-25,0.7944940242176443,1.4512796823399905
Edmonton,2025-11-26,0.8083007647315428,1.4158483712731578
Edmonton,2025-11-27,0.8039866825289501,1.4515529917236538
Edmonton,2025-11-28,0.7747480877022085,1.3423052969451144
Edmonton,2025-11-29,0.7815256083306769,1.292031930719371
Edmonton,2025-11-30,0.7746305061122565,1.2851926594848864
Edmonton,2025-12-01,0.7757279865776884,1.2926154613541723
Edmonton,2025-12-02,0.7856316833944862,1.2980454863441029
Edmonton,2025-12-03,0.7681414795117419,1.302750456540544
Edmonton,2025-12-04,0.7757055062558562,1.2668522295100038
Edmonton,2025-12-05,0.77163583706375,1.284546676042022
Edmonton,2025-12-06,0.7636757735600568,1.3296315858066905
Edmonton,2025-12-07,0.7787342875640195,1.2548154890485683
Edmonton,2025-12-08,0.7888875021107579,1.289287628389143
Edmonton,2025-12-09,0.7889831344314034,1.2967818747974582
Edmonton,2025-12-10,0.7843079676706659,1.3881128170707833
Edmonton,2025-12-11,0.7870364551694282,1.409050601534734
Edmonton,2025-12-12,0.7859854342996935,1.4161066276748306
Edmonton,2025-12-13,0.7673018103057178,1.3114838067641335
Edmonton,2025-12-14,0.7747111766099107,1.2660530540277375
Edmonton,2025-12-15,0.767324291906132,1.2966230784514288
Edmonton,2025-12-16,0.7623522404001192,1.1892144478335438
Edmonton,2025-12-17,0.7715162624152777,1.233708658875972
Edmonton,2025-12-18,0.7746354091397478,1.4104969494379551
Edmonton,2025-12-19,0.7693172886684554,1.3564043147139333
Edmonton,2025-12-20,0.7731536172382852,1.354816636649431
Edmonton,2025-12-21,0.757096155805188,1.2282716403811782
Edmonton,2025-12-22,0.7621091065870845,1.2964255399415259
Edmonton,2025-12-23,0.7789347666138747,1.3444736809288056
Edmonton,2025-12-24,0.7779414692414891,1.3342093038688698
Edmonton,2025-12-25,0.7726141302154111,1.3966336127443726
Edmonton,2025-12-26,0.7616908792365862,1.4036197362511136
Edmonton,2025-12-27,0.7698136001628291,1.3458147031981458
Edmonton,2025-12-28,0.7764243056213859,1.3964424522297307
Edmonton,2025-12-29,0.7867313234461976,1.3961390164624758
Edmonton,2025-12-30,0.7779483349928089,1.3961168270826418
Edmonton,2025-12-31,0.789936247087873,1.4095252709847523
Halifax,2023-02-28,0.9140625,1.088188559322034
Halifax,2023-03-01,0.9276603336009277,1.6395504415306394
Halifax,2023-03-02,0.9266562878394742,1.8053104999135097
Halifax,2023-03-03,0.9324566112005725,1.7951332975487564
Halifax,2023-03-04,0.9332558364816429,1.7279860505666957
Halifax,2023-03-05,0.9316271674112213,1.527599000530022
Halifax,2023-03-06,0.9310935893040795,1.5991086732944806
Halifax,2023-03-07,1.0496571634788885,1.7353302057019127
Halifax,2023-03-08,1.0625147626171167,1.7542713172191167
Halifax,2023-03-09,0.939778011099445,1.8023098845057748
Halifax,2023-03-10,0.93681592039801,1.6524046434494195
Halifax,2023-03-11,0.9259018524536886,1.5300617484562886
Halifax,2023-03-12,0.9341278439869989,1.5310220296135788
Halifax,2023-03-13,0.9381169324221716,1.580865603644647
Halifax,2023-03-14,0.9329495428377921,1.6303420250592617
Halifax,2023-03-15,0.9389795265515035,1.569977607165707
Halifax,2023-03-16,0.9669900466171097,1.8994582335895174
Halifax,2023-03-17,0.959609836516005,1.9214177771671932
Halifax,2023-03-18,0.9618785331207421,1.872735179011451
Halifax,2023-03-19,0.9641476742636279,1.7516993202718913
Halifax,2023-03-20,0.9679518072289157,1.9166265060240963
Halifax,2023-03-21,0.9684701263648632,1.978652926021347
Halifax,2023-03-22,0.9669891861126921,1.941946499715424
Halifax,2023-03-23,0.9681162961153188,1.9656731004153434
Halifax,2023-03-24,0.9728911864834195,2.2072878577732946
Halifax,2023-03-25,0.9724338551045851,2.130627510735559
Halifax,2023-03-26,0.9668124229173675,1.7494113689875546
Halifax,2023-03-27,0.9660116302386205,1.8464006416683376
Halifax,2023-03-28,0.9726304579339723,1.9120340788072419
Halifax,2023-03-29,0.969366619426578,1.827537337839311
Halifax,2023-03-30,0.9721431476209842,1.9226311508743392
Halifax,2023-03-31,0.9646376811594203,1.7608115942028986
Halifax,2023-04-01,0.9670706328804015,1.8856653201126208
Halifax,2023-04-02,0.9695542472666105,1.8403700588730025
Halifax,2023-04-03,0.9680833740433155,1.759973945611464
Halifax,2023-04-04,0.9728197674418605,1.7767441860465116
Halifax,2023-04-05,0.963668430335097,1.8151675485008818
Halifax,2023-04-06,0.9653069806560135,1.8900336417157275
Halifax,2023-04-07,0.9640279782391473,2.017763961363384
Halifax,2023-04-08,0.964545066211021,1.8435497650576678
Halifax,2023-04-09,0.9680248101807294,1.7427013153673403
Halifax,2023-04-10,0.9674813587406794,1.8319179784589892
Halifax,2023-04-11,0.9700435729847494,1.8468591140159767
Halifax,2023-04-12,0.9584643017512349,1.9970812752581948
Halifax,2023-04-13,0.9676358373898172,2.1195895276937247
Halifax,2023-04-14,0.9687146626460611,2.323281819324036
Halifax,2023-04-15,0.9659136479080337,2.256650180457158
Halifax,2023-04-16,0.9635960334029228,2.058455114822547
Halifax,2023-04-17,0.9678985702724575,2.2837874291880227
Halifax,2023-04-18,0.9704219225750326,2.314194577352472
Halifax,2023-04-19,0.9751874573960464,1.7967280163599182
Halifax,2023-04-20,0.9778160671979323,1.9909541244884772
Halifax,2023-04-21,0.9757129714811408,2.0487580496780127
Halifax,2023-04-22,0.9708470847084708,1.9290429042904291
Halifax,2023-04-23,0.9749606524538561,1.7448848190012878
Halifax,2023-04-24,0.9784228101721038,1.9114650226902987
Halifax,2023-04-25,0.9803105934553522,2.1620447402477354
Halifax,2023-04-26,0.9717114568599717,2.052916215991347
Halifax,2023-04-27,0.9742379058979457,2.1091782637508283
Halifax,2023-04-28,0.9759068043420704,2.116847586267761
Halifax,2023-04-29,0.9691098661686897,1.8223622782446312
Halifax,2023-04-30,0.9683267802533858,1.8010048055919616
Halifax,2023-05-01,0.9735119593809262,2.002446932158806
Halifax,2023-05-02,0.9754006268109514,2.0597244397137957
Halifax,2023-05-03,0.975597413550745,2.0022490863086873
Halifax,2023-05-04,0.9774929473813321,2.143444130994726
Halifax,2023-05-05,0.9750954579130335,2.183051233829145
Halifax,2023-05-06,0.9663442043677228,2.076406186641951
Halifax,2023-05-07,0.9692699490662139,1.9915676287492925
Halifax,2023-05-08,0.97391352003069,2.0451033046528195
Halifax,2023-05-09,0.9729478631544431,2.0813750136626954
Halifax,2023-05-10,0.9742323384152888,2.131629804595233
Halifax,2023-05-11,0.9766016713091922,2.1354773360344392
Halifax,2023-05-12,0.9755865249649087,2.193904150792059
Halifax,2023-05-13,0.9706422018348624,2.05997378768021
Halifax,2023-05-14,0.9712336554860717,2.051335986355884
Halifax,2023-05-15,0.9723517472159745,2.1570025783092874
Halifax,2023-05-16,0.974905408413087,2.1894613843756954
Halifax,2023-05-17,0.9739658201565246,2.1234094660064953
Halifax,2023-05-18,0.976434371848628,2.2648479380075366
Halifax,2023-05-19,0.9746585657163629,2.322480137093005
Halifax,2023-05-20,0.9703974721436887,2.2104883862741835
Halifax,2023-05-21,0.9693667317284754,2.094122749945782
Halifax,2023-05-22,0.9681971571735352,2.033950301666837
Halifax,2023-05-23,0.9744895412111227,2.110578603165094
Halifax,2023-05-24,0.9742324020140192,2.169858821206437
Halifax,2023-05-25,0.9746020829239537,2.2086362743171546
Halifax,2023-05-26,0.9741663706034615,2.19809166116835
Halifax,2023-05-27,0.9703703703703703,2.1586243386243384
Halifax,2023-05-28,0.9697497624326893,1.9667933692323936
Halifax,2023-05-29,0.9765315792407604,2.0789899102514076
Halifax,2023-05-30,0.9737113682037912,2.044321329639889
Halifax,2023-05-31,0.9749172527927182,2.0506309474555233
Halifax,2023-06-01,0.974534975111344,2.1269583442494104
Halifax,2023-06-02,0.976195687862537,2.2441173251614317
Halifax,2023-06-03,0.9727100005757384,2.1171627612412918
Halifax,2023-06-04,0.973074478534697,1.943433292887271
Halifax,2023-06-05,0.976692022625317,2.1621806124439242
Halifax,2023-06-06,0.9757269887046383,2.302475366498438
Halifax,2023-06-07,0.9780561122244489,2.302454909819639
Halifax,2023-06-08,0.976685760225103,2.255702944427696
Halifax,2023-06-09,0.9761977263499797,2.2922756800649613
Halifax,2023-06-10,0.972750089637863,2.1753316600932235
Halifax,2023-06-11,0.972306840210468,1.9884796455275546
Halifax,2023-06-12,0.9737407773194678,2.0859234299657237
Halifax,2023-06-13,0.9749494495618962,2.123567737587059
Halifax,2023-06-14,0.9746633593196314,2.2226553271911174
Halifax,2023-06-15,0.9768871683934874,2.1769327109188206
Halifax,2023-06-16,0.9746075016406683,2.187288606189106
Halifax,2023-06-17,0.9756046922038825,2.08237309249455
Halifax,2023-06-18,0.9708438319535146,1.9745462024991
Halifax,2023-06-19,0.9754272423905349,1.9972696935989482
Halifax,2023-06-20,0.9778660612939841,2.096083995459705
Halifax,2023-06-21,0.9784854161091785,2.1986620283649985
Halifax,2023-06-22,0.9784096893101633,2.21274354923644
Halifax,2023-06-23,0.9768173712367565,2.101804258890171
Halifax,2023-06-24,0.9735046166198313,2.01796467282216
Halifax,2023-06-25,0.9734045422668177,2.0104116092140045
Halifax,2023-06-26,0.9764465476446548,2.1006130350613037
Halifax,2023-06-27,0.9751525290297186,2.061700452666798
Halifax,2023-06-28,0.9770658530383931,2.192524790236461
Halifax,2023-06-29,0.9765518537662704,2.262769606691415
Halifax,2023-06-30,0.9758367260614392,2.2589224343044467
Halifax,2023-07-01,0.9735019241341396,2.177680043980209
Halifax,2023-07-02,0.9701763867734486,2.0423033459440867
Halifax,2023-07-03,0.9734521755798351,2.1224841863139736
Halifax,2023-07-04,0.9781753725142636,2.3002825015232924
Halifax,2023-07-05,0.9770693811947495,2.248540048218591
Halifax,2023-07-06,0.9748766041461007,2.281638696939783
Halifax,2023-07-07,0.9750618405775153,2.2715432379221565
Halifax,2023-07-08,0.9724285278258216,2.2252009360056975
Halifax,2023-07-09,0.9710549902462171,2.0867295829598778
Halifax,2023-07-10,0.9732124974964951,2.150460644902864
Halifax,2023-07-11,0.9770296424569624,2.1247326067026586
Halifax,2023-07-12,0.9751643141902813,2.105915310850124
Halifax,2023-07-13,0.9756308423839628,2.1943048576214403
Halifax,2023-07-14,0.9777512481007163,2.278652051226395
Halifax,2023-07-15,0.9731807724906163,2.1988134156677566
Halifax,2023-07-16,0.9716518962954808,2.094346892717565
Halifax,2023-07-17,0.9743371259585986,2.112074582727683
Halifax,2023-07-18,0.9787365722116618,2.3325228769727246
Halifax,2023-07-19,0.9758701769263385,2.0158809698184483
Halifax,2023-07-20,0.9768906686689192,2.0585658866224503
Halifax,2023-07-21,0.9745566053373115,2.1704375932371955
Halifax,2023-07-22,0.9712568943096722,2.0574862113806556
Halifax,2023-07-23,0.9689044742067684,1.9042207106341629
Halifax,2023-07-24,0.9732872287874758,2.1513470380362505
Halifax,2023-07-25,0.9643188615035578,2.055652951084528
Halifax,2023-07-26,0.9431599807830892,1.9274861878453038
Halifax,2023-07-27,0.9481215349831201,1.9532009787220863
Halifax,2023-07-28,0.9565632809054829,1.9737615757753932
Halifax,2023-07-29,0.9561730163276998,1.8993125179031796
Halifax,2023-07-30,0.9497325492541281,1.8003588159075052
Halifax,2023-07-31,0.9541970691029493,1.9146176957508125
Halifax,2023-08-01,0.9567534456355283,2.02104134762634
Halifax,2023-08-02,0.9548606568101531,1.89444589820751
Halifax,2023-08-03,0.9573884955463473,1.9353649384971776
Halifax,2023-08-04,0.9603801866866526,1.9954350344075764
Halifax,2023-08-05,0.9614663123339066,1.9352821635141473
Halifax,2023-08-06,0.95817843866171,1.7902230483271375
Halifax,2023-08-07,0.9609257486667578,1.8625734992479146
Halifax,2023-08-08,0.9629931142091517,1.9974220684508666
Halifax,2023-08-09,0.9660357791029297,2.0296307270639655
Halifax,2023-08-10,0.964071181859138,1.991102267607749
Halifax,2023-08-11,0.9616414726042943,2.0658677198238684
Halifax,2023-08-12,0.9589574715874865,1.8722139673105498
Halifax,2023-08-13,0.9567353737247554,1.759566937330835
Halifax,2023-08-14,0.9610982012221362,1.8637576383509769
Halifax,2023-08-15,0.9608598263056549,2.0418909891146306
Halifax,2023-08-16,0.9597851772287862,1.9346938775510205
Halifax,2023-08-17,0.9733489775393899,2.1491786791820315
Halifax,2023-08-18,0.9725743992361148,2.1674712216858523
Halifax,2023-08-19,0.9714772727272727,2.1383522727272726
Halifax,2023-08-20,0.9713458919655016,1.9729913753971857
Halifax,2023-08-21,0.973234051116925,2.144244314751459
Halifax,2023-08-22,0.9753640534610014,2.0883203670456814
Halifax,2023-08-23,0.9733179263616787,2.0919691160250014
Halifax,2023-08-24,0.9743480347714788,2.041491120473575
Halifax,2023-08-25,0.973597199260916,2.078479043080813
Halifax,2023-08-26,0.9745344580614356,2.143455886253913
Halifax,2023-08-27,0.9730013656896733,1.9026158209895998
Halifax,2023-08-28,0.9769325045959906,2.009892322507222
Halifax,2023-08-29,0.9775539856706248,2.0356731299163284
Halifax,2023-08-30,0.9744248261102194,1.7474585339753879
Halifax,2023-08-31,0.9761918068518415,1.9616050969652936
Halifax,2023-09-01,0.9729857075545782,1.8777550913564736
Halifax,2023-09-02,0.9722681456988961,1.9190976481254334
Halifax,2023-09-03,0.9699005790451218,1.8812411231290287
Halifax,2023-09-04,0.9724439171699741,1.8849762726488353
Halifax,2023-09-05,0.973825402396831,1.8860753146467433
Halifax,2023-09-06,0.9732382628021113,2.024539309195296
Halifax,2023-09-07,0.9738909535682363,1.9907324645998965
Halifax,2023-09-08,0.9741426536649501,1.828640298016873
Halifax,2023-09-09,0.972900323660102,1.8736628449174393
Halifax,2023-09-10,0.9746241160040411,1.739288048968919
Halifax,2023-09-11,0.9777212818625811,1.8361544122566402
Halifax,2023-09-12,0.9752735626624751,1.8358624025149628
Halifax,2023-09-13,0.974860137384038,1.7789816585227676
Halifax,2023-09-14,0.9753174397512309,1.9799818605856438
Halifax,2023-09-15,0.9734526933168699,2.005710757832999
Halifax,2023-09-16,0.9740008464840679,1.9332486849265373
Halifax,2023-09-17,0.973471064678953,1.8837891771334663
Halifax,2023-09-18,0.9750858606438093,1.8907969031957623
Halifax,2023-09-19,0.9747580984434161,1.9837129635194424
Halifax,2023-09-20,0.973991935483871,1.9008064516129033
Halifax,2023-09-21,0.9727529136288648,1.9873343621946677
Halifax,2023-09-22,0.9765118433240704,2.067751753341273
Halifax,2023-09-23,0.9733420450833061,1.9262332571055212
Halifax,2023-09-24,0.9733787948331257,1.8766638253229297
Halifax,2023-09-25,0.9748174975949295,1.9992643313904137
Halifax,2023-09-26,0.9728186037023816,2.002039879647101
Halifax,2023-09-27,0.974584727358103,2.0412631331807245
Halifax,2023-09-28,0.9706631989596879,1.9309232769830948
Halifax,2023-09-29,0.9702351854869371,1.88425397859975
Halifax,2023-09-30,0.9705056984136075,1.8458851154000344
Halifax,2023-10-01,0.9717405651886962,1.883782324353513
Halifax,2023-10-02,0.9743007534317267,1.8568995768397152
Halifax,2023-10-03,0.9767279090113736,2.0866724992709247
Halifax,2023-10-04,0.9737222370885737,2.0649719025956648
Halifax,2023-10-05,0.9726594863297432,2.0300849212924605
Halifax,2023-10-06,0.9728356222396999,1.9219553512009195
Halifax,2023-10-07,0.9716968386922453,1.9225209402864092
Halifax,2023-10-08,0.9734836354320118,1.8975212963556012
Halifax,2023-10-09,0.973753280839895,1.974511519393409
Halifax,2023-10-10,0.9731618054785406,1.9282466452256848
Halifax,2023-10-11,0.972361198814786,2.0304561130810708
Halifax,2023-10-12,0.9765315630095505,2.2049848590729093
Halifax,2023-10-13,0.9751623767139764,2.165082992542699
Halifax,2023-10-14,0.9712274694440481,1.7981167070908832
Halifax,2023-10-15,0.9693950408931585,1.7150785408282487
Halifax,2023-10-16,0.9726336765194288,1.7849551643972101
Halifax,2023-10-17,0.9712996736417738,1.764606130415307
Halifax,2023-10-18,0.9681963921365417,1.7175567574570068
Halifax,2023-10-19,0.9662116133954604,1.6902367911932206
Halifax,2023-10-20,0.9543538696081069,1.6846022778226168
Halifax,2023-10-21,0.966440700718169,1.6591717564937245
Halifax,2023-10-22,0.9695445153175816,1.6177043092863774
Halifax,2023-10-23,0.9697724837399387,1.6803807720102668
Halifax,2023-10-24,0.9725759059745348,1.7145882415226197
Halifax,2023-10-25,0.9741311112283108,1.7894098412530985
Halifax,2023-10-26,0.9730516038363864,1.779900885130304
Halifax,2023-10-27,0.9732433923466574,1.8169165956166307
Halifax,2023-10-28,0.9720314033366045,1.6529363152729715
Halifax,2023-10-29,0.9716685152907621,1.661733481223261
Halifax,2023-10-30,0.9733804763065919,1.831016825164594
Halifax,2023-10-31,0.9728590561726936,1.8251004490664147
Halifax,2023-11-01,0.9709226770630279,1.8092105263157894
Halifax,2023-11-02,0.9748093565247193,1.8596521292091508
Halifax,2023-11-03,0.9733817055274743,1.8322191423446927
Halifax,2023-11-04,0.9706368423075444,1.8107152465505976
Halifax,2023-11-05,0.971229897179014,1.7278209860268916
Halifax,2023-11-06,0.9703283340089177,1.7159843264423726
Halifax,2023-11-07,0.9742756492531199,1.6863923100030038
Halifax,2023-11-08,0.9713073005093379,1.6636389360498018
Halifax,2023-11-09,0.9723929777925459,1.7072603422495432
Halifax,2023-11-10,0.9718826735745703,1.7420599584446423
Halifax,2023-11-11,0.9678542538599515,1.5777090001055112
Halifax,2023-11-12,0.9701635858568538,1.687369251346068
Halifax,2023-11-13,0.973281166399144,1.7576243980738362
Halifax,2023-11-14,0.9750280076614506,1.7558816089046294
Halifax,2023-11-15,0.9749079029679572,1.6823521234447765
Halifax,2023-11-16,0.9750392097974439,1.6675009176761104
Halifax,2023-11-17,0.9726225267896134,1.6788605596425812
Halifax,2023-11-18,0.9648215770635237,1.6598213962905384
Halifax,2023-11-19,0.9709844218292,1.5633501300925468
Halifax,2023-11-20,0.974033835664447,1.6732405135884283
Halifax,2023-11-21,0.9729223433242506,1.709400544959128
Halifax,2023-11-22,0.974053978853645,1.7269059543683918
Halifax,2023-11-23,0.972979726985912,1.7503826570455752
Halifax,2023-11-24,0.9661091411177707,1.7451281890356796
Halifax,2023-11-25,0.9635156963269893,1.7043331694641477
Halifax,2023-11-26,0.968726079825041,1.6193183889192637
Halifax,2023-11-27,0.9734084857706007,1.6061758705349425
Halifax,2023-11-28,0.9745163626331943,1.7052312148694782
Halifax,2023-11-29,0.9722643763520713,1.7062090342578542
Halifax,2023-11-30,0.9742635157008741,1.696633214632567
Halifax,2023-12-01,0.9713016220822301,1.6736054049118962
Halifax,2023-12-02,0.9674445805948535,1.5715160966915451
Halifax,2023-12-03,0.9704431833536009,1.5648898797459803
Halifax,2023-12-04,0.9725246620387286,1.6158567774936061
Halifax,2023-12-05,0.9726484083739604,1.599620017206768
Halifax,2023-12-06,0.9713814933657098,1.5981556962391235
Halifax,2023-12-07,0.9728410711456188,1.7156076691491047
Halifax,2023-12-08,0.9654171319189664,1.7442335300685914
Halifax,2023-12-09,0.9661430946161415,1.6469790005767209
Halifax,2023-12-10,0.9672200785868527,1.6209777337250877
Halifax,2023-12-11,0.9688504634976123,1.6156871313087176
Halifax,2023-12-12,0.9734744544623024,1.6606232849862799
Halifax,2023-12-13,0.9728570514051598,1.6902887139107612
Halifax,2023-12-14,0.9715534738485558,1.658048399687744
Halifax,2023-12-15,0.9687721369539551,1.5911747343565525
Halifax,2023-12-16,0.9645669291338582,1.5638811277622555
Halifax,2023-12-17,0.9697850290595896,1.5386177438554722
Halifax,2023-12-18,0.9716476713099761,1.5342971718024483
Halifax,2023-12-19,0.9690548004230483,1.4804340162168514
Halifax,2023-12-20,0.9578712535161176,1.6652009440977724
Halifax,2023-12-21,0.9693704077222303,1.679930845699467
Halifax,2023-12-22,0.971977606294447,1.679255560599183
Halifax,2023-12-23,0.9711234413221168,1.5323966350456417
Halifax,2023-12-24,0.9696356275303644,1.5424789785113673
Halifax,2023-12-25,0.9722667324047825,1.6014113151731788
Halifax,2023-12-26,0.9730372720063442,1.5470672893353306
Halifax,2023-12-27,0.9700301922771333,1.6274273001747974
Halifax,2023-12-28,0.9712710053704452,1.6027602933533522
Halifax,2023-12-29,0.9732417164943346,1.6676687258432163
Halifax,2023-12-30,0.9677428780131483,1.5834039444850256
Halifax,2023-12-31,0.959181946403385,1.493737658674189
Halifax,2024-01-01,0.9686047897057072,1.633861551292744
Halifax,2024-01-02,0.9661859499617612,1.5609363050366
Halifax,2024-01-03,0.9678634195330154,1.6555918207939297
Halifax,2024-01-04,0.9724391776640632,1.7325612712092648
Halifax,2024-01-05,0.9716203259827421,1.6472035794183446
Halifax,2024-01-06,0.9705086816159149,1.6121629875229038
Halifax,2024-01-07,0.9672057856673242,1.5307297830374753
Halifax,2024-01-08,0.9670204391846041,1.633071849298336
Halifax,2024-01-09,0.9648157370517928,1.6287101593625497
Halifax,2024-01-10,0.9700561447286338,1.6493113873026537
Halifax,2024-01-11,0.9636870864362622,1.6274179789269823
Halifax,2024-01-12,0.9490885914595284,1.6189165073295093
Halifax,2024-01-13,0.9642681258549931,1.5507797537619699
Halifax,2024-01-14,0.963563446066564,1.5216540728241998
Halifax,2024-01-15,0.9645617540354382,1.5681686734318314
Halifax,2024-01-16,0.956313066279587,1.5343572214548264
Halifax,2024-01-17,0.9339443195573232,1.524533114300536
Halifax,2024-01-18,0.9403652550128963,1.5605707629586487
Halifax,2024-01-19,0.9508967194332079,1.488507494095915
Halifax,2024-01-20,0.950713620459637,1.5640244669871874
Halifax,2024-01-21,0.9396088957055214,1.4917321702453987
Halifax,2024-01-22,0.9457605985037406,1.5885931722418092
Halifax,2024-01-23,0.9454290948763869,1.6201033368327877
Halifax,2024-01-24,0.9434826568722531,1.5048593772568764
Halifax,2024-01-25,0.9461972907554461,1.545967981655272
Halifax,2024-01-26,0.9465841357175607,1.5892939018798715
Halifax,2024-01-27,0.9518443097144444,1.5202249271069561
Halifax,2024-01-28,0.9438167805219828,1.4387370818006655
Halifax,2024-01-29,0.9440705651747795,1.540237395186758
Halifax,2024-01-30,0.9481913310730054,1.6743420250262215
Halifax,2024-01-31,0.9564311751432043,1.619584893495673
Halifax,2024-02-01,0.9584428420603365,1.603387469955298
Halifax,2024-02-02,0.9517228909438447,1.5100222141860826
Halifax,2024-02-03,0.942245964246386,1.4623368712073288
Halifax,2024-02-04,0.9353246939899873,1.371236256497473
Halifax,2024-02-05,0.948122595197028,1.511985316881164
Halifax,2024-02-06,0.9481488219776221,1.517897753115619
Halifax,2024-02-07,0.9544924953738606,1.343476572316268
Halifax,2024-02-08,0.9688650438058275,1.5166804600325334
Halifax,2024-02-09,0.9665220273609353,1.557946121858615
Halifax,2024-02-10,0.9714863870493009,1.4828129927467675
Halifax,2024-02-11,0.9690096305878971,1.414776484116717
Halifax,2024-02-12,0.965693831160348,1.4065267943458835
Halifax,2024-02-13,0.9576230556147454,1.3966545919454507
Halifax,2024-02-14,0.9610796418596153,1.4891539847033335
Halifax,2024-02-15,0.9707936156062957,1.5753713145643982
Halifax,2024-02-16,0.9715295149186374,1.553498207700441
Halifax,2024-02-17,0.9670204987267088,1.434986510677996
Halifax,2024-02-18,0.9688263711281614,1.347314578005115
Halifax,2024-02-19,0.9708668409887019,1.426217376288914
Halifax,2024-02-20,0.971054377472541,1.5004054352900704
Halifax,2024-02-21,0.9695500837952817,1.5338661853809463
Halifax,2024-02-22,0.9648204614754471,1.4990442816183498
Halifax,2024-02-23,0.9549913288532409,1.4519835248211577
Halifax,2024-02-24,0.970371578460953,1.4692435238794206
Halifax,2024-02-25,0.9682856260007303,1.4086631646956376
Halifax,2024-02-26,0.9736259478607405,1.4369015331820447
Halifax,2024-02-27,0.9736300729380961,1.431857650484918
Halifax,2024-02-28,0.9709845879505795,1.4822060883963826
Halifax,2024-02-29,0.9712285389144525,1.4598238582949878
Halifax,2024-03-01,0.9716310347320977,1.4246426763720503
Halifax,2024-03-02,0.9699614113849025,1.4297460213372342
Halifax,2024-03-03,0.9702607861452627,1.3916083916083917
Halifax,2024-03-04,0.9721359481764131,1.3953545123790931
Halifax,2024-03-05,0.9716132064387264,1.434097050875338
Halifax,2024-03-06,0.9652457714953581,1.457781110106512
Halifax,2024-03-07,0.9626068376068376,1.4438983855650522
Halifax,2024-03-08,0.9600592446309553,1.4504319921007158
Halifax,2024-03-09,0.9574820406672349,1.4612687203214416
Halifax,2024-03-10,0.9529448727553955,1.4180825096067864
Halifax,2024-03-11,0.9622412807318468,1.4443224699828474
Halifax,2024-03-12,0.9654136131175199,1.5113618389834977
Halifax,2024-03-13,0.9615952321274404,1.4701590219177318
Halifax,2024-03-14,0.9632037446365882,1.692627746716942
Halifax,2024-03-15,0.9638501332497257,1.4885405235930396
Halifax,2024-03-16,0.9630192502532928,1.2387369132049983
Halifax,2024-03-17,0.9624965631014573,1.3158647236733572
Halifax,2024-03-18,0.9667217370781213,1.4577924632208323
Halifax,2024-03-19,0.9677401879790893,1.5188656247460657
Halifax,2024-03-20,0.9606069120539478,1.4176454060129249
Halifax,2024-03-21,0.9523809523809523,1.3828593538402012
Halifax,2024-03-22,0.9322225857599477,1.3416555508016006
Halifax,2024-03-23,0.9510370069133794,1.3760607292937508
Halifax,2024-03-24,0.9671644915904808,1.4208249005513294
Halifax,2024-03-25,0.9630634573304158,1.3358716265499635
Halifax,2024-03-26,0.9312122619600557,1.3416860195076636
Halifax,2024-03-27,0.9572642452515828,1.4357436410085527
Halifax,2024-03-28,0.9412422459465936,1.3916562391842602
Halifax,2024-03-29,0.9716507777220271,1.3489086803813346
Halifax,2024-03-30,0.9690093141405588,1.3957324301439458
Halifax,2024-03-31,0.9666989753530878,1.3149058432567156
Halifax,2024-04-01,0.9730162883495781,1.3539281742657159
Halifax,2024-04-02,0.9654964831126037,1.3257714973702555
Halifax,2024-04-03,0.9622605216588443,1.396360698622759
Halifax,2024-04-04,0.9557401388387304,1.5088078327514947
Halifax,2024-04-05,0.9697360703812317,1.596950146627566
Halifax,2024-04-06,0.9618842027257789,1.4475948061990527
Halifax,2024-04-07,0.9704145577247529,1.4097372860930344
Halifax,2024-04-08,0.9707506086479443,1.542125295751466
Halifax,2024-04-09,0.9666478048131012,1.5483473687714275
Halifax,2024-04-10,0.9665528786187881,1.4956016543031576
Halifax,2024-04-11,0.9724831577948572,1.5726824176866876
Halifax,2024-04-12,0.9644715708319949,1.3742370703501445
Halifax,2024-04-13,0.9689259921818061,1.222354733982641
Halifax,2024-04-14,0.9702848038239394,1.480740888269269
Halifax,2024-04-15,0.974088291746641,1.6329610888152155
Halifax,2024-04-16,0.9606891300209404,1.4200139602766673
Halifax,2024-04-17,0.9654271665642287,1.5336508912108175
Halifax,2024-04-18,0.9657009015946354,1.5185292135912984
Halifax,2024-04-19,0.9463507854874519,1.4861872242362926
Halifax,2024-04-20,0.9705729257035778,1.595759447548322
Halifax,2024-04-21,0.9567206514777198,1.4536554122060572
Halifax,2024-04-22,0.9631341068537507,1.5813882892606583
Halifax,2024-04-23,0.9641177495209894,1.5824769203971434
Halifax,2024-04-24,0.9634236970499854,1.576076771462729
Halifax,2024-04-25,0.9715546503733876,1.6402579769178547
Halifax,2024-04-26,0.9623055444754687,1.581604839781944
Halifax,2024-04-27,0.9621492445266728,1.610622880049337
Halifax,2024-04-28,0.9648440508278783,1.5585290720061609
Halifax,2024-04-29,0.9689205748022724,1.6042850246927334
Halifax,2024-04-30,0.958738909466793,1.525597955609154
Halifax,2024-05-01,0.9480337525871676,1.496640662314918
Halifax,2024-05-02,0.9530759468305391,1.521641840892392
Halifax,2024-05-03,0.9575596816976127,1.5703229833047276
Halifax,2024-05-04,0.9565309659392354,1.6020585010433983
Halifax,2024-05-05,0.9543258832011535,1.5295241528478731
Halifax,2024-05-06,0.9519413604858001,1.4472489725817335
Halifax,2024-05-07,0.9542839176230152,1.449143216475397
Halifax,2024-05-08,0.9578807947019867,1.475298013245033
Halifax,2024-05-09,0.9558687530055857,1.5198831058336109
Halifax,2024-05-10,0.9602974642392718,1.5553884915474643
Halifax,2024-05-11,0.9606133127814059,1.4132965562000568
Halifax,2024-05-12,0.9555298013245033,1.399205298013245
Halifax,2024-05-13,0.9592122059449274,1.450155005774725
Halifax,2024-05-14,0.9633589528955179,1.34704360398752
Halifax,2024-05-15,0.9627796348675752,1.4121239393160196
Halifax,2024-05-16,0.9651479031662358,1.5390323338817447
Halifax,2024-05-17,0.9673194138244067,1.573531318895085
Halifax,2024-05-18,0.9646859658032843,1.5460978500084646
Halifax,2024-05-19,0.966478174199585,1.5311419388958951
Halifax,2024-05-20,0.9656092610689319,1.507066075321356
Halifax,2024-05-21,0.9647682945857388,1.6160087377125916
Halifax,2024-05-22,0.9688826448257308,1.6326896634184254
Halifax,2024-05-23,0.9665887602252204,1.6559810899819398
Halifax,2024-05-24,0.9668193770500692,1.6870340751985686
Halifax,2024-05-25,0.9559878258568215,1.6313087203916898
Halifax,2024-05-26,0.9588951718138321,1.5744112346983161
Halifax,2024-05-27,0.9574322311587727,1.5455764075067024
Halifax,2024-05-28,0.9642050855513308,1.6122564163498099
Halifax,2024-05-29,0.9734100450940756,1.759757424972788
Halifax,2024-05-30,0.9583909023275587,1.661680306089914
Halifax,2024-05-31,0.9514457035418467,1.5711418263123127
Halifax,2024-06-01,0.9487918191492123,1.5134573957278932
Halifax,2024-06-02,0.9501244062429315,1.4678805700067858
Halifax,2024-06-03,0.9597732887661677,1.5849149832873128
Halifax,2024-06-04,0.9615658824291918,1.571423941927539
Halifax,2024-06-05,0.9544523397989886,1.6450611356507265
Halifax,2024-06-06,0.9489385442053029,1.5414745867222597
Halifax,2024-06-07,0.9531469760900141,1.5132149554617909
Halifax,2024-06-08,0.9515062454077884,1.4636296840558414
Halifax,2024-06-09,0.9560749110044885,1.4120414796471135
Halifax,2024-06-10,0.9566677662158515,1.5615797523015564
Halifax,2024-06-11,0.9586438696478153,1.6011106239953237
Halifax,2024-06-12,0.9542225070351898,1.6208798863224765
Halifax,2024-06-13,0.960660583837867,1.6308234558426424
Halifax,2024-06-14,0.9611099679590817,1.5836150386548693
Halifax,2024-06-15,0.9606271301976823,1.463421949556919
Halifax,2024-06-16,0.95916376759762,1.4673732808791495
Halifax,2024-06-17,0.9559661949158227,1.5660004024414782
Halifax,2024-06-18,0.9497645211930926,1.504800144910035
Halifax,2024-06-19,0.9424256342366195,1.5650717315537783
Halifax,2024-06-20,0.9487067839414787,1.5359226682922582
Halifax,2024-06-21,0.9572467516660074,1.5813224599093205
Halifax,2024-06-22,0.9567430025445293,1.575902766498836
Halifax,2024-06-23,0.9576940720729905,1.571665222488404
Halifax,2024-06-24,0.9551302952020265,1.5724963005693362
Halifax,2024-06-25,0.9562331838565022,1.6247832585949178
Halifax,2024-06-26,0.952365308804205,1.6296813403416557
Halifax,2024-06-27,0.9654201849618014,1.7150722217067211
Halifax,2024-06-28,0.9569177209287868,1.6125081595225514
Halifax,2024-06-29,0.9606698417575664,1.6583807036411122
Halifax,2024-06-30,0.9625198252594674,1.5691588525000695
Halifax,2024-07-01,0.9642955232079099,1.6146663004669046
Halifax,2024-07-02,0.9644468904788113,1.7365712713263621
Halifax,2024-07-03,0.9652646729569806,1.6578922117383657
Halifax,2024-07-04,0.9688024891923892,1.7478866646474103
Halifax,2024-07-05,0.9601092185671564,1.7351709790664414
Halifax,2024-07-06,0.9597876651730929,1.6587516767031023
Halifax,2024-07-07,0.966927463201167,1.6316403659992043
Halifax,2024-07-08,0.9697430561114224,1.6579417807305425
Halifax,2024-07-09,0.9619821709491347,1.6264551651809125
Halifax,2024-07-10,0.945552233437493,1.606816087044489
Halifax,2024-07-11,0.9489784697939346,1.6159090409271843
Halifax,2024-07-12,0.9537156722679547,1.6128534820962876
Halifax,2024-07-13,0.9509939226653108,1.5603980533159003
Halifax,2024-07-14,0.9373218584829953,1.4608019481417938
Halifax,2024-07-15,0.9477815857725084,1.5514079288625418
Halifax,2024-07-16,0.9503506374207425,1.6028947191539893
Halifax,2024-07-17,0.9463377747646736,1.4470026857187557
Halifax,2024-07-18,0.9476013671346726,1.469300941749244
Halifax,2024-07-19,0.9416303410335906,1.4778899275041377
Halifax,2024-07-20,0.9508285939753462,1.4082015837165638
Halifax,2024-07-21,0.9467223683531899,1.3694104904842952
Halifax,2024-07-22,0.9502036096727163,1.4219496254587503
Halifax,2024-07-23,0.946968901029628,1.4920676612733768
Halifax,2024-07-24,0.9524546660769571,1.4887218045112782
Halifax,2024-07-25,0.9560645797743077,1.5079040446572507
Halifax,2024-07-26,0.9480578524138323,1.3697894467649816
Halifax,2024-07-27,0.9442252982380644,1.4056515814387147
Halifax,2024-07-28,0.9410563798219584,1.3466350148367952
Halifax,2024-07-29,0.9466874474296175,1.4631388847657216
Halifax,2024-07-30,0.9468258400819138,1.4315368146700176
Halifax,2024-07-31,0.9428483076577083,1.374564264027887
Halifax,2024-08-01,0.9651655421308646,1.4239369213871018
Halifax,2024-08-02,0.968997744118595,1.598710924911376
Halifax,2024-08-03,0.9666445842994369,1.5427625041404438
Halifax,2024-08-04,0.9682154134425206,1.3957111627745584
Halifax,2024-08-05,0.9658074697527617,1.3939374013677013
Halifax,2024-08-06,0.9669289542707264,1.4594594594594594
Halifax,2024-08-07,0.9680717488789238,1.513303437967115
Halifax,2024-08-08,0.9710509754562618,1.5138766519823788
Halifax,2024-08-09,0.966815349087343,1.594666413590206
Halifax,2024-08-10,0.9632346114566892,1.5940024138891469
Halifax,2024-08-11,0.9686125804601364,1.5245044930214773
Halifax,2024-08-12,0.9700728439712699,1.4831389129438133
Halifax,2024-08-13,0.9714581969002402,1.4621534599432437
Halifax,2024-08-14,0.9727693781942078,1.566545996592845
Halifax,2024-08-15,0.9713146635550369,1.5221703617269544
Halifax,2024-08-16,0.9675285969742556,1.5320314495756577
Halifax,2024-08-17,0.9697412353923205,1.5020569997615072
Halifax,2024-08-18,0.9668023068591001,1.427383705611991
Halifax,2024-08-19,0.9709093286265281,1.4136105118650715
Halifax,2024-08-20,0.972295478643865,1.4040945053152443
Halifax,2024-08-21,0.9702099854465532,1.4329204906590631
Halifax,2024-08-22,0.9677903785407281,1.4531096266376677
Halifax,2024-08-23,0.9681765389082462,1.4982062201574398
Halifax,2024-08-24,0.9732769644301782,1.4970902163417625
Halifax,2024-08-25,0.9718773373223635,1.443879331837447
Halifax,2024-08-26,0.9695518814992145,1.5060472307423756
Halifax,2024-08-27,0.9657046657046657,1.4821067821067822
Halifax,2024-08-28,0.9672605492297388,1.4897521768251842
Halifax,2024-08-29,0.969350336598982,1.4986590772262054
Halifax,2024-08-30,0.9659211333593619,1.5552735791176306
Halifax,2024-08-31,0.9695449561403509,1.5617598684210525
Halifax,2024-09-01,0.9645887126521578,1.5370428170133077
Halifax,2024-09-02,0.9678111587982833,1.4792643976444755
Halifax,2024-09-03,0.9725363489499192,1.531754846526656
Halifax,2024-09-04,0.9719025890288662,1.490625929967265
Halifax,2024-09-05,0.9723627658995702,1.5967303193515043
Halifax,2024-09-06,0.972228393690291,1.5367140635414351
Halifax,2024-09-07,0.9671104378477583,1.4995484603956069
Halifax,2024-09-08,0.97044624985282,1.4937301306958672
Halifax,2024-09-09,0.9696484725965858,1.561685759209344
Halifax,2024-09-10,0.9700588438906196,1.5850640359986155
Halifax,2024-09-11,0.9718390804597701,1.6659905341446923
Halifax,2024-09-12,0.9711528111657278,1.6895339241505507
Halifax,2024-09-13,0.9720468081285727,1.629156316403795
Halifax,2024-09-14,0.9691171127528158,1.5511384280004845
Halifax,2024-09-15,0.9648655932089201,1.517415616789059
Halifax,2024-09-16,0.968327016783974,1.4916080129940443
Halifax,2024-09-17,0.9711532541099686,1.6041192044824826
Halifax,2024-09-18,0.972212507550949,1.6354242838520967
Halifax,2024-09-19,0.9717569891103611,1.6584092211679298
Halifax,2024-09-20,0.9724612164900508,1.6034282297445437
Halifax,2024-09-21,0.9694320113805905,1.6071267478574651
Halifax,2024-09-22,0.966626509946928,1.489532119949207
Halifax,2024-09-23,0.9653681163463886,1.5147351166602727
Halifax,2024-09-24,0.961134260112836,1.5123345256093514
Halifax,2024-09-25,0.9641574511965295,1.642712370657469
Halifax,2024-09-26,0.9721119929453262,1.785677542621987
Halifax,2024-09-27,0.9701685191825027,1.6908927931158122
Halifax,2024-09-28,0.9664654594232059,1.6687458081824278
Halifax,2024-09-29,0.9594470649895178,1.5952240566037736
Halifax,2024-09-30,0.9630823410033724,1.653923060852956
Halifax,2024-10-01,0.9631724444726891,1.684185440564329
Halifax,2024-10-02,0.9632065132299984,1.6783153280100203
Halifax,2024-10-03,0.9695293862502711,1.738921419793248
Halifax,2024-10-04,0.9656946826758147,1.7691018244191485
Halifax,2024-10-05,0.9539257912830442,1.6515193424744141
Halifax,2024-10-06,0.9698169223156853,1.5650667986145472
Halifax,2024-10-07,0.9661490559259112,1.680811145263662
Halifax,2024-10-08,0.9619487287098241,1.7018151295771693
Halifax,2024-10-09,0.9661478063227495,1.7835939114264068
Halifax,2024-10-10,0.9707252377563563,1.7262405382674517
Halifax,2024-10-11,0.9648997367480256,1.7626182196366473
Halifax,2024-10-12,0.9678417241730972,1.763572084169018
Halifax,2024-10-13,0.9698635785711831,1.6977767087041682
Halifax,2024-10-14,0.9657743471834456,1.619017901133191
Halifax,2024-10-15,0.9676179053934884,1.6221736216445024
Halifax,2024-10-16,0.9731603909169302,1.6959974130497268
Halifax,2024-10-17,0.9727660505304605,1.6881767472383244
Halifax,2024-10-18,0.9703012968694903,1.5931512753202994
Halifax,2024-10-19,0.9709203519770384,1.6397144907285017
Halifax,2024-10-20,0.9641755734865447,1.6339402644586203
Halifax,2024-10-21,0.972894525319282,1.8116906314191301
Halifax,2024-10-22,0.972645188865737,2.006624993321579
Halifax,2024-10-23,0.9669260700389105,1.8678466356648002
Halifax,2024-10-24,0.9705399703055404,1.8637180589200595
Halifax,2024-10-25,0.971588446230839,1.8374906411317335
Halifax,2024-10-26,0.9669310732007679,1.6934333007352675
Halifax,2024-10-27,0.9656027722049972,1.6062739376253876
Halifax,2024-10-28,0.9670183723160923,1.6501881502250424
Halifax,2024-10-29,0.9721196646078465,1.6864842483006108
Halifax,2024-10-30,0.9604724671435702,1.6395275328564298
Halifax,2024-10-31,0.969851497088516,1.6909003204355166
Halifax,2024-11-01,0.9698586094771838,1.7150268532388293
Halifax,2024-11-02,0.9723498915321542,1.6330477626208773
Halifax,2024-11-03,0.9709037321361252,1.6109530826964598
Halifax,2024-11-04,0.9701330151265223,1.7048748815498544
Halifax,2024-11-05,0.9706987984157884,1.7101765456132108
Halifax,2024-11-06,0.9710980732048803,1.5543036202413494
Halifax,2024-11-07,0.9680061339002545,1.692677656571289
Halifax,2024-11-08,0.9527238895971882,1.6863305881947555
Halifax,2024-11-09,0.9700013666803334,1.6125802924695913
Halifax,2024-11-10,0.9671010604318385,1.4998722371278905
Halifax,2024-11-11,0.9710646166489744,1.6506180871828238
Halifax,2024-11-12,0.9727718108159035,1.5934300609258212
Halifax,2024-11-13,0.9721674109461004,1.7559109634091459
Halifax,2024-11-14,0.9699345140165812,1.6453433981741346
Halifax,2024-11-15,0.9695672071129707,1.6784126569037656
Halifax,2024-11-16,0.9713210944281903,1.6212905507507314
Halifax,2024-11-17,0.9686166459460368,1.5318705688652936
Halifax,2024-11-18,0.9701920420005526,1.6193009118541033
Halifax,2024-11-19,0.965667826457431,1.6061918625292906
Halifax,2024-11-20,0.9639217934021144,1.6316074385428607
Halifax,2024-11-21,0.9735005596155112,1.6838501547172295
Halifax,2024-11-22,0.9749253731343284,1.7809657594381036
Halifax,2024-11-23,0.9699865980108626,1.684912181702758
Halifax,2024-11-24,0.9711433824909003,1.5945063604638072
Halifax,2024-11-25,0.9731015365661682,1.695527189350125
Halifax,2024-11-26,0.9718781257213203,1.747210894821882
Halifax,2024-11-27,0.9682152583018331,1.7627118644067796
Halifax,2024-11-28,0.9693660651023215,1.7888134039094736
Halifax,2024-11-29,0.966933518969718,1.6468847894187262
Halifax,2024-11-30,0.9676871926300478,1.5509454872896031
Halifax,2024-12-01,0.9670687618570355,1.5716433403729821
Halifax,2024-12-02,0.9697297674743384,1.6160882619928776
Halifax,2024-12-03,0.9705378554299418,1.6355227506306642
Halifax,2024-12-04,0.9688538681948424,1.7053581661891117
Halifax,2024-12-05,0.9691452148174724,1.805094627320836
Halifax,2024-12-06,0.9698516967384757,1.5643268982530623
Halifax,2024-12-07,0.9680613743946896,1.5701071875510093
Halifax,2024-12-08,0.9617036881810561,1.6012416177703268
Halifax,2024-12-09,0.9718611585560026,1.6823090061662276
Halifax,2024-12-10,0.9693128921270998,1.6273527625986643
Halifax,2024-12-11,0.9688011430055852,1.5878945317573712
Halifax,2024-12-12,0.9686817643022022,1.8672406263647139
Halifax,2024-12-13,0.9504922242830647,1.8727350549293764
Halifax,2024-12-14,0.9658525698252773,1.7033860476979976
Halifax,2024-12-15,0.9703532315286133,1.6271479253432053
Halifax,2024-12-16,0.9713081581958749,1.7187473834045048
Halifax,2024-12-17,0.9710220705597447,1.7228521107380703
Halifax,2024-12-18,0.9738519504801836,1.8494008328847842
Halifax,2024-12-19,0.9765632892211334,2.056537697410513
Halifax,2024-12-20,0.9653624571448768,1.8700031809988336
Halifax,2024-12-21,0.9706229090329775,1.7439541182093357
Halifax,2024-12-22,0.9703129259943655,1.602162915391839
Halifax,2024-12-23,0.9692289163881612,1.7233613344172463
Halifax,2024-12-24,0.9675179406723031,1.7456927859612423
Halifax,2024-12-25,0.9695954963480624,1.602509038848851
Halifax,2024-12-26,0.974293059125964,1.662555379314117
Halifax,2024-12-27,0.9736871919787005,1.7067070752846543
Halifax,2024-12-28,0.9716663662039541,1.6246619794483506
Halifax,2024-12-29,0.9734916297622412,1.5347529759100473
Halifax,2024-12-30,0.9736754917020571,1.6330532212885154
Halifax,2024-12-31,0.9621163960006935,1.608767265792059
Halifax,2025-01-01,0.9391022021456804,1.6598814229249013
Halifax,2025-01-02,0.9428160032911653,1.639051733004217
Halifax,2025-01-03,0.9542126083662992,1.620935387032517
Halifax,2025-01-04,0.9498750780762024,1.5353164688736207
Halifax,2025-01-05,0.9404040975720188,1.5659912841700152
Halifax,2025-01-06,0.946166637710655,1.5973542478469136
Halifax,2025-01-07,0.9472120595274117,1.7232415481528347
Halifax,2025-01-08,0.9428932445759369,1.5849667159763314
Halifax,2025-01-09,0.9426529864419201,1.616312446561622
Halifax,2025-01-10,0.9413218035824583,1.5373981587693755
Halifax,2025-01-11,0.9468494979219124,1.524739859842854
Halifax,2025-01-12,0.9496173289276738,1.4862605552260724
Halifax,2025-01-13,0.9477819568241538,1.520583234581895
Halifax,2025-01-14,0.958251497005988,1.5110898203592815
Halifax,2025-01-15,0.9532968582548367,1.5527384511252749
Halifax,2025-01-16,0.9550157693797378,1.6008410335860124
Halifax,2025-01-17,0.9491102740615665,1.4863748538771269
Halifax,2025-01-18,0.9442631578947368,1.4607631578947369
Halifax,2025-01-19,0.9415686781237886,1.4400826980230004
Halifax,2025-01-20,0.9515231850782304,1.3908206499869813
Halifax,2025-01-21,0.9487151036349918,1.4823354489370202
Halifax,2025-01-22,0.9522705409338694,1.4487802471571989
Halifax,2025-01-23,0.971723209300798,1.6147328319485041
Halifax,2025-01-24,0.9630996309963099,1.5991251041542673
Halifax,2025-01-25,0.9723508272088581,1.5982452164340986
Halifax,2025-01-26,0.9741336592778567,1.5697532291632255
Halifax,2025-01-27,0.9734147760325771,1.502937754508435
Halifax,2025-01-28,0.9751590139552546,1.5702667637100092
Halifax,2025-01-29,0.9703635592021502,1.6979770830386194
Halifax,2025-01-30,0.9751200166979753,1.864412439991651
Halifax,2025-01-31,0.9747164662744094,1.9588982689519912
Halifax,2025-02-01,0.9738431457744949,1.7954377579839236
Halifax,2025-02-02,0.9714460285132382,1.7509164969450102
Halifax,2025-02-03,0.9718725152398622,1.791015107341638
Halifax,2025-02-04,0.9733830271446947,1.7873940433391602
Halifax,2025-02-05,0.9739463876146789,1.771323107798165
Halifax,2025-02-06,0.9704668980420404,1.7728046624320608
Halifax,2025-02-07,0.9732524238931453,1.7320835310868534
Halifax,2025-02-08,0.9700541682281197,1.7128743228971486
Halifax,2025-02-09,0.9735531512965825,1.6362012708226001
Halifax,2025-02-10,0.9769566445860672,1.680375474837535
Halifax,2025-02-11,0.9745727386411005,1.5574381482480446
Halifax,2025-02-12,0.9698162729658792,1.4983653359119584
Halifax,2025-02-13,0.9691996857110787,1.4948479066112919
Halifax,2025-02-14,0.9619964973730297,1.4740367775831873
Halifax,2025-02-15,0.9699943147122613,1.4386515339748585
Halifax,2025-02-16,0.9704651498388571,1.4424695752561452
Halifax,2025-02-17,0.9705074318453988,1.4902904642261723
Halifax,2025-02-18,0.9673541776142932,1.4189437729900158
Halifax,2025-02-19,0.9685424890602528,1.5754766057712903
Halifax,2025-02-20,0.9713516935739158,1.6038303260525484
Halifax,2025-02-21,0.9727267534841215,1.6618403015764223
Halifax,2025-02-22,0.9704144423163128,1.900729451077876
Halifax,2025-02-23,0.9732669157326691,1.8141137401411374
Halifax,2025-02-24,0.9720750895778159,1.7475073999065276
Halifax,2025-02-25,0.9708438463694982,1.8537386359085266
Halifax,2025-02-26,0.9655756429949979,1.7300405687502463
Halifax,2025-02-27,0.9674829876533149,1.8856607310215558
Halifax,2025-02-28,0.9636514179258953,1.8250051749120264
Halifax,2025-03-01,0.9701145538318469,1.8890814558058926
Halifax,2025-03-02,0.9656180840973759,1.773751185583307
Halifax,2025-03-03,0.972190446136247,1.9056447477417064
Halifax,2025-03-04,0.9726259289843104,1.9240297274979357
Halifax,2025-03-05,0.9719806763285024,2.161100609115732
Halifax,2025-03-06,0.9720134335518951,1.984447465216696
Halifax,2025-03-07,0.9760415389018358,1.944233206590621
Halifax,2025-03-08,0.9666898894017243,2.028259165723243
Halifax,2025-03-09,0.9674273946118607,1.8809313663682596
Halifax,2025-03-10,0.9704962508007083,1.9446851803006895
Halifax,2025-03-11,0.9662240693128588,2.1160145106188146
Halifax,2025-03-12,0.9583049693669162,2.1162695711368276
Halifax,2025-03-13,0.95282805063619,2.046653932074983
Halifax,2025-03-14,0.952079504458512,1.8755360424749847
Halifax,2025-03-15,0.9546992686387948,1.9374522432048904
Halifax,2025-03-16,0.9496345560982369,1.7729744708857251
Halifax,2025-03-17,0.9506903353057199,1.976296757673276
Halifax,2025-03-18,0.9506004747940232,1.9050761066890098
Halifax,2025-03-19,0.9501003728133066,1.9208847146544308
Halifax,2025-03-20,0.952697152245345,2.0078381708652793
Halifax,2025-03-21,0.9537364107136733,2.1037758496519086
Halifax,2025-03-22,0.9559930720016967,2.010179915874306
Halifax,2025-03-23,0.9520776699029126,1.978252427184466
Halifax,2025-03-24,0.9527156088946552,1.9356326810105597
Halifax,2025-03-25,0.9602096559870072,1.92961021703824
Halifax,2025-03-26,0.963587782260177,2.00974485251742
Halifax,2025-03-27,0.9647080820829244,2.135792081521993
Halifax,2025-03-28,0.9659746748212593,2.0138254802308553
Halifax,2025-03-29,0.964710672759354,2.017644663620323
Halifax,2025-03-30,0.9639749978883352,1.8536616268265902
Halifax,2025-03-31,0.9661808343515448,2.0519287833827895
Halifax,2025-04-01,0.9699444775845455,2.0509337860780983
Halifax,2025-04-02,0.970460704607046,2.0484707704219898
Halifax,2025-04-03,0.9656610470275067,2.172715173025732
Halifax,2025-04-04,0.9664217396658593,2.1462173145601575
Halifax,2025-04-05,0.965694972539079,2.091128010139417
Halifax,2025-04-06,0.9612558450233801,1.9630511022044088
Halifax,2025-04-07,0.9600434782608696,2.0458695652173913
Halifax,2025-04-08,0.9610238259668509,2.123748273480663
Halifax,2025-04-09,0.9628672045647038,2.1590068203093655
Halifax,2025-04-10,0.9633008150682039,2.1315933949913424
Halifax,2025-04-11,0.9640065286487415,2.167983850184692
Halifax,2025-04-12,0.9637793128522086,2.1183875658971094
Halifax,2025-04-13,0.9608400366070998,2.1022590433986803
Halifax,2025-04-14,0.9645798640802916,2.0480219631846617
Halifax,2025-04-15,0.960522280155983,2.0930201989221398
Halifax,2025-04-16,0.9570389953734303,2.0339281780127783
Halifax,2025-04-17,0.9585659712018807,2.1114982578397212
Halifax,2025-04-18,0.957875226420658,2.152196806942163
Halifax,2025-04-19,0.9565179314270701,2.0734334632394797
Halifax,2025-04-20,0.9590488771466315,2.017393218846323
Halifax,2025-04-21,0.9603471237702453,2.0271942260600593
Halifax,2025-04-22,0.9640832658505216,1.948935359405516
Halifax,2025-04-23,0.9707909802547027,1.7662402149783853
Halifax,2025-04-24,0.9627895635210925,1.6897342111680078
Halifax,2025-04-25,0.962483769245038,1.6247217584863662
Halifax,2025-04-26,0.9637664289191306,1.5706152511164257
Halifax,2025-04-27,0.9623794279496998,1.5555625300776263
Halifax,2025-04-28,0.9646973315335895,1.7041324888381268
Halifax,2025-04-29,0.9630294246209768,1.8179078381300757
Halifax,2025-04-30,0.965193346842283,1.6878166160081054
Halifax,2025-05-01,0.9629763525008507,1.6763354882613133
Halifax,2025-05-02,0.963638207774425,1.7788624895402794
Halifax,2025-05-03,0.9668550715733858,1.8520919088284082
Halifax,2025-05-04,0.9597889034186438,1.9692695684662807
Halifax,2025-05-05,0.9635568513119533,1.8815962099125365
Halifax,2025-05-06,0.9623225655704188,1.828173374613003
Halifax,2025-05-07,0.9666634947822501,1.8979921971643354
Halifax,2025-05-08,0.9608514638732205,1.8533776524308354
Halifax,2025-05-09,0.9646768893756845,1.9066607338444688
Halifax,2025-05-10,0.9680128832612334,1.7906785815781996
Halifax,2025-05-11,0.9695811238541538,1.8789410942574094
Halifax,2025-05-12,0.9715026895052074,1.9745927593178958
Halifax,2025-05-13,0.972808908045977,1.9868175287356322
Halifax,2025-05-14,0.9789998108091064,1.8767421328120073
Halifax,2025-05-15,0.9794629243551047,1.940100196035722
Halifax,2025-05-16,0.9775802212777003,1.9633691314363584
Halifax,2025-05-17,0.9755818514644351,1.9253399581589958
Halifax,2025-05-18,0.9741770891668222,1.864009706925518
Halifax,2025-05-19,0.9789424572317262,1.915334370139969
Halifax,2025-05-20,0.9803581744656268,1.8691920442353718
Halifax,2025-05-21,0.9792179936813425,1.909162053273818
Halifax,2025-05-22,0.9802590058819075,2.016534975891753
Halifax,2025-05-23,0.9807583602776584,1.9798991566237818
Halifax,2025-05-24,0.9790328035170781,2.0311367698922655
Halifax,2025-05-25,0.9780143039468298,1.8684711151780768
Halifax,2025-05-26,0.9782748393475037,1.9079584775086504
Halifax,2025-05-27,0.9766698625759028,1.936081815276446
Halifax,2025-05-28,0.9773716275021758,1.8631748292322705
Halifax,2025-05-29,0.9777315399668078,1.9999504594882465
Halifax,2025-05-30,0.9749497031257667,1.959001913734727
Halifax,2025-05-31,0.9724437998549673,1.9719603577471598
Halifax,2025-06-01,0.9716346275933874,1.8967469971304503
Halifax,2025-06-02,0.9749185930730105,1.9424903791813557
Halifax,2025-06-03,0.9763698247963397,1.9421660528958822
Halifax,2025-06-04,0.9763189532250398,1.8265160622920569
Halifax,2025-06-05,0.9779721235310194,1.8717135829461602
Halifax,2025-06-06,0.9785813481465655,1.7916889221237047
Halifax,2025-06-07,0.9737795363352653,1.6883916629514044
Halifax,2025-06-08,0.9732265931502492,1.788384052592514
Halifax,2025-06-09,0.9771465067199823,1.7867377540819727
Halifax,2025-06-10,0.9763809977094923,1.70794538477556
Halifax,2025-06-11,0.9774404048475163,1.7890265015314954
Halifax,2025-06-12,0.9780210954650105,1.8646195855865504
Halifax,2025-06-13,0.9746333390401187,1.8234605946470352
Halifax,2025-06-14,0.9866222399045156,1.719116769444997
Halifax,2025-06-15,0.9763342547310228,1.7139485434828832
Halifax,2025-06-16,0.9753973105134475,1.7954869600651997
Halifax,2025-06-17,0.9756408440730775,1.8439078506349431
Halifax,2025-06-18,0.976093170489712,1.9767782476199476
Halifax,2025-06-19,0.9753904193718196,1.9091068608527813
Halifax,2025-06-20,0.9754948762013875,1.8962298177497718
Halifax,2025-06-21,0.9714347310552981,1.8646114045488844
Halifax,2025-06-22,0.9721113790835343,1.787546590659943
Halifax,2025-06-23,0.9729783341782196,1.783275660664301
Halifax,2025-06-24,0.9735055978699723,1.7634490735688877
Halifax,2025-06-25,0.9744642417275639,1.716438131209459
Halifax,2025-06-26,0.9756595218466612,1.803297609233306
Halifax,2025-06-27,0.9741710896705847,1.7919504910071555
Halifax,2025-06-28,0.9739665573505,1.8013482327219725
Halifax,2025-06-29,0.9732746262543518,1.7694245340978907
Halifax,2025-06-30,0.9744842779891849,1.803705187262167
Halifax,2025-07-01,0.9753353156352279,1.7894410336492181
Halifax,2025-07-02,0.9722566517930921,1.7931953396132871
Halifax,2025-07-03,0.9726797251563942,1.8006973643728847
Halifax,2025-07-04,0.9732194217781281,1.7951722521677993
Halifax,2025-07-05,0.9718127860881753,1.7282463479270243
Halifax,2025-07-06,0.9743796959636555,1.6560370435086493
Halifax,2025-07-07,0.9754324340882635,1.7429289113076154
Halifax,2025-07-08,0.9757440824935552,1.773670025779236
Halifax,2025-07-09,0.9736994508237643,1.7495157264103844
Halifax,2025-07-10,0.9746445959104187,1.8419863680623174
Halifax,2025-07-11,0.9758854115569509,1.7439811635436084
Halifax,2025-07-12,0.9748096885813149,1.6855758774097875
Halifax,2025-07-13,0.9747520991213886,1.6807776976875572
Halifax,2025-07-14,0.9725531306585342,1.689907557419232
Halifax,2025-07-15,0.9674823452126786,1.7420553457053702
Halifax,2025-07-16,0.9671002441257247,1.7312519072322246
Halifax,2025-07-17,0.9771814132238623,1.8138483710367719
Halifax,2025-07-18,0.9745337704348581,1.8454875056989644
Halifax,2025-07-19,0.9705749887404294,1.8996933107427028
Halifax,2025-07-20,0.9709962706446457,1.8008311134789559
Halifax,2025-07-21,0.973402243791756,1.8211059288205387
Halifax,2025-07-22,0.9761864762704746,1.831667366652667
Halifax,2025-07-23,0.9763414634146341,1.7588470066518846
Halifax,2025-07-24,0.9745158672719696,1.7564532754347875
Halifax,2025-07-25,0.9744770888893787,1.7904829075841397
Halifax,2025-07-26,0.9741273481110879,1.8271141685775831
Halifax,2025-07-27,0.9750491386287432,1.7327089836975373
Halifax,2025-07-28,0.9749978353104165,1.7022253008918522
Halifax,2025-07-29,0.9752253252231052,1.7438618301292013
Halifax,2025-07-30,0.9762778563848603,1.7491377785638487
Halifax,2025-07-31,0.9749242096145517,1.7981377219575574
Halifax,2025-08-01,0.9740566037735849,1.7461494031574893
Halifax,2025-08-02,0.9749957844530629,1.7818514682147761
Halifax,2025-08-03,0.9701006736810234,1.7197032775717205
Halifax,2025-08-04,0.9727859237536657,1.7617126099706746
Halifax,2025-08-05,0.9749280027104862,1.738734541758428
Halifax,2025-08-06,0.9728727603282061,1.7429849532330215
Halifax,2025-08-07,0.9711704066095899,1.7476474552579686
Halifax,2025-08-08,0.9701507192302028,1.8092444400805145
Halifax,2025-08-09,0.9691779141104294,1.8056441717791412
Halifax,2025-08-10,0.96919616663407,1.8258849990221004
Halifax,2025-08-11,0.9664013701390288,1.8696101148498891
Halifax,2025-08-12,0.9705689993459777,1.8467892352784439
Halifax,2025-08-13,0.969641418770658,1.9126739438380136
Halifax,2025-08-14,0.9723859191655801,1.8514993481095177
Halifax,2025-08-15,0.9746465769002145,1.9585196288734397
Halifax,2025-08-16,0.9735319755923607,1.975354623979713
Halifax,2025-08-17,0.9726140197094058,1.9496639838499747
Halifax,2025-08-18,0.97524940017679,1.9925243086248263
Halifax,2025-08-19,0.9743482743384555,2.0279346065098927
Halifax,2025-08-20,0.973879261871901,2.0019680008178704
Halifax,2025-08-21,0.9727969940292361,1.9806464896026355
Halifax,2025-08-22,0.9740792904018459,2.118336280003596
Halifax,2025-08-23,0.9709095801937567,1.9865446716899893
Halifax,2025-08-24,0.9702145922746781,1.795472103004292
Halifax,2025-08-25,0.9704706174736224,1.826709744470301
Halifax,2025-08-26,0.9704301075268817,1.7995845552297165
Halifax,2025-08-27,0.9682455034663305,1.8102487031560577
Halifax,2025-08-28,0.9688289011066802,1.8010807239434625
Halifax,2025-08-29,0.9705256263304405,1.780579662682168
Halifax,2025-08-30,0.9695312316612286,1.7681040351165465
Halifax,2025-08-31,0.9694846239435619,1.7141639639213087
Halifax,2025-09-01,0.9712967256187763,1.7032743812236426
Halifax,2025-09-02,0.9709324758842444,1.7241371918542336
Halifax,2025-09-03,0.9684338682899833,1.7276591034864417
Halifax,2025-09-04,0.9686121861218612,1.680519305193052
Halifax,2025-09-05,0.9671895042419605,1.6033710646533295
Halifax,2025-09-06,0.9677870827119421,1.6359986233796031
Halifax,2025-09-07,0.9676425988568762,1.516178700571562
Halifax,2025-09-08,0.9680856435893551,1.6209160228248245
Halifax,2025-09-09,0.970987108038939,1.5521299241790045
Halifax,2025-09-10,0.9701679742259167,1.6197338973463515
Halifax,2025-09-11,0.9696902545920126,1.7500615551287733
Halifax,2025-09-12,0.9694283093855091,1.76681442983797
Halifax,2025-09-13,0.9677410368554475,1.7929910577485584
Halifax,2025-09-14,0.9712060236271582,1.7179540438790082
Halifax,2025-09-15,0.969736250363747,1.7502447025210974
Halifax,2025-09-16,0.9696283109456763,1.7718347089604574
Halifax,2025-09-17,0.9713238404060341,1.7458057239531932
Halifax,2025-09-18,0.9707938357252556,1.7695016681671345
Halifax,2025-09-19,0.9714114081315021,1.784288561832728
Halifax,2025-09-20,0.9690520603696795,1.7528969532530665
Halifax,2025-09-21,0.9703599785087458,1.757357769685392
Halifax,2025-09-22,0.9712946158499698,1.8180278281911675
Halifax,2025-09-23,0.9730741500748711,1.7763851145249847
Halifax,2025-09-24,0.9748412674754822,1.7477568784093958
Halifax,2025-09-25,0.9733692569483834,1.7301191151446398
Halifax,2025-09-26,0.9716750915112428,1.714601127186102
Halifax,2025-09-27,0.9719815786931177,1.7233583459469903
Halifax,2025-09-28,0.9736925817534038,1.79663443186156
Halifax,2025-09-29,0.9716257457864782,1.771768716834841
Halifax,2025-09-30,0.9705767938607349,1.8187926583442373
Halifax,2025-10-01,0.9741226392125492,1.8219540189906438
Halifax,2025-10-02,0.9722195396748753,1.702591340737164
Halifax,2025-10-03,0.9695884300871799,1.6869973643306075
Halifax,2025-10-04,0.9707748509901942,1.824841376658335
Halifax,2025-10-05,0.9672825012357884,1.778546712802768
Halifax,2025-10-06,0.9725484306952996,1.7945036792311158
Halifax,2025-10-07,0.9727548627396883,1.9079183335632501
Halifax,2025-10-08,0.97043530834341,1.8502116082224909
Halifax,2025-10-09,0.973209908584941,1.8058655593044382
Halifax,2025-10-10,0.97022087825401,1.780074940836182
Halifax,2025-10-11,0.9729025048887233,2.0257007170127572
Halifax,2025-10-12,0.9720206163879247,1.6286245222818274
Halifax,2025-10-13,0.9717627547680356,1.394710426395496
Halifax,2025-10-14,0.9690377987456918,1.7604384428498785
Halifax,2025-10-15,0.9725877940675076,1.5555063075349471
Halifax,2025-10-16,0.9744332054412278,1.6713289152424138
Halifax,2025-10-17,0.9741107444077741,1.6783278327832782
Halifax,2025-10-18,0.9727895772545294,1.8257107959557577
Halifax,2025-10-19,0.968999217005481,1.7600556796102427
Halifax,2025-10-20,0.9732036183649087,1.9973118279569892
Halifax,2025-10-21,0.9728196929017466,1.8248212615765182
Halifax,2025-10-22,0.9698462457083147,1.7411927153306463
Halifax,2025-10-23,0.9740637146282103,1.8375168004649642
Halifax,2025-10-24,0.973840624784021,1.7066832538530652
Halifax,2025-10-25,0.9746848312322082,1.7075030500203334
Halifax,2025-10-26,0.9752375941333158,1.7682922818902298
Halifax,2025-10-27,0.9750943164739441,1.8422231083029168
Halifax,2025-10-28,0.9734749049876582,1.9043607726364455
Halifax,2025-10-29,0.9740801669140954,1.7712554668378606
Halifax,2025-10-30,0.9769995776216258,1.8312022424451868
Halifax,2025-10-31,0.9745631497456315,1.936076089360761
Halifax,2025-11-01,0.9760087784926929,1.6785375829218414
Halifax,2025-11-02,0.9740373077342642,1.8258245154721646
Halifax,2025-11-03,0.9731815976357461,1.8725684795553792
Halifax,2025-11-04,0.9732668781150884,1.9158586316266426
Halifax,2025-11-05,0.9721336309998405,1.998843884547919
Halifax,2025-11-06,0.9720637184973847,2.0365351085750514
Halifax,2025-11-07,0.968699946609717,1.948077949813134
Halifax,2025-11-08,0.9701953050448502,1.8656403079076278
Halifax,2025-11-09,0.9685124518940237,1.8147005502369518
Halifax,2025-11-10,0.9711854015651484,2.013523747700963
Halifax,2025-11-11,0.9728338876247156,1.9317346402940663
Halifax,2025-11-12,0.9703706351191965,1.8026734336466637
Halifax,2025-11-13,0.971985100108645,1.9129675616948627
Halifax,2025-11-14,0.9757954509405831,1.7323224312406813
Halifax,2025-11-15,0.9756552436140806,1.8169647317414328
Halifax,2025-11-16,0.9715278250800354,1.7818268510319462
Halifax,2025-11-17,0.9667512781094705,1.8261056093811447
Halifax,2025-11-18,0.9731108194262141,1.8098631164447778
Halifax,2025-11-19,0.9722528144884973,1.7904429760156633
Halifax,2025-11-20,0.96979163204945,1.876374995845934
Halifax,2025-11-21,0.9690279644205542,1.7416650668714404
Halifax,2025-11-22,0.9719337246865122,1.7565736913404426
Halifax,2025-11-23,0.9689317776806429,1.697622810261928
Halifax,2025-11-24,0.9627065576622021,1.7622543050965385
Halifax,2025-11-25,0.9664814482882237,1.730310091414232
Halifax,2025-11-26,0.9790676959619953,1.649228028503563
Halifax,2025-11-27,0.9785793462955751,1.7531382006650889
Halifax,2025-11-28,0.9790387182910547,1.6378104138851803
Halifax,2025-11-29,0.9739950295918629,1.5939893930465527
Halifax,2025-11-30,0.9731133436508145,1.5774466857277758
Halifax,2025-12-01,0.9712039045553146,1.5941973969631236
Halifax,2025-12-02,0.9731277176114728,1.6299727226078267
Halifax,2025-12-03,0.9674999249767428,1.5832908201542477
Halifax,2025-12-04,0.9743842364532019,1.5750645085620456
Halifax,2025-12-05,0.9759848125296631,1.5461794019933555
Halifax,2025-12-06,0.9722332211443279,1.604929716887745
Halifax,2025-12-07,0.970851590779196,1.6507668127262336
Halifax,2025-12-08,0.9707801960730769,1.5852426336055054
Halifax,2025-12-09,0.9717462039045554,1.614587852494577
Halifax,2025-12-10,0.9744337237500645,1.6771838398431453
Halifax,2025-12-11,0.9771324520538227,1.6708208196372407
Halifax,2025-12-12,0.9663654261249081,1.613747954173486
Halifax,2025-12-13,0.9687377772811085,1.596552494831536
Halifax,2025-12-14,0.967574432058699,1.5654861013122618
Halifax,2025-12-15,0.9685974520776283,1.591320395285153
Halifax,2025-12-16,0.9693098180808221,1.5474239688932092
Halifax,2025-12-17,0.9731867436526142,1.513037517466846
Halifax,2025-12-18,0.970618160160806,1.7572275851800383
Halifax,2025-12-19,0.9676042729078319,1.6769552847710558
Halifax,2025-12-20,0.9703473380858486,1.6682592648768897
Halifax,2025-12-21,0.9707219442458899,1.6127519656897784
Halifax,2025-12-22,0.9733630550301721,1.5981491488786814
Halifax,2025-12-23,0.9740033470117604,1.6825382270007565
Halifax,2025-12-24,0.9630849699499585,1.6338169839314005
Halifax,2025-12-25,0.9683058521585434,1.636570543086124
Halifax,2025-12-26,0.9700026616981634,1.7001330849081715
Halifax,2025-12-27,0.9736377891023128,1.6543022344178753
Halifax,2025-12-28,0.9751262159832533,1.680876739317818
Halifax,2025-12-29,0.9760070806621376,1.7110563582432303
Halifax,2025-12-30,0.9755547583662174,1.6556910777430431
Halifax,2025-12-31,0.9724995291015257,1.7084734816887766
London,2023-02-28,0.8218490462717897,1.0222688692160262
London,2023-03-01,0.8363779734524904,1.499868576685504
London,2023-03-02,0.8362387072146583,1.6119735335284386
London,2023-03-03,0.8294538361508452,1.567230169050715
London,2023-03-04,0.8255862068965517,1.5468275862068965
London,2023-03-05,0.8320723590647933,1.3793731156493543
London,2023-03-06,0.8331099555031363,1.4107650243928591
London,2023-03-07,0.935126937766794,1.5231408672208493
London,2023-03-08,0.9335234361076457,1.5744074140081983
London,2023-03-09,0.8366067203028869,1.566848083293895
London,2023-03-10,0.8313346729759512,1.4537499189732288
London,2023-03-11,0.8402800497284565,1.4204017535824118
London,2023-03-12,0.8345086976962859,1.386459802538787
London,2023-03-13,0.8272153799939922,1.4014418744367678
London,2023-03-14,0.8387478182534768,1.475986712459884
London,2023-03-15,0.8311179605727862,1.3967122583959417
London,2023-03-16,0.8147313691507799,1.5311958405545927
London,2023-03-17,0.8095112052232222,1.5628198341274042
London,2023-03-18,0.8036604149678355,1.5457098849324997
London,2023-03-19,0.809220291626648,1.464856369510172
London,2023-03-20,0.8117195004803074,1.5722862632084533
London,2023-03-21,0.8134993973483327,1.6290879871434312
London,2023-03-22,0.8133370278008683,1.5943474646716542
London,2023-03-23,0.8181375334902979,1.615328407891532
London,2023-03-24,0.824192212096106,1.7367025683512842
London,2023-03-25,0.8186433260393873,1.7232385120350109
London,2023-03-26,0.816523286858499,1.4692227825571047
London,2023-03-27,0.8330376153300213,1.582978471729359
London,2023-03-28,0.8389634146341464,1.546890243902439
London,2023-03-29,0.8349352556401014,1.5082765985849687
London,2023-03-30,0.8356041131105398,1.63206940874036
London,2023-03-31,0.8334728033472804,1.499302649930265
London,2023-04-01,0.832597470627853,1.5923071166654195
London,2023-04-02,0.8391795481569561,1.562029330162505
London,2023-04-03,0.8385987734621817,1.5420925478535588
London,2023-04-04,0.8406657745065239,1.5395617263298762
London,2023-04-05,0.8212429378531073,1.464256120527307
London,2023-04-06,0.8101643158353934,1.587683582957685
London,2023-04-07,0.8069295101553166,1.683552369573875
London,2023-04-08,0.8198338174694318,1.5157738296291292
London,2023-04-09,0.8181450798141039,1.4584091062167441
London,2023-04-10,0.8204120357820548,1.526091081593928
London,2023-04-11,0.8239243388405628,1.508844649424952
London,2023-04-12,0.8186017216040311,1.5557421792987614
London,2023-04-13,0.8289990186457311,1.6712463199214918
London,2023-04-14,0.828916058094691,1.797735291704275
London,2023-04-15,0.8221757322175732,1.780254264563888
London,2023-04-16,0.8202383848212114,1.6651260844887699
London,2023-04-17,0.8300612951941014,1.8094518965976725
London,2023-04-18,0.8293508936970837,1.8315145813734712
London,2023-04-19,0.8380800283914471,1.4596752728240618
London,2023-04-20,0.8559181415929203,1.6288716814159292
London,2023-04-21,0.8446803600276944,1.6976690514654973
London,2023-04-22,0.8361995753715499,1.6016985138004247
London,2023-04-23,0.8356836843984291,1.4406461977865048
London,2023-04-24,0.8382959230416858,1.587265231333028
London,2023-04-25,0.8427546802820326,1.7664113785557987
London,2023-04-26,0.8396347235369452,1.6738682554707947
London,2023-04-27,0.841593625498008,1.6712350597609562
London,2023-04-28,0.8427291288566243,1.6711660617059891
London,2023-04-29,0.8300060802594244,1.4569314957438184
London,2023-04-30,0.8286598518240645,1.4868235956109912
London,2023-05-01,0.827365308804205,1.6333360709592641
London,2023-05-02,0.8358113509192646,1.718784972022382
London,2023-05-03,0.8338522714484,1.6660539445549012
London,2023-05-04,0.8382591750568367,1.7318934719064631
London,2023-05-05,0.8365351432186817,1.7865332259672533
London,2023-05-06,0.8346917287368872,1.7576726592052412
London,2023-05-07,0.832381901076587,1.6474847706984406
London,2023-05-08,0.835592903828198,1.711297852474323
London,2023-05-09,0.8379736620079967,1.720993360478339
London,2023-05-10,0.8372175391372104,1.7412339732237727
London,2023-05-11,0.839343370832342,1.7588961016891547
London,2023-05-12,0.8410132851454004,1.805474684603286
London,2023-05-13,0.8333215397679027,1.7172374752335127
London,2023-05-14,0.8326065984950801,1.6682230368512445
London,2023-05-15,0.8371731239351063,1.775724127713164
London,2023-05-16,0.8392700003825994,1.8154723189348434
London,2023-05-17,0.8333754375834567,1.7893103323829802
London,2023-05-18,0.8355719237435009,1.8068313113807049
London,2023-05-19,0.8338355727301734,1.8349700428971532
London,2023-05-20,0.8274048188339158,1.7897002023174544
London,2023-05-21,0.8238549830986962,1.6942164109802755
London,2023-05-22,0.8268416447944007,1.6434295713035871
London,2023-05-23,0.8324623320211755,1.7046626849463826
London,2023-05-24,0.8350141185962081,1.7509748554524673
London,2023-05-25,0.8301765541500372,1.7864438882500169
London,2023-05-26,0.8321114112323289,1.7670747535692988
London,2023-05-27,0.8238316266874535,1.7797895333593168
London,2023-05-28,0.8175131986164209,1.587001638448935
London,2023-05-29,0.83149792776791,1.701203868166568
London,2023-05-30,0.8304555543016213,1.6732498213143738
London,2023-05-31,0.8315680702660811,1.6746503302948665
London,2023-06-01,0.8325135809719572,1.7169284980179123
London,2023-06-02,0.8347697330954098,1.7947150613159193
London,2023-06-03,0.8268961220993615,1.7002413954212738
London,2023-06-04,0.8226310726310726,1.6018919352252685
London,2023-06-05,0.8280682135868046,1.7479382163824433
London,2023-06-06,0.8329760081674323,1.8101752594861324
London,2023-06-07,0.8328138993372739,1.830306286942504
London,2023-06-08,0.8304232129187475,1.81194182189334
London,2023-06-09,0.830552129434811,1.8256910687078285
London,2023-06-10,0.8246306859733802,1.7879918092730729
London,2023-06-11,0.8223968565815324,1.6139489194499017
London,2023-06-12,0.8266112604905076,1.6452375132404464
London,2023-06-13,0.8285068968298782,1.6457207388884407
London,2023-06-14,0.8281862949670311,1.7389616893414572
London,2023-06-15,0.8317791261147535,1.7209349676263388
London,2023-06-16,0.8293945206470993,1.7236799247222323
London,2023-06-17,0.8268713581353653,1.6919169281338713
London,2023-06-18,0.8242543843318315,1.6241575753062516
London,2023-06-19,0.8292719112792553,1.6546122176477134
London,2023-06-20,0.8326400268918862,1.7012479515946048
London,2023-06-21,0.8325819177199903,1.7748168424442476
London,2023-06-22,0.8395497509510923,1.815978350394164
London,2023-06-23,0.8343565388625044,1.7521525927641994
London,2023-06-24,0.8284696484473391,1.7037530135655428
London,2023-06-25,0.8341147488874762,1.6865066751430389
London,2023-06-26,0.837257032476156,1.7207131071672905
London,2023-06-27,0.8339962019420258,1.6769500877853023
London,2023-06-28,0.8378834470861771,1.786169654241356
London,2023-06-29,0.8351063829787234,1.8088605823068309
London,2023-06-30,0.8385105302231078,1.821669987887313
London,2023-07-01,0.831455362067607,1.7874083996532977
London,2023-07-02,0.8257353207848257,1.6635476734486636
London,2023-07-03,0.833719217006946,1.7528941275520944
London,2023-07-04,0.8421609307623464,1.843584736799284
London,2023-07-05,0.8392786207992373,1.8189004528481767
London,2023-07-06,0.835227475150522,1.8224375645730164
London,2023-07-07,0.8354481443450198,1.8141044447704269
London,2023-07-08,0.8311555587999124,1.7939995620118256
London,2023-07-09,0.8322902222388787,1.6780721807892667
London,2023-07-10,0.8330029030659208,1.731076966650145
London,2023-07-11,0.8382937251668041,1.7653872104355648
London,2023-07-12,0.8369060858227557,1.755148214902021
London,2023-07-13,0.8390967945681351,1.8053844939207326
London,2023-07-14,0.8406984346755894,1.811545709780393
London,2023-07-15,0.8385954432972097,1.8255823875757318
London,2023-07-16,0.8304896710022953,1.7032899770466718
London,2023-07-17,0.8410913325569789,1.6538679088338046
London,2023-07-18,0.8490217267660107,1.8281765441929245
London,2023-07-19,0.844879745878082,1.5652700045378913
London,2023-07-20,0.8412021770020643,1.606959972117215
London,2023-07-21,0.8434371217955771,1.680740455495654
London,2023-07-22,0.8359876738761052,1.60020735535524
London,2023-07-23,0.8323192990995376,1.5097212081879885
London,2023-07-24,0.8380721567059765,1.6697981211273236
London,2023-07-25,0.8422627080521817,1.6368196131354027
London,2023-07-26,0.848398122220392,1.5985628397298632
London,2023-07-27,0.8484803526768683,1.6097452418295113
London,2023-07-28,0.8475384316014789,1.599727573457871
London,2023-07-29,0.8435766992071131,1.564966313763234
London,2023-07-30,0.844140558123609,1.5040874850196884
London,2023-07-31,0.8466750417035649,1.5678069073460057
London,2023-08-01,0.8497163678522629,1.6278207941700136
London,2023-08-02,0.8494633273703042,1.5620527728085867
London,2023-08-03,0.8496508132956153,1.5939931046676097
London,2023-08-04,0.8509208902700973,1.6079475343905671
London,2023-08-05,0.8436821309888269,1.5699557788418768
London,2023-08-06,0.843002286004572,1.4748539497078994
London,2023-08-07,0.8470246466695871,1.512968897701335
London,2023-08-08,0.8478748248482018,1.6248248482017749
London,2023-08-09,0.845428027901078,1.633709575142676
London,2023-08-10,0.8498770315154281,1.6110899825055145
London,2023-08-11,0.854628224582701,1.7026707132018208
London,2023-08-12,0.8540533113492718,1.574361088211047
London,2023-08-13,0.8556151249539047,1.4991064590247638
London,2023-08-14,0.8525552881860892,1.535980291050762
London,2023-08-15,0.8518458505495693,1.6411731345702016
London,2023-08-16,0.8460676360987364,1.5963408142108655
London,2023-08-17,0.8478187806681454,1.6569872958257714
London,2023-08-18,0.8454560025645136,1.6770636319923065
London,2023-08-19,0.8459440347509849,1.6929656194228373
London,2023-08-20,0.843392264444896,1.5389487231592496
London,2023-08-21,0.8467069933954694,1.666347756311339
London,2023-08-22,0.849063510463059,1.6459947532182295
London,2023-08-23,0.8488308863512779,1.655503310622781
London,2023-08-24,0.8470844902816342,1.6129842655031073
London,2023-08-25,0.8438176569641569,1.6676990618234304
London,2023-08-26,0.8470097803431137,1.6919352252685587
London,2023-08-27,0.8432008737832889,1.5589000610363326
London,2023-08-28,0.8500540248514317,1.6521339816315506
London,2023-08-29,0.8516499533582089,1.617537313432836
London,2023-08-30,0.846932735146587,1.4925382434495436
London,2023-08-31,0.8544573643410853,1.6406007751937985
London,2023-09-01,0.8492272567615033,1.5261093548764781
London,2023-09-02,0.8465929684668358,1.5580524344569289
London,2023-09-03,0.843571920596155,1.48910388878452
London,2023-09-04,0.8480277363827134,1.5544539399653294
London,2023-09-05,0.8478685612788632,1.5281823564239194
London,2023-09-06,0.8468193938074767,1.5988463840670404
London,2023-09-07,0.8446930499230877,1.5917494056775277
London,2023-09-08,0.8422042925024715,1.491405427815161
London,2023-09-09,0.8421696958282324,1.5247198417930126
London,2023-09-10,0.8420701391437819,1.444559378023958
London,2023-09-11,0.8517499163164355,1.5053371517833898
London,2023-09-12,0.8449534963830521,1.4731312435411643
London,2023-09-13,0.8431685927383001,1.444225883124334
London,2023-09-14,0.8437877415458938,1.583220108695652
London,2023-09-15,0.8389515468464495,1.5635435700333942
London,2023-09-16,0.8424338043627384,1.5682535327205378
London,2023-09-17,0.8439869259022138,1.5607372712875291
London,2023-09-18,0.845550619278406,1.5406906300484653
London,2023-09-19,0.8421928638302298,1.5814001872464372
London,2023-09-20,0.8443594944609143,1.5133796224059917
London,2023-09-21,0.842074779586846,1.5848188429113843
London,2023-09-22,0.8507536919427653,1.6365444946055552
London,2023-09-23,0.8415944402284619,1.5706354595199106
London,2023-09-24,0.8389293078628954,1.5037544255534374
London,2023-09-25,0.8423673887088521,1.5810677127750299
London,2023-09-26,0.8352018643320527,1.567708005290672
London,2023-09-27,0.838506588579795,1.618338213762811
London,2023-09-28,0.8339326577312848,1.5478914677999347
London,2023-09-29,0.8350864263700924,1.5147393809460004
London,2023-09-30,0.8361994394657625,1.5114355904639978
London,2023-10-01,0.8423238012709416,1.512023396880416
London,2023-10-02,0.8376819905062283,1.4844053649367612
London,2023-10-03,0.8447458336238756,1.6029565581200753
London,2023-10-04,0.8421339663800846,1.596593096368536
London,2023-10-05,0.8455958225196211,1.5973546793408586
London,2023-10-06,0.8479002716066578,1.567866843094923
London,2023-10-07,0.8433683722368218,1.556422940176225
London,2023-10-08,0.8407525368491223,1.5075549959262278
London,2023-10-09,0.8421953641250385,1.5595234019241964
London,2023-10-10,0.8441751419891692,1.576145819574693
London,2023-10-11,0.8440561676890427,1.627234933279065
London,2023-10-12,0.8515616839026429,1.711549845050315
London,2023-10-13,0.8498313114636422,1.6705548776110832
London,2023-10-14,0.8373704525423213,1.4822356624016046
London,2023-10-15,0.8345869947275922,1.4475922671353252
London,2023-10-16,0.8377556042775963,1.490044297283995
London,2023-10-17,0.8410125932736097,1.4761711316841633
London,2023-10-18,0.8393576035669451,1.4506947751179602
London,2023-10-19,0.8362607373761424,1.4005934174618582
London,2023-10-20,0.8403966658207586,1.3826107326214692
London,2023-10-21,0.8357920089458518,1.38043525009677
London,2023-10-22,0.8282813511876163,1.3527126115022248
London,2023-10-23,0.8323026490652964,1.40001771950031
London,2023-10-24,0.8331997814605718,1.409652158076853
London,2023-10-25,0.8348179291669636,1.4821314045464262
London,2023-10-26,0.8368745486000302,1.4705141340678907
London,2023-10-27,0.8343381843381843,1.458939708939709
London,2023-10-28,0.8316028890895201,1.337888047781096
London,2023-10-29,0.8305992056639613,1.3562208599551027
London,2023-10-30,0.8388961208018745,1.4467065868263473
London,2023-10-31,0.8401162062661224,1.444939768088357
London,2023-11-01,0.8365856968381056,1.4360971637942732
London,2023-11-02,0.8383180252583238,1.4595292766934558
London,2023-11-03,0.8313515601291142,1.4364775015863382
London,2023-11-04,0.8299714700435458,1.4355823614795535
London,2023-11-05,0.8334799437016186,1.3958919774806475
London,2023-11-06,0.8362788680472731,1.3696917127471178
London,2023-11-07,0.8410400850571711,1.3482867322004812
London,2023-11-08,0.8393910785933444,1.389072456927071
London,2023-11-09,0.8364577897314439,1.4011280157360202
London,2023-11-10,0.8334143423315636,1.3966200553353771
London,2023-11-11,0.8344106512837681,1.2587623290669825
London,2023-11-12,0.8322248497388905,1.3808256971130162
London,2023-11-13,0.8394501475965986,1.3845442128915715
London,2023-11-14,0.8374378540871777,1.3633021158515435
London,2023-11-15,0.8346606895893939,1.3425771376794315
London,2023-11-16,0.8337216345929827,1.3233306928847677
London,2023-11-17,0.8298312336581888,1.3216543855478964
London,2023-11-18,0.8343965785009437,1.3190213365828016
London,2023-11-19,0.8329157355364438,1.269700458228934
London,2023-11-20,0.8369389731998709,1.3267678398450113
London,2023-11-21,0.83674273137959,1.400834009035098
London,2023-11-22,0.8392142941663708,1.3879067565968524
London,2023-11-23,0.8355003811390613,1.394968964390722
London,2023-11-24,0.8314900857273738,1.388259930632812
London,2023-11-25,0.8347472171823666,1.3850585985387143
London,2023-11-26,0.8324491940237309,1.2995053945311499
London,2023-11-27,0.8385612412065144,1.3684109087404837
London,2023-11-28,0.8367581246046065,1.3700180416598327
London,2023-11-29,0.8367098317014845,1.3956819925100392
London,2023-11-30,0.8399615137908916,1.4011958214972968
London,2023-12-01,0.8384972649396223,1.3870781298379606
London,2023-12-02,0.839958938024597,1.335822547855317
London,2023-12-03,0.8371476187122973,1.3075839729596508
London,2023-12-04,0.8372643309671017,1.330687224893774
London,2023-12-05,0.8351923679202101,1.3308680045291383
London,2023-12-06,0.8352879327078615,1.310922840504691
London,2023-12-07,0.8361044613710555,1.3840478781284005
London,2023-12-08,0.8329524065609034,1.392780317289594
London,2023-12-09,0.8327821320164908,1.3519005119376615
London,2023-12-10,0.8388617123455963,1.3138332328173512
London,2023-12-11,0.8390430047592505,1.3537709557089568
London,2023-12-12,0.8318617145526747,1.3399906563886943
London,2023-12-13,0.8396421972871885,1.3553467622008923
London,2023-12-14,0.839328119213089,1.340667959303719
London,2023-12-15,0.8350137488542622,1.3029011148295782
London,2023-12-16,0.8313896208042159,1.292908695154084
London,2023-12-17,0.8334370720776796,1.2617950952321673
London,2023-12-18,0.8322489671721545,1.2502535685129752
London,2023-12-19,0.8279975067996374,1.213366953762466
London,2023-12-20,0.8352287931495852,1.3534921059673535
London,2023-12-21,0.8334979302809354,1.3635141098106784
London,2023-12-22,0.8356453028972783,1.3528533801580334
London,2023-12-23,0.831564838601586,1.2932871663129677
London,2023-12-24,0.8356445112371064,1.2886353803766195
London,2023-12-25,0.8384277614358188,1.2809395915931279
London,2023-12-26,0.842191025319629,1.2747555778390574
London,2023-12-27,0.8359810885298796,1.3057877165072038
London,2023-12-28,0.8351816443594646,1.301620207306028
London,2023-12-29,0.8411479195136893,1.3610338815324443
London,2023-12-30,0.8341632205249389,1.3417376993839143
London,2023-12-31,0.8351031774069533,1.2741007044741381
London,2024-01-01,0.8378630457887773,1.3601934798169317
London,2024-01-02,0.8375785974608515,1.3001722135447955
London,2024-01-03,0.8361466938026259,1.3651183207629993
London,2024-01-04,0.8339759088631858,1.414820623407175
London,2024-01-05,0.8385621061601597,1.388738142757832
London,2024-01-06,0.8352371853451857,1.3625903464318352
London,2024-01-07,0.8317383427851291,1.2880828607435413
London,2024-01-08,0.8320448778940691,1.3402513479226135
London,2024-01-09,0.8361287729299131,1.3548929328363664
London,2024-01-10,0.8306277980930249,1.340675301595981
London,2024-01-11,0.8351366444452201,1.3642804788663572
London,2024-01-12,0.835017028278422,1.362491868518731
London,2024-01-13,0.8261876717707106,1.3105025520219866
London,2024-01-14,0.8316885272520612,1.2809100257997006
London,2024-01-15,0.8330799576638122,1.3087655152506494
London,2024-01-16,0.8335806132542037,1.3029002402147802
London,2024-01-17,0.8414892592235815,1.31653983238609
London,2024-01-18,0.8392537573444404,1.3384223112617393
London,2024-01-19,0.8372746788428119,1.3134221555866017
London,2024-01-20,0.8347411965098898,1.3043939235930058
London,2024-01-21,0.8404333455747337,1.2931425900577571
London,2024-01-22,0.8421440744625066,1.3667573413738856
London,2024-01-23,0.8448411573942886,1.377554233179056
London,2024-01-24,0.8418102585423692,1.2792534762322725
London,2024-01-25,0.842072843289004,1.314559181223742
London,2024-01-26,0.8397478490501746,1.3213220887639492
London,2024-01-27,0.8372187211430978,1.2713723330147262
London,2024-01-28,0.8337437655860349,1.20911783042394
London,2024-01-29,0.8374773480482589,1.2736845542259154
London,2024-01-30,0.8407566140436535,1.3690482648872493
London,2024-01-31,0.8378747573513552,1.333992379035157
London,2024-02-01,0.8415753118663871,1.3070208598233617
London,2024-02-02,0.8440314098407896,1.2434983070383978
London,2024-02-03,0.8401317684331797,1.2377232142857142
London,2024-02-04,0.839024305736015,1.2001455225819864
London,2024-02-05,0.8420771503446894,1.2537682151262748
London,2024-02-06,0.840277197962762,1.2427986975035485
London,2024-02-07,0.8351563969159406,1.1099166301009216
London,2024-02-08,0.8315719144800777,1.190010528020732
London,2024-02-09,0.8337901370411124,1.211703511053316
London,2024-02-10,0.83396964163854,1.2227447942603147
London,2024-02-11,0.837669503413448,1.1760965117366502
London,2024-02-12,0.8443964243498818,1.172798463356974
London,2024-02-13,0.8407573824448512,1.2159538470072668
London,2024-02-14,0.847445574882398,1.2385406410677169
London,2024-02-15,0.8447197908377856,1.2755674282899474
London,2024-02-16,0.8404909065075306,1.2455065359477124
London,2024-02-17,0.8357444748552384,1.2297194138784933
London,2024-02-18,0.8378162086196127,1.1601733291692693
London,2024-02-19,0.8430188178288142,1.2717964886661577
London,2024-02-20,0.8380186544690964,1.2598603356502205
London,2024-02-21,0.8372687951259741,1.2636450847400575
London,2024-02-22,0.844623765640454,1.2946606590577263
London,2024-02-23,0.8451959813216358,1.2327012876751096
London,2024-02-24,0.8450625539623152,1.237823562274628
London,2024-02-25,0.8478218814301542,1.2013682488876383
London,2024-02-26,0.8495564360601704,1.274115501946071
London,2024-02-27,0.8461139896373057,1.23
London,2024-02-28,0.8459902496482675,1.2481431796616824
London,2024-02-29,0.8495787816319574,1.2715925138377133
London,2024-03-01,0.8484916958535759,1.2532885711057669
London,2024-03-02,0.8443064038897444,1.2627134774107591
London,2024-03-03,0.8429702801669079,1.226398705611854
London,2024-03-04,0.8439644916262469,1.21898355754858
London,2024-03-05,0.844570558745181,1.2408047783715812
London,2024-03-06,0.8424594581963766,1.2601062421136262
London,2024-03-07,0.8417097870451014,1.2691736256980377
London,2024-03-08,0.8369886051619989,1.2784356123009335
London,2024-03-09,0.8373059376878735,1.2941790147469674
London,2024-03-10,0.8396466195726481,1.2553769566512998
London,2024-03-11,0.8425485170267302,1.2655370992976265
London,2024-03-12,0.8437021032999095,1.3262238472476133
London,2024-03-13,0.8442790663986818,1.316421315660818
London,2024-03-14,0.8478821921967512,1.4244724457264308
London,2024-03-15,0.8423126064735945,1.2994250425894378
London,2024-03-16,0.8325596168881939,1.0685594214229868
London,2024-03-17,0.837173727828983,1.1521958020292773
London,2024-03-18,0.8413864441249693,1.2322136119779796
London,2024-03-19,0.839260204567532,1.3060703605645607
London,2024-03-20,0.8470365648007239,1.2280261588450623
London,2024-03-21,0.8513190500208329,1.2320563145545054
London,2024-03-22,0.8557617042882227,1.2477945376462376
London,2024-03-23,0.8519545444997585,1.2464133425756716
London,2024-03-24,0.8444283827231264,1.25023054108616
London,2024-03-25,0.8512912017882703,1.2078276044628327
London,2024-03-26,0.8599018372604698,1.2345939033792805
London,2024-03-27,0.8524444444444444,1.2682705314009661
London,2024-03-28,0.8547784942801813,1.2544670486533969
London,2024-03-29,0.8496315013687092,1.1877869025057908
London,2024-03-30,0.8450531100700404,1.2025372234333689
London,2024-03-31,0.8395131269592476,1.141065830721003
London,2024-04-01,0.8397192292216211,1.1513613806053562
London,2024-04-02,0.8447588041085841,1.1288288701393985
London,2024-04-03,0.846650816621873,1.1980566466818277
London,2024-04-04,0.8503371525683899,1.2543994298558192
London,2024-04-05,0.8544199802826158,1.283323643165904
London,2024-04-06,0.843059528367756,1.2107705128493884
London,2024-04-07,0.8445526120993249,1.1857517776631301
London,2024-04-08,0.842562825447136,1.2407742811863256
London,2024-04-09,0.8451682757376162,1.260962735721375
London,2024-04-10,0.8424142402451963,1.241730519863256
London,2024-04-11,0.8443799488942869,1.2263162875800497
London,2024-04-12,0.8308039573527999,1.0981654019786764
London,2024-04-13,0.8282275711159738,1.012536469730124
London,2024-04-14,0.8440035365092573,1.1892032452673185
London,2024-04-15,0.8479608668448894,1.2729651328138332
London,2024-04-16,0.8491761424079809,1.198387744970568
London,2024-04-17,0.8396741583175377,1.294182687968228
London,2024-04-18,0.8359318996415771,1.2637320788530466
London,2024-04-19,0.844686291221399,1.2954828558316396
London,2024-04-20,0.838343086540574,1.2423855079989614
London,2024-04-21,0.8368875408306113,1.241250583294447
London,2024-04-22,0.8413696352488829,1.3268731164917384
London,2024-04-23,0.8379276240712094,1.3150660614206375
London,2024-04-24,0.8385128458498023,1.3383646245059289
London,2024-04-25,0.8359549470822409,1.3324351878823186
London,2024-04-26,0.837533057232673,1.305249239059927
London,2024-04-27,0.8325269919365861,1.3278666119994533
London,2024-04-28,0.8321076804630048,1.2737940372209096
London,2024-04-29,0.838781861673397,1.2761387895779213
London,2024-04-30,0.8409545983701979,1.2869615832363213
London,2024-05-01,0.84077076546203,1.3330555345101902
London,2024-05-02,0.8389334317966031,1.2905897246544995
London,2024-05-03,0.8416654449494209,1.3066021599960904
London,2024-05-04,0.8415934842230657,1.3671219214893204
London,2024-05-05,0.837553209132622,1.2956216485156724
London,2024-05-06,0.8423482551034265,1.258996062101118
London,2024-05-07,0.8471119264283473,1.2589490453547032
London,2024-05-08,0.848571055722302,1.3110531123580842
London,2024-05-09,0.8461032987251939,1.3020370613746879
London,2024-05-10,0.8525831963845522,1.2891074363188169
London,2024-05-11,0.8430612875150902,1.2292315898818047
London,2024-05-12,0.8450133485888635,1.2317648741418765
London,2024-05-13,0.8441994798978206,1.2672312613628518
London,2024-05-14,0.8451817970385301,1.182959919373595
London,2024-05-15,0.8473305548441175,1.2205406412256397
London,2024-05-16,0.8464577975216273,1.3106382978723403
London,2024-05-17,0.8425849989455678,1.310260796213417
London,2024-05-18,0.8404772966232242,1.3087757048194244
London,2024-05-19,0.8384202013878019,1.2582302916471018
London,2024-05-20,0.8383143832420619,1.2757299673387197
London,2024-05-21,0.837314126394052,1.3398698884758364
London,2024-05-22,0.8399520424046106,1.3405830633965756
London,2024-05-23,0.8401988219408623,1.394962916576975
London,2024-05-24,0.8372301978715333,1.416887965976479
London,2024-05-25,0.8358302982577025,1.4076976080322867
London,2024-05-26,0.8334908667267492,1.3125975424790628
London,2024-05-27,0.8368353891960868,1.3245427477669076
London,2024-05-28,0.8364945519423972,1.3670057985174486
London,2024-05-29,0.835465826528644,1.4147752845110269
London,2024-05-30,0.8365949314168541,1.3949553064840436
London,2024-05-31,0.8281593647209949,1.3219992603982171
London,2024-06-01,0.8257481780120949,1.3074895332609706
London,2024-06-02,0.82418134964698,1.2651526261758606
London,2024-06-03,0.8308518737839439,1.319431520175958
London,2024-06-04,0.8256410256410256,1.3010826210826212
London,2024-06-05,0.8243325447786415,1.3501408133378394
London,2024-06-06,0.8298440385342737,1.3226466727479032
London,2024-06-07,0.8314712757060451,1.284926983037763
London,2024-06-08,0.8247847571370002,1.2395399520963253
London,2024-06-09,0.8195761097127803,1.2015948813248336
London,2024-06-10,0.8290232321519416,1.2889816856028489
London,2024-06-11,0.8243717969912382,1.3043271615143
London,2024-06-12,0.828373273639398,1.3301221194011952
London,2024-06-13,0.8276612340408063,1.344205427152182
London,2024-06-14,0.8270719440192433,1.3102558495517167
London,2024-06-15,0.8275005738850978,1.2400926563576034
London,2024-06-16,0.8262579582606131,1.2522061896216907
London,2024-06-17,0.8222447475119794,1.2826667895318835
London,2024-06-18,0.8285448724568832,1.2553547454301353
London,2024-06-19,0.8287148481964582,1.301778350034522
London,2024-06-20,0.8289856330569904,1.2909848517730804
London,2024-06-21,0.8278683352613314,1.2888000841308234
London,2024-06-22,0.8283431997571342,1.3151942926533091
London,2024-06-23,0.8292313517606967,1.3181154324660573
London,2024-06-24,0.8333456575590639,1.3396310126816282
London,2024-06-25,0.8348432055749129,1.3621438819430212
London,2024-06-26,0.8310547443132236,1.3715360598832587
London,2024-06-27,0.8318801504642213,1.3980561414189734
London,2024-06-28,0.8365162099617189,1.3848865627095184
London,2024-06-29,0.8326766702992707,1.3785522675832007
London,2024-06-30,0.8297350824558307,1.2978802674667138
London,2024-07-01,0.8310026256928912,1.3464747641738792
London,2024-07-02,0.8314863541206522,1.4042291662665412
London,2024-07-03,0.832193074501574,1.3370199370409235
London,2024-07-04,0.8339468302658487,1.407585052983826
London,2024-07-05,0.8321328599713251,1.4084795521267153
London,2024-07-06,0.8291697064100795,1.3899087091113433
London,2024-07-07,0.8292466712763505,1.3289364040919809
London,2024-07-08,0.8358752229461653,1.3376769919557383
London,2024-07-09,0.8325037909196326,1.3468200874141467
London,2024-07-10,0.8388631168481915,1.368058356864327
London,2024-07-11,0.8384368763699415,1.3800994536591749
London,2024-07-12,0.8347857776651033,1.3594562048421852
London,2024-07-13,0.8362736586212884,1.328355617294669
London,2024-07-14,0.8366317658213803,1.285016845205673
London,2024-07-15,0.8377432101235432,1.3251638073325664
London,2024-07-16,0.8384759815894854,1.3578086835152785
London,2024-07-17,0.8371805925693683,1.2583868944975702
London,2024-07-18,0.8432655873234585,1.3034217476174073
London,2024-07-19,0.8449925152433458,1.3198729416919202
London,2024-07-20,0.8423074602248728,1.2475410825271034
London,2024-07-21,0.8383920790610573,1.1990247158511487
London,2024-07-22,0.844904794159705,1.2540453074433657
London,2024-07-23,0.8429910291007221,1.2732295237400628
London,2024-07-24,0.8433371437138092,1.2796506943012949
London,2024-07-25,0.8419221569906501,1.2990783949688058
London,2024-07-26,0.8430038566538112,1.2163626121246263
London,2024-07-27,0.8444830274254128,1.2529764013889872
London,2024-07-28,0.8457662018640272,1.2139838161982515
London,2024-07-29,0.8450523257979219,1.2842724665748018
London,2024-07-30,0.8490452082778221,1.2565947242206235
London,2024-07-31,0.8456839198292816,1.226473911042303
London,2024-08-01,0.8404695277481984,1.199945518932171
London,2024-08-02,0.8443428184281843,1.3454649390243902
London,2024-08-03,0.8449743079391514,1.3059284684282146
London,2024-08-04,0.8413733071519667,1.1705904977833559
London,2024-08-05,0.8407189339944221,1.1870261336638777
London,2024-08-06,0.8442524598032157,1.2404423030772922
London,2024-08-07,0.8422857568867186,1.2715361389644761
London,2024-08-08,0.8402931100114198,1.2795584316711077
London,2024-08-09,0.8412173277280205,1.2998172180588559
London,2024-08-10,0.8412510748065348,1.3692390369733447
London,2024-08-11,0.8429015149914425,1.291440403997718
London,2024-08-12,0.8450307119121941,1.2836404524552747
London,2024-08-13,0.8406212918194216,1.2609850698687637
London,2024-08-14,0.8404826949867024,1.3138964774844861
London,2024-08-15,0.8458496028005924,1.355914231856739
London,2024-08-16,0.8472971711324806,1.3230510689944917
London,2024-08-17,0.8452101784918312,1.3054322758192989
London,2024-08-18,0.8467377482148097,1.2689230167269883
London,2024-08-19,0.8451571104632329,1.2430150631681245
London,2024-08-20,0.8430073508886201,1.2150925839769238
London,2024-08-21,0.8421344883113998,1.234216225220723
London,2024-08-22,0.8497797283036567,1.2913784150488283
London,2024-08-23,0.8496283304100893,1.3121189342687714
London,2024-08-24,0.8461110747694119,1.3128475174985281
London,2024-08-25,0.8454315221681358,1.2830877516116301
London,2024-08-26,0.8480923372875921,1.311670407181789
London,2024-08-27,0.8479366610151037,1.3174726625083606
London,2024-08-28,0.845354013075532,1.288548476839616
London,2024-08-29,0.843714567865111,1.2949782378113457
London,2024-08-30,0.8454971543354536,1.351095487854778
London,2024-08-31,0.8426387684301822,1.3468849378433072
London,2024-09-01,0.8452460600654178,1.3355077311923877
London,2024-09-02,0.8439594778488988,1.3249500193202628
London,2024-09-03,0.8440182044377254,1.3166091872568937
London,2024-09-04,0.845289406454242,1.363149068225632
London,2024-09-05,0.845581294023673,1.3691089971679617
London,2024-09-06,0.8429341809221099,1.3269704653405237
London,2024-09-07,0.8423189713512295,1.3108880366944884
London,2024-09-08,0.8387305192262511,1.2898034301824732
London,2024-09-09,0.8446761499552617,1.3241239523035626
London,2024-09-10,0.8400750469043152,1.3095872420262664
London,2024-09-11,0.8379819070580169,1.383623454469045
London,2024-09-12,0.8374985415937464,1.3961031384902578
London,2024-09-13,0.8423100396704303,1.3327929508696978
London,2024-09-14,0.840344773050767,1.3021904159417999
London,2024-09-15,0.8359688408719461,1.2667204380956425
London,2024-09-16,0.8383718521029929,1.276336855587576
London,2024-09-17,0.8429153013603415,1.3382782246053024
London,2024-09-18,0.8417790274138922,1.3535476175261465
London,2024-09-19,0.8412726626377532,1.399306789904017
London,2024-09-20,0.836822129601602,1.3357393997252427
London,2024-09-21,0.834716121685375,1.3437216760789235
London,2024-09-22,0.8344000721175516,1.2795907328946183
London,2024-09-23,0.8357560716185074,1.2360397092714057
London,2024-09-24,0.8344876576096608,1.2498668087373468
London,2024-09-25,0.8354817566091326,1.3490884373558614
London,2024-09-26,0.8411640263701663,1.4351323428121618
London,2024-09-27,0.837596525096525,1.372176640926641
London,2024-09-28,0.8338815411155837,1.3542955721679126
London,2024-09-29,0.8343372829372697,1.3066790229694842
London,2024-09-30,0.8398065397960257,1.3572915571443591
London,2024-10-01,0.8418983554283967,1.382226396138642
London,2024-10-02,0.8383128675198893,1.3811397440332065
London,2024-10-03,0.8353971073331642,1.386069525501142
London,2024-10-04,0.8308449767132402,1.3967531603459746
London,2024-10-05,0.8325862300362368,1.3539659106160247
London,2024-10-06,0.8375264519162944,1.2792538600203778
London,2024-10-07,0.8386924653879637,1.3590384453368531
London,2024-10-08,0.8363608725393327,1.3745281345798182
London,2024-10-09,0.8376904269324807,1.4198561218732368
London,2024-10-10,0.8413017368810052,1.4043791574279378
London,2024-10-11,0.840008177915086,1.4475136866495537
London,2024-10-12,0.8360334995585884,1.4454677769559303
London,2024-10-13,0.8378839590443686,1.3718500163635514
London,2024-10-14,0.8370992331672241,1.30448039684165
London,2024-10-15,0.8426864723559161,1.3576262490532849
London,2024-10-16,0.8395887008796973,1.374602511431423
London,2024-10-17,0.8396884872529572,1.3962726226336541
London,2024-10-18,0.8407302231237322,1.31104800540906
London,2024-10-19,0.836593265874909,1.3513445652446832
London,2024-10-20,0.8411565803136398,1.3405042732767114
London,2024-10-21,0.8483383510884669,1.4719777674849468
London,2024-10-22,0.8468536770280516,1.6081397753118754
London,2024-10-23,0.8418183498105886,1.5724845236995288
London,2024-10-24,0.8406578592612564,1.513804259908331
London,2024-10-25,0.8385652628474921,1.459373240758116
London,2024-10-26,0.8369376209252773,1.4025372878450197
London,2024-10-27,0.8309260832625318,1.3333075873432714
London,2024-10-28,0.8370425085779641,1.3720215402211209
London,2024-10-29,0.8380021512416406,1.3587896927465744
London,2024-10-30,0.8405421385364079,1.3607586300996044
London,2024-10-31,0.8411582067083784,1.3911887848708662
London,2024-11-01,0.8396801866388005,1.3900945344965856
London,2024-11-02,0.8355316149818768,1.3518173580346355
London,2024-11-03,0.8357426603671579,1.3250123404555392
London,2024-11-04,0.837046859091232,1.4034759548220586
London,2024-11-05,0.8440595840629422,1.4528532706469333
London,2024-11-06,0.8375826470247071,1.2868112747941074
London,2024-11-07,0.8419147610144302,1.4003547629320676
London,2024-11-08,0.8419416721303514,1.4239576503727447
London,2024-11-09,0.8354274851632048,1.3732149480712166
London,2024-11-10,0.8335057559815985,1.2852677687041887
London,2024-11-11,0.8376179483156644,1.3536320236681085
London,2024-11-12,0.8383773203415715,1.3135445570110345
London,2024-11-13,0.8386274728959427,1.4036883871688834
London,2024-11-14,0.8344077619326692,1.3647630830674393
London,2024-11-15,0.8377752524711078,1.3823409592830036
London,2024-11-16,0.8390650805928961,1.3485459828988355
London,2024-11-17,0.832639668802713,1.2816057783356456
London,2024-11-18,0.8369453265814093,1.3062183503561926
London,2024-11-19,0.8395167022032693,1.327386875148069
London,2024-11-20,0.8353618057092277,1.3522682009294091
London,2024-11-21,0.836650452943014,1.3827033781070106
London,2024-11-22,0.8429647373148766,1.414791441140567
London,2024-11-23,0.8380343398460628,1.3897927767910006
London,2024-11-24,0.8361328219816496,1.3270061653478324
London,2024-11-25,0.8376614195494392,1.382528984824206
London,2024-11-26,0.8379413680781759,1.4124039087947882
London,2024-11-27,0.8394818914894214,1.434098508049788
London,2024-11-28,0.8364396063554895,1.4190719665732037
London,2024-11-29,0.838114607010408,1.3446105993539896
London,2024-11-30,0.8343773490353295,1.277351313181932
London,2024-12-01,0.8346546948132582,1.2670742191231255
London,2024-12-02,0.8330264516998248,1.306260385323573
London,2024-12-03,0.8353860081264869,1.3300701067390892
London,2024-12-04,0.8352367333346392,1.3934651021567515
London,2024-12-05,0.8362841984812234,1.4347654218246124
London,2024-12-06,0.8334074913032926,1.3448143354097566
London,2024-12-07,0.8338060977213383,1.3179982341780474
London,2024-12-08,0.8329507493048168,1.3139055297389097
London,2024-12-09,0.8389190275266225,1.3464335945348604
London,2024-12-10,0.8401301557220245,1.334185543418018
London,2024-12-11,0.8336839521755899,1.284527190491217
London,2024-12-12,0.8399058747160013,1.4927377474845829
London,2024-12-13,0.8415396402935721,1.4143076054520525
London,2024-12-14,0.8352697014954322,1.3798126345598076
London,2024-12-15,0.8356003929570014,1.3066009219375803
London,2024-12-16,0.8411691814272177,1.397222829652307
London,2024-12-17,0.8387188801612812,1.3950436486049564
London,2024-12-18,0.8370149487974261,1.4666692823792522
London,2024-12-19,0.8405917750874105,1.6075922270056846
London,2024-12-20,0.8377367537760729,1.4628386478062814
London,2024-12-21,0.8377240466738842,1.3434379886924095
London,2024-12-22,0.8380220302718123,1.3043426578968222
London,2024-12-23,0.8396150430598294,1.3828504161417567
London,2024-12-24,0.8401764705882353,1.4046470588235294
London,2024-12-25,0.8380671917474036,1.3218791384958528
London,2024-12-26,0.841878581326542,1.355492303659039
London,2024-12-27,0.8432221111010092,1.3723065733248476
London,2024-12-28,0.8411886792452831,1.3062075471698114
London,2024-12-29,0.8398039256070685,1.2664922867793957
London,2024-12-30,0.843620998520134,1.3050860658929824
London,2024-12-31,0.8448157473105974,1.312752727550164
London,2025-01-01,0.8547383755265955,1.3937556596716407
London,2025-01-02,0.8469450845933337,1.3948438348977947
London,2025-01-03,0.8448785922852313,1.357422775472568
London,2025-01-04,0.8453602659536027,1.3109778131097782
London,2025-01-05,0.8464914484814983,1.2945374139403991
London,2025-01-06,0.8498382873864161,1.351729212656365
London,2025-01-07,0.8471561727220849,1.4194407456724367
London,2025-01-08,0.8456714190647119,1.311500534392708
London,2025-01-09,0.8457220685954847,1.3283874695612696
London,2025-01-10,0.8395506028498356,1.27427840701498
London,2025-01-11,0.8443690612290796,1.2835241861423994
London,2025-01-12,0.8483887184287621,1.2413888744431154
London,2025-01-13,0.8462047740042229,1.3067315606770926
London,2025-01-14,0.849065735571189,1.3306829377906073
London,2025-01-15,0.8439464536646698,1.281118260483692
London,2025-01-16,0.8438664932813177,1.3000086692674468
London,2025-01-17,0.844843931669797,1.2566854485287542
London,2025-01-18,0.849673324971451,1.2534399161315686
London,2025-01-19,0.848227938756944,1.2549019607843137
London,2025-01-20,0.8414535810919777,1.2573333094414678
London,2025-01-21,0.8485122063565177,1.2895808383233534
London,2025-01-22,0.851655087862689,1.239459142517013
London,2025-01-23,0.8506233582120669,1.3310886878205395
London,2025-01-24,0.8448832740504518,1.326546465513717
London,2025-01-25,0.8395983365452886,1.2798255401156304
London,2025-01-26,0.84852760456966,1.30094215101725
London,2025-01-27,0.8464224836818692,1.2435870785349021
London,2025-01-28,0.8504738659102403,1.312531609384964
London,2025-01-29,0.8548065511511986,1.3908378827438879
London,2025-01-30,0.8537794975203008,1.4741402801242574
London,2025-01-31,0.8498455820055207,1.4965973379977588
London,2025-02-01,0.8508749754220387,1.4889469396927053
London,2025-02-02,0.8481747716865775,1.4188176306566729
London,2025-02-03,0.8534398917501798,1.4668273499936573
London,2025-02-04,0.8549602517389864,1.4721555150712156
London,2025-02-05,0.854943199963502,1.418928783247411
London,2025-02-06,0.8533983083594522,1.4960714439053713
London,2025-02-07,0.8549049986013384,1.449271620080477
London,2025-02-08,0.8545887701352917,1.4488667409787337
London,2025-02-09,0.8547504819979375,1.4067165852127517
London,2025-02-10,0.85344195357872,1.459871954966205
London,2025-02-11,0.8512257396992807,1.325868197520151
London,2025-02-12,0.8513574009528987,1.3090845137978449
London,2025-02-13,0.8498751150256343,1.275418839373092
London,2025-02-14,0.8486121429053826,1.2458837036536774
London,2025-02-15,0.8503037533769422,1.23750359978607
London,2025-02-16,0.8486556670994712,1.2366595940082972
London,2025-02-17,0.8516250060126024,1.2674886562234444
London,2025-02-18,0.8560676881149684,1.258298607259994
London,2025-02-19,0.8485362842782823,1.3240895864562208
London,2025-02-20,0.8507701896536373,1.334898940432731
London,2025-02-21,0.8493897211903498,1.3703922929338286
London,2025-02-22,0.8520797038327527,1.5409952090592334
London,2025-02-23,0.8520258527047577,1.4656202476645666
London,2025-02-24,0.8529956924683462,1.50251925336118
London,2025-02-25,0.8534911052940862,1.561728724825044
London,2025-02-26,0.8478039937374681,1.490427665009476
London,2025-02-27,0.8497534153392665,1.5310356555750808
London,2025-02-28,0.849249556350949,1.5700063163593707
London,2025-03-01,0.8457700028677947,1.5227989675939202
London,2025-03-02,0.8402829180031253,1.4557118184061189
London,2025-03-03,0.8461393849872432,1.508312071975292
London,2025-03-04,0.8461297041285059,1.5359068732346144
London,2025-03-05,0.8465739524889578,1.7082487764116032
London,2025-03-06,0.8451997237251064,1.5804938413721652
London,2025-03-07,0.8494339828017852,1.578534886252313
London,2025-03-08,0.8425274754659464,1.5877476802952109
London,2025-03-09,0.8386349104859335,1.5029571611253196
London,2025-03-10,0.8433660782431002,1.5534874559913336
London,2025-03-11,0.8452571590052751,1.6352675207234364
London,2025-03-12,0.8492812165854817,1.6942853748366402
London,2025-03-13,0.8458747805734348,1.6785488589818607
London,2025-03-14,0.8374943475260014,1.511102648927815
London,2025-03-15,0.8363209832470613,1.5725833184588316
London,2025-03-16,0.8386789456970467,1.4943205413195886
London,2025-03-17,0.8458276467147592,1.5985572236303374
London,2025-03-18,0.8462036023484923,1.5311971340431885
London,2025-03-19,0.8469611289418717,1.5764175454684395
London,2025-03-20,0.8472263350113513,1.6032721350310928
London,2025-03-21,0.8455207737636441,1.6724185086650587
London,2025-03-22,0.8413774336392648,1.5898869455508002
London,2025-03-23,0.8403600574790554,1.5475964536507334
London,2025-03-24,0.8473290140418988,1.5323568709506643
London,2025-03-25,0.846865578542468,1.530434556606716
London,2025-03-26,0.8437626606754816,1.5887444293027881
London,2025-03-27,0.8466876770763696,1.6476299621175947
London,2025-03-28,0.8462374510196493,1.5525555587335182
London,2025-03-29,0.8484735666418466,1.5950608091337801
London,2025-03-30,0.8461724002773842,1.5393312630023819
London,2025-03-31,0.849690697121104,1.5855341422793243
London,2025-04-01,0.8513253460798311,1.5718542429697684
London,2025-04-02,0.8393417944924603,1.5340392950764359
London,2025-04-03,0.8403281245486843,1.686057595101239
London,2025-04-04,0.8389552323278058,1.6904465447959705
London,2025-04-05,0.8423861759849021,1.6724463316820004
London,2025-04-06,0.8379266605166051,1.591126614391144
London,2025-04-07,0.8445753940953008,1.6945948371272173
London,2025-04-08,0.8434086829535429,1.715963369740485
London,2025-04-09,0.84359060505177,1.7208087718762408
London,2025-04-10,0.8415302173265853,1.7044060732360822
London,2025-04-11,0.8421795422470393,1.7296741731607044
London,2025-04-12,0.8382084670063534,1.7114864439831414
London,2025-04-13,0.8369066102870735,1.6844504641405966
London,2025-04-14,0.839269294427757,1.6099123398516522
London,2025-04-15,0.8427958159501784,1.7093234173771086
London,2025-04-16,0.8424143851088822,1.741845125146833
London,2025-04-17,0.8447491248541423,1.6942532088681448
London,2025-04-18,0.8457340840190559,1.71130359462971
London,2025-04-19,0.8412925109345711,1.7245678240947366
London,2025-04-20,0.8341003927344134,1.6404639175257731
London,2025-04-21,0.8435058878395709,1.613705258248805
London,2025-04-22,0.8396905418687973,1.5429468277370875
London,2025-04-23,0.8314983726443524,1.4428617350423916
London,2025-04-24,0.829164809697834,1.4094660843212408
London,2025-04-25,0.8251665119611771,1.3497809695963001
London,2025-04-26,0.8308387702016972,1.318593379102526
London,2025-04-27,0.8210938689627486,1.2872548069602292
London,2025-04-28,0.8254315158089526,1.362537089621287
London,2025-04-29,0.8270667193051717,1.5053612317410185
London,2025-04-30,0.8231128475931748,1.434770000915723
London,2025-05-01,0.8259795444438954,1.3795147981619644
London,2025-05-02,0.8313994670624346,1.4320841906432353
London,2025-05-03,0.8364848109113453,1.510888096714197
London,2025-05-04,0.8295573370512374,1.5260744832024022
London,2025-05-05,0.8308214188143156,1.4873190055550496
London,2025-05-06,0.8277578763663085,1.4155598420134106
London,2025-05-07,0.8287562765546543,1.4667632290459638
London,2025-05-08,0.8309639929438623,1.4402199854726574
London,2025-05-09,0.8265501769089364,1.4517997272242098
London,2025-05-10,0.8306778000255612,1.4872406594811058
London,2025-05-11,0.8320491706858016,1.570138807199153
London,2025-05-12,0.8370128022759602,1.6574679943100996
London,2025-05-13,0.8402180919639021,1.6632466695315857
London,2025-05-14,0.8388291800383381,1.5091860690516703
London,2025-05-15,0.8443531635820477,1.6588092515228605
London,2025-05-16,0.843483099852411,1.695216665456921
London,2025-05-17,0.842163139631494,1.6563217829040613
London,2025-05-18,0.8386755402958399,1.623638971850528
London,2025-05-19,0.842941032542207,1.6220455101541473
London,2025-05-20,0.841066261219285,1.6067732600912257
London,2025-05-21,0.8413329119068045,1.5589470357158983
London,2025-05-22,0.8479176033024073,1.6892957861609514
London,2025-05-23,0.8411278297410871,1.6330099343519433
London,2025-05-24,0.8472062919875472,1.7030968376208422
London,2025-05-25,0.8383709438313293,1.5818851918958985
London,2025-05-26,0.8422417728347927,1.627526248080674
London,2025-05-27,0.8399732345068973,1.6085289273213919
London,2025-05-28,0.8398870780442879,1.5398230088495575
London,2025-05-29,0.84150087619833,1.6858674363467683
London,2025-05-30,0.8277340385039165,1.645231083598774
London,2025-05-31,0.8233626798368048,1.6490444492162337
London,2025-06-01,0.8263469244958972,1.6112842694485083
London,2025-06-02,0.8296352092973206,1.6108683955665555
London,2025-06-03,0.830035789047201,1.6312827784905575
London,2025-06-04,0.8356306666955186,1.5286391275182307
London,2025-06-05,0.8330862667876187,1.5734008894395646
London,2025-06-06,0.8319314249043112,1.5136256331507414
London,2025-06-07,0.8293660568331952,1.474192175918669
London,2025-06-08,0.8237956607662721,1.4858369281115196
London,2025-06-09,0.8305306593309078,1.5183246073298429
London,2025-06-10,0.8378585738033332,1.4497676995865478
London,2025-06-11,0.8323936972100036,1.5176465729095678
London,2025-06-12,0.8384748116661757,1.580425908000505
London,2025-06-13,0.8379794942471132,1.5661634195744325
London,2025-06-14,0.8356771567876858,1.5056614417536367
London,2025-06-15,0.8293322689171466,1.484784550759347
London,2025-06-16,0.8279437792816241,1.5190421655387818
London,2025-06-17,0.8297194251637501,1.556124743376674
London,2025-06-18,0.8325925379465521,1.646391619483226
London,2025-06-19,0.8329272598870057,1.6312853107344634
London,2025-06-20,0.8309892810814501,1.6086741312214106
London,2025-06-21,0.8298901312906733,1.5850143624531394
London,2025-06-22,0.8266315423231771,1.5206521198866743
London,2025-06-23,0.8325171238542736,1.5174051156480592
London,2025-06-24,0.8443449048152296,1.5192066239098714
London,2025-06-25,0.8378523621085544,1.4812643509697592
London,2025-06-26,0.84118834261726,1.5531121336885445
London,2025-06-27,0.8397391141460756,1.5477921768302028
London,2025-06-28,0.8280243140902146,1.5683252507805754
London,2025-06-29,0.8379076902554525,1.5253118121790168
London,2025-06-30,0.8436821021184139,1.5535714285714286
London,2025-07-01,0.8417562597255623,1.5343754420710143
London,2025-07-02,0.8342819392214657,1.536318054002778
London,2025-07-03,0.841183777613644,1.558148123279393
London,2025-07-04,0.8430284411852146,1.5477157863442672
London,2025-07-05,0.8324976142968682,1.5089615684913682
London,2025-07-06,0.8235421399978362,1.443903494536406
London,2025-07-07,0.8375049860390905,1.5243651110224705
London,2025-07-08,0.8437091226200281,1.546452852736463
London,2025-07-09,0.8388808256732785,1.559248508305112
London,2025-07-10,0.8427158676310568,1.6086379056519235
London,2025-07-11,0.8514343294391787,1.5208300532166137
London,2025-07-12,0.8451901274041207,1.4915743625715732
London,2025-07-13,0.8492892911573513,1.4725202948586358
London,2025-07-14,0.8494857533480409,1.4801914054003666
London,2025-07-15,0.844795035542495,1.5298704709996225
London,2025-07-16,0.8457391250921602,1.5052070533300566
London,2025-07-17,0.8433016226369154,1.549574775213482
London,2025-07-18,0.8485880398671096,1.5792857142857142
London,2025-07-19,0.8465275746644568,1.6341360371778624
London,2025-07-20,0.8354600069509955,1.548963143173957
London,2025-07-21,0.8412175991878306,1.587365525372108
London,2025-07-22,0.8447287234901714,1.570819402044871
London,2025-07-23,0.8373995737006067,1.5065256599442531
London,2025-07-24,0.8372736208993519,1.5112710551307043
London,2025-07-25,0.8381497140014922,1.5470778413330017
London,2025-07-26,0.8375880944808075,1.5666337445804108
London,2025-07-27,0.836569300272442,1.5171224609442355
London,2025-07-28,0.8406024823032727,1.5053010824365933
London,2025-07-29,0.8456484508796512,1.5183247703565312
London,2025-07-30,0.8435689831416008,1.5150979215005436
London,2025-07-31,0.847770575525437,1.5633017542269163
London,2025-08-01,0.8473262469337695,1.4912019623875716
London,2025-08-02,0.8454183913643373,1.5464329194058923
London,2025-08-03,0.8380953940366447,1.4768883139849034
London,2025-08-04,0.8414648892113298,1.5016323569420513
London,2025-08-05,0.848655140713502,1.4952848373417158
London,2025-08-06,0.8408659510407122,1.4902474145830606
London,2025-08-07,0.8434623379194299,1.5081823880695504
London,2025-08-08,0.8399713132526102,1.5395777043930752
London,2025-08-09,0.833960117561546,1.530006636538887
London,2025-08-10,0.8358073940059022,1.5311642667536667
London,2025-08-11,0.8386691477010672,1.5779378787155875
London,2025-08-12,0.8392329691968681,1.5423757950833763
London,2025-08-13,0.833107338504095,1.5769919184249064
London,2025-08-14,0.8356813255960288,1.5859609872054814
London,2025-08-15,0.8399467140319716,1.6523090586145648
London,2025-08-16,0.8337753067905411,1.6827849814371147
London,2025-08-17,0.8371854936664932,1.6454277286135692
London,2025-08-18,0.8329783130105164,1.6349943811744183
London,2025-08-19,0.8315603748051459,1.6947599225722458
London,2025-08-20,0.8346636461780791,1.6946002867104402
London,2025-08-21,0.8362022301613078,1.6610732200209304
London,2025-08-22,0.8380446291228,1.7148650538386239
London,2025-08-23,0.832563469044294,1.6288896050417159
London,2025-08-24,0.8341592920353982,1.4725119128658952
London,2025-08-25,0.835550455466304,1.4578463456443822
London,2025-08-26,0.8286714949049936,1.4491212500594286
London,2025-08-27,0.8298066311597332,1.4686275450634168
London,2025-08-28,0.832830317717548,1.460251854715214
London,2025-08-29,0.8338524972536981,1.4507847651723775
London,2025-08-30,0.8315125984375736,1.4444741350854304
London,2025-08-31,0.8278218694885362,1.4050999412110523
London,2025-09-01,0.829284019041609,1.3876366729315572
London,2025-09-02,0.8284716060337178,1.4226236690328304
London,2025-09-03,0.8265545332004923,1.4216140186368165
London,2025-09-04,0.8262867505801712,1.3860482272119508
London,2025-09-05,0.8288199625384933,1.3544874440458428
London,2025-09-06,0.8280644798379968,1.3774288423522605
London,2025-09-07,0.8260326188839593,1.27507342373305
London,2025-09-08,0.8225486903962391,1.3332773673606448
London,2025-09-09,0.8213925983689119,1.2831822464827631
London,2025-09-10,0.8245746501560455,1.3315379710728548
London,2025-09-11,0.8266363765440863,1.4373846372284538
London,2025-09-12,0.831139196068106,1.4509215376513955
London,2025-09-13,0.8201961224642563,1.4585485440526986
London,2025-09-14,0.8184335027159628,1.3867531102155248
London,2025-09-15,0.8245072647453207,1.4453077643687662
London,2025-09-16,0.8231868713605082,1.4393481055736217
London,2025-09-17,0.8225060433599177,1.414393665416754
London,2025-09-18,0.8251316174319977,1.4294567124890318
London,2025-09-19,0.8242567084597106,1.4408747560999169
London,2025-09-20,0.8234557193793968,1.4138768430182134
London,2025-09-21,0.8216716247605852,1.4341252699784017
London,2025-09-22,0.8234916160590295,1.4782888055215868
London,2025-09-23,0.8254698309174191,1.4396335601590922
London,2025-09-24,0.8258728362462803,1.409929167190578
London,2025-09-25,0.8221348805290412,1.4017301973506353
London,2025-09-26,0.8260061790247161,1.4067718770875084
London,2025-09-27,0.8202420808653104,1.4350431952801255
London,2025-09-28,0.8218336695808115,1.4761936785474108
London,2025-09-29,0.8291472193655566,1.454038446325449
London,2025-09-30,0.8267575669664442,1.4911517261386713
London,2025-10-01,0.8228544753200167,1.458367116287069
London,2025-10-02,0.8167349548824101,1.3976979371432632
London,2025-10-03,0.8209735217997213,1.3806739000597252
London,2025-10-04,0.816325359949521,1.4815006023059714
London,2025-10-05,0.8189577998459393,1.4352840755314056
London,2025-10-06,0.8233413428123201,1.4194650197589214
London,2025-10-07,0.8190339927968819,1.505871034584834
London,2025-10-08,0.8221821538197351,1.514156309700131
London,2025-10-09,0.823436969079171,1.44620710159701
London,2025-10-10,0.8265168875161901,1.451354986549766
London,2025-10-11,0.822769188577697,1.6675808165643962
London,2025-10-12,0.8206771524869778,1.3147022776018793
London,2025-10-13,0.8165401059281475,1.14705506987429
London,2025-10-14,0.8300682368478979,1.378567759923692
London,2025-10-15,0.8278064956598069,1.291280600799766
London,2025-10-16,0.8240552103493939,1.375445655495569
London,2025-10-17,0.8241769930330266,1.4022762325160878
London,2025-10-18,0.8267646046137955,1.5071731894869735
London,2025-10-19,0.8225378395189716,1.4733360978643997
London,2025-10-20,0.8232051663108974,1.5598908373638845
London,2025-10-21,0.82584408116323,1.4804279963854432
London,2025-10-22,0.8162244164692731,1.4339818486679263
London,2025-10-23,0.8182777821761276,1.5081413453672181
London,2025-10-24,0.824232633279483,1.4652665589660743
London,2025-10-25,0.8201721463243757,1.4404994245108342
London,2025-10-26,0.8171502375570829,1.470755108630472
London,2025-10-27,0.8216432865731463,1.529058116232465
London,2025-10-28,0.8280624722098711,1.52829035126723
London,2025-10-29,0.8244871757462577,1.4557205800822852
London,2025-10-30,0.8176416071525923,1.4946028457722291
London,2025-10-31,0.8263683738838915,1.6067646961197597
London,2025-11-01,0.823642401354343,1.3862807657247038
London,2025-11-02,0.8254393051908705,1.5098464956574429
London,2025-11-03,0.8209313338595107,1.5295974743488556
London,2025-11-04,0.8266444732137352,1.4955921336539055
London,2025-11-05,0.8212586382689475,1.5607794267588082
London,2025-11-06,0.826658879804216,1.583875632682574
London,2025-11-07,0.8320646336337739,1.5787605660113015
London,2025-11-08,0.8252609754333519,1.5512910147303456
London,2025-11-09,0.8189012396505192,1.5220941402497599
London,2025-11-10,0.8200888264371565,1.6173939226657967
London,2025-11-11,0.8344552419650944,1.6044109367733093
London,2025-11-12,0.8249972905603121,1.4722011488024276
London,2025-11-13,0.8247416745819302,1.5841464467662552
London,2025-11-14,0.8327757527338093,1.4513656563639088
London,2025-11-15,0.8318970719579019,1.5360996451589544
London,2025-11-16,0.8253807106598985,1.47031047101877
London,2025-11-17,0.8194515111427699,1.4713798717818256
London,2025-11-18,0.8174382675979539,1.4729831485472438
London,2025-11-19,0.8279524023349798,1.5237763807813203
London,2025-11-20,0.826015524548788,1.5313586361255298
London,2025-11-21,0.8194234744837519,1.4134166453740913
London,2025-11-22,0.8161147681021054,1.4608562383799808
London,2025-11-23,0.8152774679654001,1.40416883535331
London,2025-11-24,0.820764209602931,1.4431486880466473
London,2025-11-25,0.8235834931308939,1.437153589534792
London,2025-11-26,0.8331226295828066,1.4391561934508317
London,2025-11-27,0.8355574687903573,1.5065289137609412
London,2025-11-28,0.822969957855356,1.4103355795451984
London,2025-11-29,0.8221483821767077,1.3383992446526491
London,2025-11-30,0.8212734480207879,1.3370635206646055
London,2025-12-01,0.8221222451244649,1.3545465355953703
London,2025-12-02,0.829650584907103,1.366981420597905
London,2025-12-03,0.8201415838628513,1.378843447481769
London,2025-12-04,0.8261364074488183,1.3418475536877819
London,2025-12-05,0.8250129716107034,1.3234563783262916
London,2025-12-06,0.8177692441961948,1.3780958476367797
London,2025-12-07,0.8261444684768425,1.388019948876535
London,2025-12-08,0.8204200457475567,1.339197338323976
London,2025-12-09,0.8269172353739292,1.3565541402563739
London,2025-12-10,0.8306770568195168,1.431334925793946
London,2025-12-11,0.8216212824695696,1.4783117915254946
London,2025-12-12,0.8186387434554974,1.420485483103284
London,2025-12-13,0.8154649053065052,1.3626689499113205
London,2025-12-14,0.8178945400149589,1.325074794315632
London,2025-12-15,0.8193659893769497,1.3488323075626
London,2025-12-16,0.8152651476448349,1.256360478185348
London,2025-12-17,0.8226611717289083,1.267932680960767
London,2025-12-18,0.822849736135543,1.4810295343023794
London,2025-12-19,0.8192974953048587,1.4033544692166087
London,2025-12-20,0.8248928459741359,1.4095951141443315
London,2025-12-21,0.8107371794871795,1.3248397435897437
London,2025-12-22,0.8091214575685177,1.344657459743993
London,2025-12-23,0.8271801051709027,1.4214687408705813
London,2025-12-24,0.8356466758950952,1.4013431104792546
London,2025-12-25,0.8202119606358819,1.4252838758516275
London,2025-12-26,0.821707312128768,1.4376735794360316
London,2025-12-27,0.8251618871415356,1.4233302497687326
London,2025-12-28,0.8179256230314417,1.4349892247333813
London,2025-12-29,0.8340707181538244,1.4568895338548118
London,2025-12-30,0.8272849966259279,1.431487590912499
London,2025-12-31,0.8220905053767388,1.4340661357213638
Montreal,2023-02-28,0.39866722818143535,0.4837986474100131
Montreal,2023-03-01,0.4232661047011282,0.7065589058128692
Montreal,2023-03-02,0.4211490350250179,0.7624910650464618
Montreal,2023-03-03,0.41425494311278027,0.7318292278802607
Montreal,2023-03-04,0.4029656867643238,0.6922700293770859
Montreal,2023-03-05,0.40460180962837705,0.6190724252065685
Montreal,2023-03-06,0.41947073510625943,0.6739127279061665
Montreal,2023-03-07,0.4710133424046566,0.7177230978568999
Montreal,2023-03-08,0.4734359523925504,0.7346842677837856
Montreal,2023-03-09,0.4258962096359828,0.7205011659618197
Montreal,2023-03-10,0.4165457579165004,0.6793227900903188
Montreal,2023-03-11,0.418227559864845,0.650001836344939
Montreal,2023-03-12,0.40769838876618775,0.6206550883855877
Montreal,2023-03-13,0.4145817092684528,0.6467812743609732
Montreal,2023-03-14,0.43506078536038917,0.6933966874422032
Montreal,2023-03-15,0.419443523189443,0.6574822391733143
Montreal,2023-03-16,0.41124459729516194,0.7161546684017288
Montreal,2023-03-17,0.4077590884427564,0.7382972426379915
Montreal,2023-03-18,0.39613058312655086,0.7041201406120761
Montreal,2023-03-19,0.3878807793883189,0.6440785230080203
Montreal,2023-03-20,0.41277145754175626,0.7234002250771614
Montreal,2023-03-21,0.41540132556025977,0.747678052889411
Montreal,2023-03-22,0.4206300417769637,0.7454365253610007
Montreal,2023-03-23,0.4165864087123096,0.7458803856615196
Montreal,2023-03-24,0.42798455168872296,0.818022316604795
Montreal,2023-03-25,0.4045473734997889,0.7713648151498703
Montreal,2023-03-26,0.4117735230633944,0.6695179470781037
Montreal,2023-03-27,0.4543154528897423,0.7669746091657533
Montreal,2023-03-28,0.44118274030518895,0.7464960119375411
Montreal,2023-03-29,0.42806721754919036,0.710712565309223
Montreal,2023-03-30,0.43495676500508645,0.7688471879087342
Montreal,2023-03-31,0.4314368117461982,0.7042071719575652
Montreal,2023-04-01,0.42659826785005206,0.7257965850674508
Montreal,2023-04-02,0.43695432067968715,0.7227252050653714
Montreal,2023-04-03,0.467225909788112,0.7526435096578029
Montreal,2023-04-04,0.46350254969801447,0.7492736675868886
Montreal,2023-04-05,0.43458982346832814,0.7037383177570093
Montreal,2023-04-06,0.44535397408768607,0.7572391134870253
Montreal,2023-04-07,0.4396962196443305,0.7945705225698069
Montreal,2023-04-08,0.433031060599072,0.7269490133854853
Montreal,2023-04-09,0.420191864219168,0.669827506687575
Montreal,2023-04-10,0.4325270229695241,0.7330074313166192
Montreal,2023-04-11,0.430456918115062,0.711452309523618
Montreal,2023-04-12,0.4165723564434385,0.7207400482212272
Montreal,2023-04-13,0.43402333028362305,0.8002630375114365
Montreal,2023-04-14,0.4409973180599118,0.8698804491113232
Montreal,2023-04-15,0.42459995492449853,0.8221546089700248
Montreal,2023-04-16,0.4184443561765462,0.775602233697049
Montreal,2023-04-17,0.44219600171180534,0.8626643027450022
Montreal,2023-04-18,0.4518877253480058,0.8842643069043332
Montreal,2023-04-19,0.4659048538152787,0.7329633935033887
Montreal,2023-04-20,0.5105874258192139,0.8747226283650125
Montreal,2023-04-21,0.4931085877598685,0.8756319048570244
Montreal,2023-04-22,0.4844675119100166,0.8305048629396813
Montreal,2023-04-23,0.4725119000036336,0.749427709748919
Montreal,2023-04-24,0.5043174229031624,0.8650166961304262
Montreal,2023-04-25,0.5033327408460718,0.9068461903069084
Montreal,2023-04-26,0.503723613948321,0.8947496684944272
Montreal,2023-04-27,0.5116335000824583,0.9077634544555
Montreal,2023-04-28,0.5038491740237628,0.8977418668310546
Montreal,2023-04-29,0.45826078866575404,0.7350048510785343
Montreal,2023-04-30,0.46185224727075247,0.743058855474849
Montreal,2023-05-01,0.47427693079866995,0.8288265679570027
Montreal,2023-05-02,0.48571547907442986,0.8822257956728761
Montreal,2023-05-03,0.4819886970985385,0.8454359382414833
Montreal,2023-05-04,0.503081165202678,0.9231902071169694
Montreal,2023-05-05,0.4990892531876138,0.9492541722049919
Montreal,2023-05-06,0.48708573285799894,0.8928313883218054
Montreal,2023-05-07,0.47938555393847565,0.8447437149863434
Montreal,2023-05-08,0.4977313117715138,0.9078723723651014
Montreal,2023-05-09,0.5022248396806701,0.9079075289322639
Montreal,2023-05-10,0.49765486524564834,0.9098441121665227
Montreal,2023-05-11,0.4986455981941309,0.9246858895182929
Montreal,2023-05-12,0.4927396347609204,0.9209303517433418
Montreal,2023-05-13,0.4747417762856147,0.8585181719779111
Montreal,2023-05-14,0.4622524243670044,0.8315300718241396
Montreal,2023-05-15,0.4795542259471557,0.9053278220557675
Montreal,2023-05-16,0.48702115494568327,0.9137221269296741
Montreal,2023-05-17,0.4806798760948515,0.9088914405753756
Montreal,2023-05-18,0.4815433388132792,0.9177092372700276
Montreal,2023-05-19,0.47583753594434197,0.9341464693697394
Montreal,2023-05-20,0.4595322032956088,0.8843433103403547
Montreal,2023-05-21,0.45231924708500426,0.8304086789216254
Montreal,2023-05-22,0.47142378242706595,0.8639739380082174
Montreal,2023-05-23,0.4760126267102187,0.8694916398686687
Montreal,2023-05-24,0.47233560766320054,0.8607778123018119
Montreal,2023-05-25,0.46934691416622837,0.8746851735447427
Montreal,2023-05-26,0.4612035507218095,0.8655383107618787
Montreal,2023-05-27,0.44849962708397534,0.8452465488519992
Montreal,2023-05-28,0.43977920387739533,0.760763810976978
Montreal,2023-05-29,0.46946109533942665,0.84346589664055
Montreal,2023-05-30,0.46248552105518814,0.8188216941299555
Montreal,2023-05-31,0.46134362561814013,0.8302621763000487
Montreal,2023-06-01,0.4648855857971067,0.8499656847694559
Montreal,2023-06-02,0.46596462703356745,0.8843997844725723
Montreal,2023-06-03,0.44693336825774216,0.8074338619008281
Montreal,2023-06-04,0.43761752922900826,0.7584314446897228
Montreal,2023-06-05,0.45358074257085995,0.8358940704138357
Montreal,2023-06-06,0.4614230299787657,0.8793032821147319
Montreal,2023-06-07,0.4643133031106952,0.8792006744915931
Montreal,2023-06-08,0.46343191702318,0.874657880052082
Montreal,2023-06-09,0.4562298124453486,0.8672841158520264
Montreal,2023-06-10,0.44106252690337006,0.8251477660367228
Montreal,2023-06-11,0.4383825001618695,0.76703738936841
Montreal,2023-06-12,0.4551575952910557,0.8068959603754646
Montreal,2023-06-13,0.462796316919895,0.8225031819266566
Montreal,2023-06-14,0.4644166227870621,0.8617409041413826
Montreal,2023-06-15,0.4680830920859223,0.8573393192587684
Montreal,2023-06-16,0.4633854284035225,0.8520968376215662
Montreal,2023-06-17,0.459578818425888,0.8091926815902298
Montreal,2023-06-18,0.453268033687294,0.7803094104723545
Montreal,2023-06-19,0.47723304468520555,0.8371105128919183
Montreal,2023-06-20,0.48228264028808876,0.8641628036434754
Montreal,2023-06-21,0.4835519714767058,0.8809460474797112
Montreal,2023-06-22,0.47981751051938604,0.8932086659484941
Montreal,2023-06-23,0.478847926055999,0.8744217393895769
Montreal,2023-06-24,0.4623346700046525,0.8257970179675211
Montreal,2023-06-25,0.47462202504114176,0.843112723633179
Montreal,2023-06-26,0.4824660201588271,0.8607303756872328
Montreal,2023-06-27,0.47898527311067274,0.8366395143187538
Montreal,2023-06-28,0.4813886979847917,0.8891125545924136
Montreal,2023-06-29,0.4808808109052779,0.8962888336040463
Montreal,2023-06-30,0.4802704915378887,0.8975943459497963
Montreal,2023-07-01,0.4618472166408328,0.8490489312436611
Montreal,2023-07-02,0.4539595002900257,0.7991983169851178
Montreal,2023-07-03,0.47283475494318394,0.8699423761252397
Montreal,2023-07-04,0.49137048483677803,0.9359184856094263
Montreal,2023-07-05,0.4941807738814994,0.9249263149939541
Montreal,2023-07-06,0.4792241948965258,0.9033657023075475
Montreal,2023-07-07,0.4731447296169145,0.9017710058616857
Montreal,2023-07-08,0.45873432884581355,0.8639678023857815
Montreal,2023-07-09,0.45857908910183803,0.8136752217089093
Montreal,2023-07-10,0.47952403434226865,0.8860357761107905
Montreal,2023-07-11,0.48776868340522805,0.8952595583084467
Montreal,2023-07-12,0.4892406663482878,0.8916809468962741
Montreal,2023-07-13,0.48998654659140417,0.9074204405632238
Montreal,2023-07-14,0.4892767489224648,0.9050632311845782
Montreal,2023-07-15,0.48312491956587017,0.8949798378447943
Montreal,2023-07-16,0.4726126999515269,0.8438778477944741
Montreal,2023-07-17,0.4790582596922864,0.8660662920813706
Montreal,2023-07-18,0.47950039882492557,0.9466274975195035
Montreal,2023-07-19,0.4704785814943016,0.7985559097563312
Montreal,2023-07-20,0.46211672564144324,0.8233421672119983
Montreal,2023-07-21,0.45692427837016586,0.8305803017909819
Montreal,2023-07-22,0.44266015082076154,0.7734487383652845
Montreal,2023-07-23,0.4387545202286261,0.7439881441687604
Montreal,2023-07-24,0.46280866951258015,0.8582247814091389
Montreal,2023-07-25,0.4598376198404938,0.8294477262716603
Montreal,2023-07-26,0.4599111064046335,0.8080757272243254
Montreal,2023-07-27,0.45682624219337736,0.805428513427988
Montreal,2023-07-28,0.4544433933824676,0.79940193418504
Montreal,2023-07-29,0.4464360566079163,0.7692934656047692
Montreal,2023-07-30,0.44109231495040224,0.7274634986183699
Montreal,2023-07-31,0.45440602093773963,0.7975721258166729
Montreal,2023-08-01,0.45999256773097547,0.822896697359185
Montreal,2023-08-02,0.45838624288484986,0.7843659382521843
Montreal,2023-08-03,0.4614757008239859,0.8108475906353348
Montreal,2023-08-04,0.46084237502071834,0.8163942473193682
Montreal,2023-08-05,0.45004387108143135,0.7781444918847678
Montreal,2023-08-06,0.444018997569098,0.728325628451389
Montreal,2023-08-07,0.45868347997929704,0.7798052039712041
Montreal,2023-08-08,0.4668654593545892,0.8337752103854623
Montreal,2023-08-09,0.4696897439740568,0.8434481067160824
Montreal,2023-08-10,0.4677251360203928,0.8325407375937067
Montreal,2023-08-11,0.4772238082985145,0.8896458489047905
Montreal,2023-08-12,0.462213425062936,0.8047235620808271
Montreal,2023-08-13,0.46281866979145275,0.7660517764167241
Montreal,2023-08-14,0.47149559791367307,0.7994133197843811
Montreal,2023-08-15,0.47965024431463316,0.8649399316653807
Montreal,2023-08-16,0.4748448806714283,0.8382265601800478
Montreal,2023-08-17,0.4834411608780712,0.8885239902603344
Montreal,2023-08-18,0.4771440796569829,0.8846863550868685
Montreal,2023-08-19,0.470216107943492,0.8587444700095589
Montreal,2023-08-20,0.45947834410145966,0.7799904283321368
Montreal,2023-08-21,0.48278084984365255,0.8876768065770582
Montreal,2023-08-22,0.48177092095965546,0.8709327366331303
Montreal,2023-08-23,0.48223798362302517,0.8713368151437008
Montreal,2023-08-24,0.47769948885418145,0.8379685503336647
Montreal,2023-08-25,0.4681327038758561,0.8602936119774917
Montreal,2023-08-26,0.4549705091014259,0.8290229003619537
Montreal,2023-08-27,0.4526244757002792,0.7806431409908658
Montreal,2023-08-28,0.45397625785025764,0.8142140601970514
Montreal,2023-08-29,0.4644399931418344,0.8257691390911258
Montreal,2023-08-30,0.46259822339889733,0.7723401125864121
Montreal,2023-08-31,0.4733528168948539,0.8424530672648244
Montreal,2023-09-01,0.4574313059326981,0.7759542417510426
Montreal,2023-09-02,0.45459330820814975,0.7780667763681725
Montreal,2023-09-03,0.4464320728131655,0.7408356551041719
Montreal,2023-09-04,0.4606367336692428,0.7906767200416002
Montreal,2023-09-05,0.46535039048596133,0.787839450597768
Montreal,2023-09-06,0.4619942897161019,0.7971233098098368
Montreal,2023-09-07,0.46020220994031635,0.7866801526809474
Montreal,2023-09-08,0.45952740070387127,0.7496736638668641
Montreal,2023-09-09,0.4508871874886607,0.7450379186472659
Montreal,2023-09-10,0.45175711036658434,0.7178254383605194
Montreal,2023-09-11,0.47005452445542695,0.766425827939083
Montreal,2023-09-12,0.46139516765384503,0.7541276706253683
Montreal,2023-09-13,0.47042549921379,0.7576049560786446
Montreal,2023-09-14,0.4600679220013074,0.7931567786476188
Montreal,2023-09-15,0.4506846458608466,0.7716297699311879
Montreal,2023-09-16,0.4511121260786076,0.7648598608184894
Montreal,2023-09-17,0.4483169439333599,0.7546345892401628
Montreal,2023-09-18,0.46511134776503404,0.7737468075281079
Montreal,2023-09-19,0.46808541377716134,0.8251512174449067
Montreal,2023-09-20,0.46801980145260386,0.7738712479284675
Montreal,2023-09-21,0.4710593134713888,0.809188272608264
Montreal,2023-09-22,0.4788268573868488,0.8364592228864218
Montreal,2023-09-23,0.4609558341026126,0.7822068489951174
Montreal,2023-09-24,0.4528257439628347,0.7510518473068326
Montreal,2023-09-25,0.4639650837054105,0.8020900060233477
Montreal,2023-09-26,0.4656674964422833,0.7915586453590607
Montreal,2023-09-27,0.4726431942213487,0.8257874310343107
Montreal,2023-09-28,0.4669798225939358,0.7813357892278474
Montreal,2023-09-29,0.4648721808664908,0.7595306162847975
Montreal,2023-09-30,0.4595565256690097,0.7467523101627932
Montreal,2023-10-01,0.4617416656103435,0.7538851565470909
Montreal,2023-10-02,0.46162185695322405,0.7533153781473151
Montreal,2023-10-03,0.4784483581064321,0.8327004903737908
Montreal,2023-10-04,0.477373439547555,0.8226860473136078
Montreal,2023-10-05,0.48253335026274724,0.8231217566178307
Montreal,2023-10-06,0.47922401787738445,0.8056389638149524
Montreal,2023-10-07,0.4678516461636154,0.7855036431930946
Montreal,2023-10-08,0.4638428212415395,0.7691398440752181
Montreal,2023-10-09,0.4712156239805977,0.8146708837420398
Montreal,2023-10-10,0.4693163134406562,0.7962626700634181
Montreal,2023-10-11,0.47623489522452994,0.8371625858291855
Montreal,2023-10-12,0.48178247260602547,0.8797514949724279
Montreal,2023-10-13,0.4716000725500865,0.8496252395868567
Montreal,2023-10-14,0.45346384926635874,0.7302611681039768
Montreal,2023-10-15,0.45746944311903753,0.7267421098277171
Montreal,2023-10-16,0.4755258126195029,0.7787586409766142
Montreal,2023-10-17,0.48096073977191894,0.7768178793510934
Montreal,2023-10-18,0.47873582859095704,0.7584018068082198
Montreal,2023-10-19,0.47506892576068976,0.7395934633314953
Montreal,2023-10-20,0.4668407855658065,0.733019881708208
Montreal,2023-10-21,0.4563198822067823,0.7040905535360972
Montreal,2023-10-22,0.44911369278793073,0.6901931774239648
Montreal,2023-10-23,0.45990078252717176,0.7214255091608915
Montreal,2023-10-24,0.4704008140764086,0.7420222487872831
Montreal,2023-10-25,0.4708953761755486,0.7711721199059561
Montreal,2023-10-26,0.4663379190962099,0.7567624817784256
Montreal,2023-10-27,0.46028248668666655,0.7574317826230497
Montreal,2023-10-28,0.44275370336222264,0.6684221525600836
Montreal,2023-10-29,0.44654538236435215,0.6811339651184822
Montreal,2023-10-30,0.46626476791280164,0.7765467813882304
Montreal,2023-10-31,0.47273175067193507,0.7778741509346412
Montreal,2023-11-01,0.4702658569047859,0.7694713805843558
Montreal,2023-11-02,0.4664898727552511,0.7846290842908585
Montreal,2023-11-03,0.447897015561868,0.7439953451727852
Montreal,2023-11-04,0.43918167286767046,0.7178640251645519
Montreal,2023-11-05,0.4487384998296271,0.711293500644454
Montreal,2023-11-06,0.4650006024822268,0.7218122665381371
Montreal,2023-11-07,0.4728189273405181,0.7248448080578281
Montreal,2023-11-08,0.4765764178954255,0.7358235619747371
Montreal,2023-11-09,0.4752447667880614,0.7465077530976282
Montreal,2023-11-10,0.46718227584920985,0.7442626133109925
Montreal,2023-11-11,0.4410233795275481,0.630059690194349
Montreal,2023-11-12,0.44325370524226043,0.6786435530496097
Montreal,2023-11-13,0.46857164367972526,0.7323080665197588
Montreal,2023-11-14,0.46639405632667164,0.7221253906522339
Montreal,2023-11-15,0.4640912577882834,0.6966358357709075
Montreal,2023-11-16,0.46602469709097355,0.7003537757465035
Montreal,2023-11-17,0.46113347785692166,0.7025346968356997
Montreal,2023-11-18,0.44929176606070576,0.6690696717940281
Montreal,2023-11-19,0.4438587361550125,0.6508332690874515
Montreal,2023-11-20,0.45701415471207624,0.6964875564936381
Montreal,2023-11-21,0.46561302803904847,0.7341476918377478
Montreal,2023-11-22,0.46438353490732365,0.7350738743193218
Montreal,2023-11-23,0.46605688815632923,0.7312612084525516
Montreal,2023-11-24,0.4656844098183096,0.7257075820975268
Montreal,2023-11-25,0.45733971589067735,0.7020970616830506
Montreal,2023-11-26,0.4486096201742359,0.6694619518814148
Montreal,2023-11-27,0.4682310257297043,0.7186633343556481
Montreal,2023-11-28,0.47187050129562685,0.7318116382481845
Montreal,2023-11-29,0.47229421089802465,0.7225905011321166
Montreal,2023-11-30,0.4724508204824041,0.7209618426255437
Montreal,2023-12-01,0.4731593288398107,0.711639179693102
Montreal,2023-12-02,0.46744732099058034,0.6796901267162361
Montreal,2023-12-03,0.45643389358318986,0.6593558221743301
Montreal,2023-12-04,0.4616507501011273,0.6948873529256582
Montreal,2023-12-05,0.45626958934738776,0.66965123475275
Montreal,2023-12-06,0.4565130820738271,0.6583021918176711
Montreal,2023-12-07,0.4605112897902678,0.6931793953660894
Montreal,2023-12-08,0.4649196101504292,0.7019142643193967
Montreal,2023-12-09,0.4507720930232558,0.667708527131783
Montreal,2023-12-10,0.45358190764230577,0.6500639492017635
Montreal,2023-12-11,0.46020624534555193,0.6820763244214272
Montreal,2023-12-12,0.4599910168219239,0.6851211498467937
Montreal,2023-12-13,0.47351814753711996,0.700550907376856
Montreal,2023-12-14,0.46839877639606486,0.6849960409462993
Montreal,2023-12-15,0.4591437966883589,0.6581796760266945
Montreal,2023-12-16,0.4543340309291302,0.6466008291482692
Montreal,2023-12-17,0.452274291265804,0.6317719366895602
Montreal,2023-12-18,0.4641082528700926,0.6527401261593598
Montreal,2023-12-19,0.4528705297379996,0.6078102887741442
Montreal,2023-12-20,0.45366834232167697,0.6636020888747896
Montreal,2023-12-21,0.459922650466421,0.6753698724119996
Montreal,2023-12-22,0.45330036142286473,0.6622483153774765
Montreal,2023-12-23,0.43907898190225386,0.6125542976617724
Montreal,2023-12-24,0.4501263756748109,0.6284584516117668
Montreal,2023-12-25,0.45946832950443056,0.6492640933074146
Montreal,2023-12-26,0.4697182903520678,0.6553613473310989
Montreal,2023-12-27,0.463400508918069,0.67396235926735
Montreal,2023-12-28,0.46149019864586915,0.6617891767735459
Montreal,2023-12-29,0.46093192039685754,0.6825364654712041
Montreal,2023-12-30,0.4558099001699785,0.6565283541995622
Montreal,2023-12-31,0.4534371667014855,0.6311862953148537
Montreal,2024-01-01,0.4564221135319401,0.677575218615681
Montreal,2024-01-02,0.44776587288258934,0.6459375944647835
Montreal,2024-01-03,0.45511535021692395,0.6827855147013893
Montreal,2024-01-04,0.4633943326896418,0.7174426277142494
Montreal,2024-01-05,0.4637708568465363,0.7021077997742733
Montreal,2024-01-06,0.45301615574867826,0.6654148986862108
Montreal,2024-01-07,0.44947210057576836,0.6308807084069693
Montreal,2024-01-08,0.4591669183667866,0.6789587852494577
Montreal,2024-01-09,0.45881715797895256,0.6810979137177673
Montreal,2024-01-10,0.45726744853228063,0.6744348305065295
Montreal,2024-01-11,0.4608347172588959,0.6837243538336063
Montreal,2024-01-12,0.45350606475656163,0.6775235640666655
Montreal,2024-01-13,0.4470942341614775,0.642536076339447
Montreal,2024-01-14,0.4515347897704729,0.6376862127424222
Montreal,2024-01-15,0.45772763229538005,0.6622268566556057
Montreal,2024-01-16,0.4556494930930219,0.6590691883559614
Montreal,2024-01-17,0.45974820608323247,0.6671400841647318
Montreal,2024-01-18,0.4605345706976062,0.6679119070510209
Montreal,2024-01-19,0.45228161412655477,0.6554621848739496
Montreal,2024-01-20,0.44962169712489813,0.6461715749039693
Montreal,2024-01-21,0.45353316609132555,0.6511407953763064
Montreal,2024-01-22,0.45600872606236437,0.6868130755996357
Montreal,2024-01-23,0.45557376515406406,0.6864842571388259
Montreal,2024-01-24,0.45844403762278935,0.6532176355737997
Montreal,2024-01-25,0.4576725283448669,0.6637207275613923
Montreal,2024-01-26,0.4516847661791038,0.666297700160454
Montreal,2024-01-27,0.4510668300238101,0.6440740655123789
Montreal,2024-01-28,0.4342514802953614,0.5994076568010317
Montreal,2024-01-29,0.45034726206305387,0.6477410529678701
Montreal,2024-01-30,0.45437983037456664,0.6934355505598935
Montreal,2024-01-31,0.46062484831653244,0.6858844928830743
Montreal,2024-02-01,0.46451323296484004,0.6726332658059444
Montreal,2024-02-02,0.4652033888180949,0.6505107120101943
Montreal,2024-02-03,0.4493211225046444,0.6170205812629308
Montreal,2024-02-04,0.44653515172864977,0.6079185748075084
Montreal,2024-02-05,0.4607333732662831,0.6500852057707756
Montreal,2024-02-06,0.45791893693817964,0.6413361841046509
Montreal,2024-02-07,0.45247394704444177,0.5797042707773404
Montreal,2024-02-08,0.4697556141945232,0.638663214023716
Montreal,2024-02-09,0.4651024558110433,0.6463404576027758
Montreal,2024-02-10,0.4575184571342474,0.6255562252021496
Montreal,2024-02-11,0.4610877316802115,0.6123968335062651
Montreal,2024-02-12,0.48041815303027413,0.65832122895132
Montreal,2024-02-13,0.4776786899874119,0.6483218517790655
Montreal,2024-02-14,0.48389429197005956,0.6657874637201486
Montreal,2024-02-15,0.46875731456688763,0.6659053086715074
Montreal,2024-02-16,0.4716102382290224,0.6510966340423231
Montreal,2024-02-17,0.46549348588171685,0.6252980498755478
Montreal,2024-02-18,0.46137379874992296,0.5980999686543053
Montreal,2024-02-19,0.45502345374310627,0.63093578814301
Montreal,2024-02-20,0.45554751022704737,0.631514986602222
Montreal,2024-02-21,0.4621748931651848,0.6491162225014668
Montreal,2024-02-22,0.469238219110418,0.649824961012573
Montreal,2024-02-23,0.45738458790963477,0.6151590915855583
Montreal,2024-02-24,0.45153212894503775,0.606728489629975
Montreal,2024-02-25,0.4551361612031832,0.597526569947538
Montreal,2024-02-26,0.4643014136895085,0.6243305458376143
Montreal,2024-02-27,0.46522302018294615,0.6129868315693108
Montreal,2024-02-28,0.46628961221350707,0.6293624786234965
Montreal,2024-02-29,0.4626830932035434,0.6224569748255487
Montreal,2024-03-01,0.46183642437762906,0.6184197382878833
Montreal,2024-03-02,0.4495739373788154,0.6133780524024427
Montreal,2024-03-03,0.45329822718901847,0.6029135141398378
Montreal,2024-03-04,0.460922828812474,0.6155648936101403
Montreal,2024-03-05,0.47409919630728414,0.6423567414326539
Montreal,2024-03-06,0.4758629732553369,0.6526746777993495
Montreal,2024-03-07,0.4703019870972506,0.6489607656738872
Montreal,2024-03-08,0.4714824746671729,0.6553952395642991
Montreal,2024-03-09,0.4594546362191584,0.6441799165097104
Montreal,2024-03-10,0.45820723633854366,0.624153629120575
Montreal,2024-03-11,0.46815452143340686,0.6476863276046557
Montreal,2024-03-12,0.47123578009429473,0.6808108770563894
Montreal,2024-03-13,0.472909653408109,0.6739129905629836
Montreal,2024-03-14,0.4752930983131617,0.7301028589307365
Montreal,2024-03-15,0.4714369064399103,0.6656220394204774
Montreal,2024-03-16,0.4584418675375848,0.5536335268217218
Montreal,2024-03-17,0.4578673938466347,0.5845723955442264
Montreal,2024-03-18,0.466118005915401,0.633803057102623
Montreal,2024-03-19,0.4702666290691481,0.6611863061482387
Montreal,2024-03-20,0.48506843748782374,0.648605923641687
Montreal,2024-03-21,0.4992033538073841,0.655088742000649
Montreal,2024-03-22,0.5081269750634679,0.6694013161025227
Montreal,2024-03-23,0.4806166701925111,0.6375755118350845
Montreal,2024-03-24,0.4612961063683787,0.6215791454227508
Montreal,2024-03-25,0.4706450316690805,0.6071270608029001
Montreal,2024-03-26,0.5068051716684787,0.6793224957099254
Montreal,2024-03-27,0.49644932391612384,0.6737606959654654
Montreal,2024-03-28,0.5113029976906347,0.6934822089190825
Montreal,2024-03-29,0.507624142511418,0.6657720278278169
Montreal,2024-03-30,0.48614425495864294,0.6431490858765173
Montreal,2024-03-31,0.4735847216195944,0.6136376631719861
Montreal,2024-04-01,0.47062875259084064,0.624390228560106
Montreal,2024-04-02,0.48401121650353146,0.6216569356038415
Montreal,2024-04-03,0.49628391284120865,0.663275224950925
Montreal,2024-04-04,0.4966122182812972,0.6956245129069712
Montreal,2024-04-05,0.49546567434346933,0.6968330034002935
Montreal,2024-04-06,0.48255068701750553,0.6573297394891301
Montreal,2024-04-07,0.4822973244819956,0.644346299445877
Montreal,2024-04-08,0.4878762011525579,0.6948669690331472
Montreal,2024-04-09,0.4870314156465855,0.6967247657489777
Montreal,2024-04-10,0.49171539320675384,0.6926975888574995
Montreal,2024-04-11,0.48649568721569025,0.6841986561644943
Montreal,2024-04-12,0.4712778713045163,0.6106555887945547
Montreal,2024-04-13,0.4553232578178951,0.5427333451485354
Montreal,2024-04-14,0.47515869931338256,0.6541938362770077
Montreal,2024-04-15,0.4892757620390128,0.7198356582442197
Montreal,2024-04-16,0.4907920721035506,0.6740271854594917
Montreal,2024-04-17,0.49114988268850346,0.7063503473340388
Montreal,2024-04-18,0.48493414219620434,0.696083349069965
Montreal,2024-04-19,0.5003036939211064,0.7172163805256969
Montreal,2024-04-20,0.4756826939185793,0.6735606187524432
Montreal,2024-04-21,0.46588747028153005,0.6573171542447948
Montreal,2024-04-22,0.48550623441396507,0.7236375727348295
Montreal,2024-04-23,0.48648355417427885,0.7270076926846
Montreal,2024-04-24,0.4839515794016018,0.7236296770994013
Montreal,2024-04-25,0.4808971736000606,0.7217488823217398
Montreal,2024-04-26,0.4833064228782738,0.7113893819797321
Montreal,2024-04-27,0.46697038724373574,0.7034353760394096
Montreal,2024-04-28,0.45997922702673155,0.6748227919604949
Montreal,2024-04-29,0.4774729355016726,0.7081735125596986
Montreal,2024-04-30,0.4946395943137797,0.7115585796421455
Montreal,2024-05-01,0.4898149932549624,0.7292252842551551
Montreal,2024-05-02,0.5063352679454554,0.7316220230611129
Montreal,2024-05-03,0.49664282351120026,0.7375532923549255
Montreal,2024-05-04,0.4761528775852354,0.7118588651051485
Montreal,2024-05-05,0.4654307200814226,0.6794407848237256
Montreal,2024-05-06,0.4856397716083515,0.6888474264542818
Montreal,2024-05-07,0.5011840945216323,0.7085229064372269
Montreal,2024-05-08,0.4969125602268181,0.7133429580282131
Montreal,2024-05-09,0.4903498510332251,0.7109054988708212
Montreal,2024-05-10,0.49854796601164886,0.7031201619237902
Montreal,2024-05-11,0.48231752288142765,0.6683069557121958
Montreal,2024-05-12,0.47548316891037756,0.6511768078923019
Montreal,2024-05-13,0.4940602632359506,0.6883952673855271
Montreal,2024-05-14,0.47877404057258277,0.6326231667691227
Montreal,2024-05-15,0.48590221212579515,0.6619617453786726
Montreal,2024-05-16,0.48324295043127824,0.6968134818351202
Montreal,2024-05-17,0.4712108585782888,0.6836791587479542
Montreal,2024-05-18,0.4587872428588614,0.6688510018312326
Montreal,2024-05-19,0.4475977653631285,0.6372247251757074
Montreal,2024-05-20,0.4564413704104845,0.654757162656413
Montreal,2024-05-21,0.4790134357570674,0.712445366650479
Montreal,2024-05-22,0.4788539835228687,0.7093068722161003
Montreal,2024-05-23,0.4781047778292395,0.7347897875502734
Montreal,2024-05-24,0.4708859872903158,0.7287891318461368
Montreal,2024-05-25,0.46271790217936043,0.713708705251324
Montreal,2024-05-26,0.45384078061869754,0.6746283537401568
Montreal,2024-05-27,0.4730965377394786,0.7130335928076159
Montreal,2024-05-28,0.471461745294549,0.7205509189742874
Montreal,2024-05-29,0.475203597909323,0.7503979347907876
Montreal,2024-05-30,0.4718648373715918,0.7230151744348459
Montreal,2024-05-31,0.4685985841568287,0.6900348014044668
Montreal,2024-06-01,0.4625218759114963,0.6693195549814576
Montreal,2024-06-02,0.456179884249289,0.6436144571439981
Montreal,2024-06-03,0.46560716157452653,0.6861088683975693
Montreal,2024-06-04,0.4579979247777304,0.6711347472675736
Montreal,2024-06-05,0.46226040142359043,0.6947018830656574
Montreal,2024-06-06,0.46206908322358037,0.6739269571351768
Montreal,2024-06-07,0.4660196641345494,0.6728064158261562
Montreal,2024-06-08,0.45684512787789355,0.6400361214455416
Montreal,2024-06-09,0.4442341941228851,0.6135197140595626
Montreal,2024-06-10,0.45619207146845336,0.6638107202680067
Montreal,2024-06-11,0.45169090686040647,0.6650845794201437
Montreal,2024-06-12,0.4638394518169416,0.6856422340733391
Montreal,2024-06-13,0.46363801913168295,0.6887459428191917
Montreal,2024-06-14,0.4566811312284902,0.6733531150567901
Montreal,2024-06-15,0.4506387857610832,0.6299519545752348
Montreal,2024-06-16,0.44176178907783953,0.6331159106792239
Montreal,2024-06-17,0.45271704650822314,0.6618637450588063
Montreal,2024-06-18,0.46413158382284025,0.6573687594677361
Montreal,2024-06-19,0.4643831753932157,0.6772970786186268
Montreal,2024-06-20,0.4644730190379092,0.6714075513368335
Montreal,2024-06-21,0.4614611145827416,0.6739788672385388
Montreal,2024-06-22,0.460363990729035,0.6748261694058154
Montreal,2024-06-23,0.4640641221225222,0.6817508322326254
Montreal,2024-06-24,0.4768114346892932,0.7092974390018161
Montreal,2024-06-25,0.4712823624363913,0.7205139066175923
Montreal,2024-06-26,0.4706451435298189,0.7244106874591985
Montreal,2024-06-27,0.47012327034979534,0.743661195308895
Montreal,2024-06-28,0.47063251878284174,0.7274944667780839
Montreal,2024-06-29,0.45729835663014734,0.7082782395164336
Montreal,2024-06-30,0.4532560656624876,0.6759831333994769
Montreal,2024-07-01,0.4642132537732147,0.70882443801853
Montreal,2024-07-02,0.4647816643958505,0.7397347866556948
Montreal,2024-07-03,0.46208879952048143,0.7021522235312528
Montreal,2024-07-04,0.46785892784541,0.7445391382261619
Montreal,2024-07-05,0.4642322818337321,0.7397209538058178
Montreal,2024-07-06,0.45316076774079944,0.7042172917767212
Montreal,2024-07-07,0.45484802088300996,0.6840390552445973
Montreal,2024-07-08,0.4640447668688593,0.700848904197275
Montreal,2024-07-09,0.45360315161460935,0.6892080925712647
Montreal,2024-07-10,0.46032038340007053,0.6952629699581611
Montreal,2024-07-11,0.4604376724806551,0.7043095362637759
Montreal,2024-07-12,0.45869108420602195,0.7013073829561204
Montreal,2024-07-13,0.45060006134180247,0.6750071730333521
Montreal,2024-07-14,0.44103511072467383,0.6428573451568045
Montreal,2024-07-15,0.4572960880371494,0.6908419178991388
Montreal,2024-07-16,0.4629064733481825,0.704783981474162
Montreal,2024-07-17,0.4623746800341297,0.6541355588737201
Montreal,2024-07-18,0.466716207255116,0.6774056213086456
Montreal,2024-07-19,0.4708511211107265,0.6965809007345871
Montreal,2024-07-20,0.4575555510319217,0.6474599634167265
Montreal,2024-07-21,0.45941559330198545,0.6276952720863144
Montreal,2024-07-22,0.46636664575174713,0.6593067785975465
Montreal,2024-07-23,0.4711460489532874,0.6767407865815924
Montreal,2024-07-24,0.47751893236575543,0.6859440069269781
Montreal,2024-07-25,0.4699797761511577,0.6819453143302464
Montreal,2024-07-26,0.4701169880503783,0.6380894937684007
Montreal,2024-07-27,0.46661749209694414,0.65518177028451
Montreal,2024-07-28,0.46112112347653095,0.628546293671888
Montreal,2024-07-29,0.47750567435192925,0.6918461885610374
Montreal,2024-07-30,0.4785833692028949,0.6735878237019389
Montreal,2024-07-31,0.48258617290146805,0.663903278424062
Montreal,2024-08-01,0.48756190401163063,0.6599477911502777
Montreal,2024-08-02,0.48723052464228933,0.7302130365659777
Montreal,2024-08-03,0.47574148367799163,0.7019723368929718
Montreal,2024-08-04,0.4703794206359794,0.627887302862981
Montreal,2024-08-05,0.47778258002845597,0.6443162208460445
Montreal,2024-08-06,0.48388932594613593,0.6768714884310016
Montreal,2024-08-07,0.4827792785546686,0.689816227250287
Montreal,2024-08-08,0.47698793077230667,0.6848315207902725
Montreal,2024-08-09,0.4773633087515811,0.7031468355303109
Montreal,2024-08-10,0.4718568838266466,0.7161203616211661
Montreal,2024-08-11,0.46859157074784047,0.6755524333800623
Montreal,2024-08-12,0.4607409242968653,0.6593829760872258
Montreal,2024-08-13,0.4683342381306459,0.6633124844018947
Montreal,2024-08-14,0.47456521683961556,0.6982035137940398
Montreal,2024-08-15,0.475404673124127,0.7006777208001865
Montreal,2024-08-16,0.4808809683009702,0.7124544573775637
Montreal,2024-08-17,0.47018984687902143,0.6819652694437617
Montreal,2024-08-18,0.4721303607278942,0.6613881263571926
Montreal,2024-08-19,0.47582773918447463,0.650857427655503
Montreal,2024-08-20,0.48962256569607027,0.6595537221076317
Montreal,2024-08-21,0.48289641059675903,0.6625186660029866
Montreal,2024-08-22,0.4901082403662706,0.6852512576717374
Montreal,2024-08-23,0.48649360171441086,0.6987528202402833
Montreal,2024-08-24,0.48023607561333975,0.6869627489474139
Montreal,2024-08-25,0.4763338209810637,0.6604983647331876
Montreal,2024-08-26,0.48910939363073314,0.7032623545143398
Montreal,2024-08-27,0.4833865799393611,0.692415831245779
Montreal,2024-08-28,0.4837442880814646,0.6921011561699428
Montreal,2024-08-29,0.48344908621102245,0.682191802921651
Montreal,2024-08-30,0.47797560955606766,0.7079215634815842
Montreal,2024-08-31,0.4695463313952704,0.6896086551821824
Montreal,2024-09-01,0.4639970700893017,0.6775914151413599
Montreal,2024-09-02,0.47746269611291775,0.6758313121423968
Montreal,2024-09-03,0.480994910477686,0.69517546934369
Montreal,2024-09-04,0.477962308598351,0.7045747938751472
Montreal,2024-09-05,0.4846567068444825,0.7251409786995217
Montreal,2024-09-06,0.47867169637578416,0.6919782766793455
Montreal,2024-09-07,0.47084976714606347,0.6771386771386771
Montreal,2024-09-08,0.45804329004329003,0.6585396825396825
Montreal,2024-09-09,0.46734243303664413,0.6954191371481734
Montreal,2024-09-10,0.46709495325125744,0.6902252123108269
Montreal,2024-09-11,0.4741561605829549,0.7268171474735511
Montreal,2024-09-12,0.4674861737386144,0.7198767735497028
Montreal,2024-09-13,0.46993092017381727,0.6864446516294006
Montreal,2024-09-14,0.45650458434206725,0.652772194379677
Montreal,2024-09-15,0.4522207925468671,0.6431812629281561
Montreal,2024-09-16,0.4658497952672759,0.659879687930037
Montreal,2024-09-17,0.4733549026158616,0.6991114393393235
Montreal,2024-09-18,0.48225036893520323,0.7079783558014118
Montreal,2024-09-19,0.4726784778661858,0.7105575795976556
Montreal,2024-09-20,0.4597044532888046,0.6712388102801039
Montreal,2024-09-21,0.45959847568274015,0.6777841758270198
Montreal,2024-09-22,0.4584782664708459,0.6385818453531216
Montreal,2024-09-23,0.4592231121698652,0.6446576807613307
Montreal,2024-09-24,0.4598234955733588,0.648303003942587
Montreal,2024-09-25,0.45751644991615087,0.683760885231107
Montreal,2024-09-26,0.46842946932408785,0.7284390381376206
Montreal,2024-09-27,0.46472886772678457,0.6926067773364214
Montreal,2024-09-28,0.4628483773672833,0.6920784196968324
Montreal,2024-09-29,0.4583128179878549,0.6604915476776629
Montreal,2024-09-30,0.4751369201731471,0.7166441003279126
Montreal,2024-10-01,0.4736786843542068,0.7178093369572391
Montreal,2024-10-02,0.4712238082572332,0.7186659573839288
Montreal,2024-10-03,0.47151779020421075,0.7402760869116646
Montreal,2024-10-04,0.4679818079265463,0.7407986520159073
Montreal,2024-10-05,0.4563791257186087,0.6976891224659106
Montreal,2024-10-06,0.45918977182984355,0.6687370600414079
Montreal,2024-10-07,0.47225953173173785,0.7261630391648096
Montreal,2024-10-08,0.4764035678730529,0.743642086421367
Montreal,2024-10-09,0.48204445477124225,0.767998718918868
Montreal,2024-10-10,0.4841703502408416,0.7562484692270909
Montreal,2024-10-11,0.48245158549394007,0.7799249442392343
Montreal,2024-10-12,0.4625301065199212,0.7336250285796613
Montreal,2024-10-13,0.458622042917916,0.7051975574148784
Montreal,2024-10-14,0.4807815788534941,0.7165810532824409
Montreal,2024-10-15,0.4850500049892329,0.7448731608238994
Montreal,2024-10-16,0.4863779010025643,0.7515837676544193
Montreal,2024-10-17,0.48713598453268797,0.7638672172787523
Montreal,2024-10-18,0.4807767799760296,0.7095030484097896
Montreal,2024-10-19,0.47339106601946357,0.7176966625622865
Montreal,2024-10-20,0.4749973254239664,0.7228548977943048
Montreal,2024-10-21,0.48786922460436455,0.80135208199921
Montreal,2024-10-22,0.4883670715249663,0.8747188484030589
Montreal,2024-10-23,0.4860508444501799,0.8530721210459246
Montreal,2024-10-24,0.4801379622145196,0.8037566275294215
Montreal,2024-10-25,0.4756565817128526,0.7789929175718399
Montreal,2024-10-26,0.468914976497866,0.7268064042899295
Montreal,2024-10-27,0.4480621505338884,0.6847811318782769
Montreal,2024-10-28,0.4663100552990716,0.7279881791892852
Montreal,2024-10-29,0.4719953652656562,0.7185707077314096
Montreal,2024-10-30,0.4769864544897297,0.7033358974050793
Montreal,2024-10-31,0.47891943581161844,0.7240162562754004
Montreal,2024-11-01,0.47554482499966516,0.7298009563738163
Montreal,2024-11-02,0.46438742579655473,0.6837113066917708
Montreal,2024-11-03,0.4586370008709363,0.6756199350521105
Montreal,2024-11-04,0.4710485531436864,0.7367622114800164
Montreal,2024-11-05,0.47486494414432034,0.738263585030189
Montreal,2024-11-06,0.47188256451422206,0.6790499125705503
Montreal,2024-11-07,0.47496279587073326,0.7261368798659085
Montreal,2024-11-08,0.4738351368050825,0.7276351019502844
Montreal,2024-11-09,0.46194735447512814,0.6937531101962736
Montreal,2024-11-10,0.45622066113479964,0.6514893909468218
Montreal,2024-11-11,0.47295293552647377,0.7002611357906111
Montreal,2024-11-12,0.47267354306636,0.6939595640472254
Montreal,2024-11-13,0.4697857062031127,0.7316143751471798
Montreal,2024-11-14,0.47269093373459375,0.7135649387197188
Montreal,2024-11-15,0.4624353707769672,0.7088114125174115
Montreal,2024-11-16,0.4569127772615729,0.6780757868153336
Montreal,2024-11-17,0.45015319954441185,0.6548983749619006
Montreal,2024-11-18,0.4659286347918967,0.6823536156320341
Montreal,2024-11-19,0.47384451357263824,0.6997961910148517
Montreal,2024-11-20,0.46610439600853215,0.702077255007723
Montreal,2024-11-21,0.4641027457818223,0.7115342552686788
Montreal,2024-11-22,0.47103891730673636,0.7334284752176772
Montreal,2024-11-23,0.4576464461138891,0.6996088870129384
Montreal,2024-11-24,0.44638956598816043,0.668126387174157
Montreal,2024-11-25,0.47003440512275707,0.7205517814966066
Montreal,2024-11-26,0.47028433728187846,0.7326045687306046
Montreal,2024-11-27,0.4705016980432793,0.7473772984093608
Montreal,2024-11-28,0.46188677036966597,0.7213259256279054
Montreal,2024-11-29,0.46195130094078446,0.6865301211649727
Montreal,2024-11-30,0.4534017906177759,0.6496800643702824
Montreal,2024-12-01,0.45429170026261506,0.6506928051240702
Montreal,2024-12-02,0.46246208291203234,0.6768816740240203
Montreal,2024-12-03,0.4701102401197504,0.6893299494099706
Montreal,2024-12-04,0.46956741096738286,0.6994372233578313
Montreal,2024-12-05,0.4617409372965813,0.7198741326723498
Montreal,2024-12-06,0.4552208130187534,0.6700231661072501
Montreal,2024-12-07,0.45562312288409906,0.6597074087045115
Montreal,2024-12-08,0.4536970604309503,0.6618135760483013
Montreal,2024-12-09,0.4595660096074209,0.6874358124896471
Montreal,2024-12-10,0.4602716669648234,0.6863055358884105
Montreal,2024-12-11,0.46033022996155526,0.6631317970058435
Montreal,2024-12-12,0.46393543782222085,0.7502082971953102
Montreal,2024-12-13,0.4661393031542827,0.721946350798469
Montreal,2024-12-14,0.4570584770444059,0.6821558297064695
Montreal,2024-12-15,0.4577368993520212,0.6667420869987161
Montreal,2024-12-16,0.47590576766856213,0.7240392426420046
Montreal,2024-12-17,0.46749245712976284,0.721235884966455
Montreal,2024-12-18,0.4659643200139693,0.745610112945173
Montreal,2024-12-19,0.4615001166324225,0.805859740724527
Montreal,2024-12-20,0.4604691777588974,0.7587557821202681
Montreal,2024-12-21,0.452680864390855,0.6915032884434701
Montreal,2024-12-22,0.46298371335504884,0.6824263481722765
Montreal,2024-12-23,0.47816235867776663,0.7341749251211128
Montreal,2024-12-24,0.47791258763170297,0.7448851421860994
Montreal,2024-12-25,0.47821120354397345,0.6996352474907302
Montreal,2024-12-26,0.47793138469031915,0.7288446491768961
Montreal,2024-12-27,0.4803760001453341,0.7365248015280845
Montreal,2024-12-28,0.46831926132346213,0.6835170319843613
Montreal,2024-12-29,0.4632016760120771,0.6694559122558383
Montreal,2024-12-30,0.4714123760843067,0.707742226945075
Montreal,2024-12-31,0.4730584782960781,0.7110865274548505
Montreal,2025-01-01,0.4789247796300789,0.764389029448122
Montreal,2025-01-02,0.474919154096547,0.7482687275280301
Montreal,2025-01-03,0.4668345382637146,0.7258884538404863
Montreal,2025-01-04,0.46222925464471715,0.677515691965923
Montreal,2025-01-05,0.45401092529136733,0.6655874311921791
Montreal,2025-01-06,0.47585002455929704,0.7148690418897262
Montreal,2025-01-07,0.4678708105459698,0.7356409815008541
Montreal,2025-01-08,0.47143356790106183,0.685591572349921
Montreal,2025-01-09,0.4709477380336034,0.6971993324444161
Montreal,2025-01-10,0.4693594840810193,0.6692754802825867
Montreal,2025-01-11,0.4688337329008602,0.6549625279529383
Montreal,2025-01-12,0.47052993457168546,0.640318149526303
Montreal,2025-01-13,0.47526010662429097,0.6796859922149731
Montreal,2025-01-14,0.47463081310307265,0.6856708629543038
Montreal,2025-01-15,0.47264725778754635,0.6642762804136177
Montreal,2025-01-16,0.46948594288459583,0.6680756118517698
Montreal,2025-01-17,0.4786658783832499,0.6563516897624094
Montreal,2025-01-18,0.4811006977664461,0.6549562455857381
Montreal,2025-01-19,0.4732680171727738,0.6512878249505604
Montreal,2025-01-20,0.4808524062728779,0.6723331599429738
Montreal,2025-01-21,0.49179082938646507,0.6919408182674155
Montreal,2025-01-22,0.4938860493294152,0.6745586303264952
Montreal,2025-01-23,0.49773096592916266,0.7139821412072892
Montreal,2025-01-24,0.4986790267781121,0.7173829124927107
Montreal,2025-01-25,0.48119341264649107,0.6714346097205732
Montreal,2025-01-26,0.4840909159904433,0.6789464576825348
Montreal,2025-01-27,0.4991281887444293,0.7038819968268236
Montreal,2025-01-28,0.4941652247987526,0.7013520643520142
Montreal,2025-01-29,0.5030741139749318,0.7419273994850981
Montreal,2025-01-30,0.497898342607551,0.7791090767665889
Montreal,2025-01-31,0.49407510118423026,0.7994003897466647
Montreal,2025-02-01,0.48098995270700073,0.7565141464147007
Montreal,2025-02-02,0.48631853880615966,0.7426804273302741
Montreal,2025-02-03,0.48847202710519794,0.7674296890064182
Montreal,2025-02-04,0.49097425126456773,0.7706084669617576
Montreal,2025-02-05,0.49047813116411,0.7516554456091159
Montreal,2025-02-06,0.4913276578555997,0.7736959355663952
Montreal,2025-02-07,0.48596848291094735,0.7532999389732009
Montreal,2025-02-08,0.48157616191423164,0.7306187253423998
Montreal,2025-02-09,0.47852319417261807,0.7171108058014595
Montreal,2025-02-10,0.49335390976458426,0.7429062267969193
Montreal,2025-02-11,0.5019992592714911,0.7067658708160045
Montreal,2025-02-12,0.49570507806463426,0.6961244659580185
Montreal,2025-02-13,0.4915561634704244,0.6749333950867108
Montreal,2025-02-14,0.48173383222935734,0.663434797997674
Montreal,2025-02-15,0.4785327485653759,0.6411100098264839
Montreal,2025-02-16,0.47756277903818967,0.6451022876880699
Montreal,2025-02-17,0.48801676456163157,0.6751842717248209
Montreal,2025-02-18,0.4909517193858489,0.6718569277681206
Montreal,2025-02-19,0.49122065992102976,0.7100252179191149
Montreal,2025-02-20,0.4888285490186196,0.7087642261569138
Montreal,2025-02-21,0.4844782632442859,0.7246275156884672
Montreal,2025-02-22,0.46977064073446145,0.7784020024951217
Montreal,2025-02-23,0.4603198465776579,0.7469506496883609
Montreal,2025-02-24,0.47741952315817326,0.7701066315824783
Montreal,2025-02-25,0.4878460184023747,0.8214650222433445
Montreal,2025-02-26,0.48260989619996186,0.7729699878271218
Montreal,2025-02-27,0.4821758339372122,0.7973577378308672
Montreal,2025-02-28,0.4708742088607595,0.7790427215189873
Montreal,2025-03-01,0.45544637074182537,0.7427631395954113
Montreal,2025-03-02,0.4529565811446789,0.7152649157431304
Montreal,2025-03-03,0.4698231887674591,0.7722298472626921
Montreal,2025-03-04,0.47348178446604905,0.7748813357549488
Montreal,2025-03-05,0.47060840354263217,0.8484596330239886
Montreal,2025-03-06,0.4635392207154159,0.77687505870283
Montreal,2025-03-07,0.4616545278370715,0.7698806854952607
Montreal,2025-03-08,0.43293751363058663,0.7305656035435765
Montreal,2025-03-09,0.42631159031257454,0.6940281257456454
Montreal,2025-03-10,0.4506164339856462,0.7498295612924459
Montreal,2025-03-11,0.4595726462711166,0.8161986248454882
Montreal,2025-03-12,0.4671672124463246,0.8255214637937844
Montreal,2025-03-13,0.4650639536305608,0.8123975885935093
Montreal,2025-03-14,0.4475581570617495,0.7503548460031151
Montreal,2025-03-15,0.4394165203544159,0.7472711063928246
Montreal,2025-03-16,0.44096591481465836,0.7202343620523253
Montreal,2025-03-17,0.45477279500369283,0.8008700778729414
Montreal,2025-03-18,0.4567456179552113,0.7603124948276148
Montreal,2025-03-19,0.46734657848635874,0.7938332631693307
Montreal,2025-03-20,0.468032164278792,0.8201334503260955
Montreal,2025-03-21,0.4628880871188386,0.8281401499910955
Montreal,2025-03-22,0.44898847894664656,0.7846831710327802
Montreal,2025-03-23,0.4382556002211695,0.7541133045414469
Montreal,2025-03-24,0.46279626558236586,0.7877554705473222
Montreal,2025-03-25,0.46961934318727755,0.7920747637332772
Montreal,2025-03-26,0.49151105299718056,0.8595237608793365
Montreal,2025-03-27,0.4826046798029557,0.88344863807592
Montreal,2025-03-28,0.4847228367359838,0.8499209910877947
Montreal,2025-03-29,0.46880960883539036,0.8196557821114702
Montreal,2025-03-30,0.45995199239879647,0.7855910519165534
Montreal,2025-03-31,0.48380845051182886,0.857093461055759
Montreal,2025-04-01,0.4864025883175936,0.8650533403287863
Montreal,2025-04-02,0.47372592334919617,0.8215127183529437
Montreal,2025-04-03,0.4824782582129982,0.9144544695411312
Montreal,2025-04-04,0.4855472506254238,0.9013803381311225
Montreal,2025-04-05,0.474977774185727,0.8740887416148064
Montreal,2025-04-06,0.4654156345982364,0.8190429010205093
Montreal,2025-04-07,0.49038480990123845,0.9238674386331177
Montreal,2025-04-08,0.4890891161222477,0.9211052870628383
Montreal,2025-04-09,0.4912859567003041,0.9297466123439383
Montreal,2025-04-10,0.4934309442279687,0.9269138426417917
Montreal,2025-04-11,0.4891014660226963,0.9204042853597106
Montreal,2025-04-12,0.4711753818068104,0.8869032023597224
Montreal,2025-04-13,0.466170038886045,0.8753715727743802
Montreal,2025-04-14,0.48574517011870255,0.9046209777979304
Montreal,2025-04-15,0.48607568027210885,0.9186616954474097
Montreal,2025-04-16,0.486816015370026,0.9235193418476052
Montreal,2025-04-17,0.48758682940229975,0.9060672658058946
Montreal,2025-04-18,0.4854148185443589,0.9125608381884006
Montreal,2025-04-19,0.4698160569523888,0.881276490679396
Montreal,2025-04-20,0.45889671782093644,0.833224302375486
Montreal,2025-04-21,0.4715449535756577,0.8690954889514668
Montreal,2025-04-22,0.46691640632919557,0.8201644042649268
Montreal,2025-04-23,0.4555259642513196,0.7411341408652774
Montreal,2025-04-24,0.46035737343630917,0.7207662024339452
Montreal,2025-04-25,0.45296747513132896,0.6922141499944116
Montreal,2025-04-26,0.44150506549053886,0.6659569830120357
Montreal,2025-04-27,0.4308501587433338,0.650260422070511
Montreal,2025-04-28,0.44552319561181747,0.6939723126580035
Montreal,2025-04-29,0.4526849046208939,0.7478500964120929
Montreal,2025-04-30,0.4562338252547552,0.7253530634325733
Montreal,2025-05-01,0.4572768512173281,0.7138637921103856
Montreal,2025-05-02,0.4542328508495909,0.7413643801132788
Montreal,2025-05-03,0.4437138512165935,0.7580618019545273
Montreal,2025-05-04,0.4315770536570965,0.7935871651044357
Montreal,2025-05-05,0.45876443860513494,0.7683767175781464
Montreal,2025-05-06,0.45320884309937753,0.7403610442719807
Montreal,2025-05-07,0.44853374245467054,0.75472543763629
Montreal,2025-05-08,0.4594299279686509,0.768611892489553
Montreal,2025-05-09,0.44857799292150574,0.766363207766423
Montreal,2025-05-10,0.4316040869472789,0.7261107568027211
Montreal,2025-05-11,0.4283875303276256,0.7556640659091306
Montreal,2025-05-12,0.4553945747246089,0.8390146509273227
Montreal,2025-05-13,0.46770325763844195,0.8502382703564095
Montreal,2025-05-14,0.47349057183219706,0.7875836865057428
Montreal,2025-05-15,0.45871808887408266,0.8426736615358741
Montreal,2025-05-16,0.45799187110269685,0.8593594852580991
Montreal,2025-05-17,0.4411864764276432,0.8099344777612214
Montreal,2025-05-18,0.4432505787499002,0.8010154067214816
Montreal,2025-05-19,0.4548781951278051,0.8109387533396073
Montreal,2025-05-20,0.4679627293316512,0.8149538676678472
Montreal,2025-05-21,0.47617444643925794,0.7978812779082078
Montreal,2025-05-22,0.4798327783175481,0.8488453446660387
Montreal,2025-05-23,0.46848440209372827,0.818126404111724
Montreal,2025-05-24,0.4563661803915309,0.8262852952693552
Montreal,2025-05-25,0.4507743921828665,0.771054519280307
Montreal,2025-05-26,0.474468883755262,0.8222911371039459
Montreal,2025-05-27,0.4696032608346245,0.8139999871418193
Montreal,2025-05-28,0.46687591503873294,0.7861378451139152
Montreal,2025-05-29,0.4558812398766784,0.8288609907105121
Montreal,2025-05-30,0.4504912411807372,0.8126714093481133
Montreal,2025-05-31,0.4298014485006201,0.7784266211511482
Montreal,2025-06-01,0.42356994734299647,0.7627659205367652
Montreal,2025-06-02,0.4379517166942194,0.7853756506769773
Montreal,2025-06-03,0.44691950335582026,0.7931414437344153
Montreal,2025-06-04,0.442961468491072,0.7492362386441691
Montreal,2025-06-05,0.46458004862807606,0.8061749571183533
Montreal,2025-06-06,0.4571409885190052,0.767481613165984
Montreal,2025-06-07,0.43683946548203345,0.7233487383417524
Montreal,2025-06-08,0.43860467993454166,0.7304510665099565
Montreal,2025-06-09,0.46000635630494374,0.7591499577192216
Montreal,2025-06-10,0.46098765006407716,0.7324994684183002
Montreal,2025-06-11,0.4663443739168227,0.7757319998068389
Montreal,2025-06-12,0.45036106878696064,0.7886769762459355
Montreal,2025-06-13,0.4500659428652175,0.7784172534796637
Montreal,2025-06-14,0.450348124705407,0.7495629923910848
Montreal,2025-06-15,0.44114994505425104,0.7246548522780382
Montreal,2025-06-16,0.4459516162871391,0.7417437287843821
Montreal,2025-06-17,0.4486668506198199,0.7633595977557716
Montreal,2025-06-18,0.42925281876810056,0.7749944404256461
Montreal,2025-06-19,0.44645259810699706,0.7763151156240252
Montreal,2025-06-20,0.4372031846540646,0.765939566067604
Montreal,2025-06-21,0.42546090383641294,0.743899138906043
Montreal,2025-06-22,0.4289363421638758,0.7289767506746778
Montreal,2025-06-23,0.43861149358649176,0.7386066623185255
Montreal,2025-06-24,0.43179177143544073,0.7161475812187572
Montreal,2025-06-25,0.4456935811875233,0.7288283256475621
Montreal,2025-06-26,0.44198925624411584,0.7583280962941025
Montreal,2025-06-27,0.4503504331743405,0.760376715662416
Montreal,2025-06-28,0.4441796156108297,0.765773521543628
Montreal,2025-06-29,0.43635559804038715,0.72674871549767
Montreal,2025-06-30,0.45039291127433834,0.7612824997085228
Montreal,2025-07-01,0.44911463187325257,0.7622725266100947
Montreal,2025-07-02,0.4547410289997801,0.7676455964890474
Montreal,2025-07-03,0.45947952568569916,0.7809368158130069
Montreal,2025-07-04,0.45799239507123607,0.7797217943781286
Montreal,2025-07-05,0.4455690788887503,0.7430699635200945
Montreal,2025-07-06,0.4329976233307509,0.7045261761886629
Montreal,2025-07-07,0.45446615973782084,0.7605566704717016
Montreal,2025-07-08,0.46372867279002994,0.7861139267071815
Montreal,2025-07-09,0.4635263076206736,0.7895035586794085
Montreal,2025-07-10,0.46190520264060214,0.8050973867337077
Montreal,2025-07-11,0.4675160634850898,0.7780921522324126
Montreal,2025-07-12,0.4478020408940334,0.7317233370140502
Montreal,2025-07-13,0.4464537325173814,0.7263699779045151
Montreal,2025-07-14,0.4553306992820366,0.7385736633925453
Montreal,2025-07-15,0.4555907422068512,0.763038737725183
Montreal,2025-07-16,0.4713273222723144,0.7886413446554612
Montreal,2025-07-17,0.4583146235593474,0.787068287053802
Montreal,2025-07-18,0.450785811865957,0.784969384406644
Montreal,2025-07-19,0.4281464469913346,0.7743725032764764
Montreal,2025-07-20,0.4166424640316302,0.7205315630834563
Montreal,2025-07-21,0.44139379855878697,0.7619205220289651
Montreal,2025-07-22,0.45311619652180446,0.7820775269503812
Montreal,2025-07-23,0.4544020143076769,0.7610389486760877
Montreal,2025-07-24,0.45818670222990016,0.7594854405102881
Montreal,2025-07-25,0.44685492958761724,0.7684140214468838
Montreal,2025-07-26,0.4421875269389253,0.7702820859533362
Montreal,2025-07-27,0.4488836090635559,0.7608596161523705
Montreal,2025-07-28,0.4501274809482892,0.75589159189193
Montreal,2025-07-29,0.46077807246067004,0.7743702621372679
Montreal,2025-07-30,0.4570291348162109,0.7652407507682787
Montreal,2025-07-31,0.4459723509679829,0.7726412850420026
Montreal,2025-08-01,0.4432377324828138,0.7466306069037455
Montreal,2025-08-02,0.43902730992345945,0.7611129865186133
Montreal,2025-08-03,0.43206239756383774,0.721169978567203
Montreal,2025-08-04,0.4530584621334306,0.7683026512970833
Montreal,2025-08-05,0.46606993997999335,0.7687833444481493
Montreal,2025-08-06,0.45444049493592215,0.771943313771393
Montreal,2025-08-07,0.4585521085969185,0.7906162500443036
Montreal,2025-08-08,0.45468650856598986,0.8015074754124365
Montreal,2025-08-09,0.4463887152932774,0.7820392484261781
Montreal,2025-08-10,0.44196196205417804,0.765494083344465
Montreal,2025-08-11,0.4445379315806145,0.7945562440608173
Montreal,2025-08-12,0.4517956834943958,0.7853189227329287
Montreal,2025-08-13,0.4616934948512191,0.8259319054472456
Montreal,2025-08-14,0.4602316913265499,0.8105924663826103
Montreal,2025-08-15,0.46489867922034345,0.8529755671015038
Montreal,2025-08-16,0.4569246776605423,0.8480037436342532
Montreal,2025-08-17,0.4460580138075949,0.8145061905129425
Montreal,2025-08-18,0.462615878800402,0.8365674515586696
Montreal,2025-08-19,0.4690357694182158,0.8794537715261123
Montreal,2025-08-20,0.46322397193893866,0.8660015447358452
Montreal,2025-08-21,0.4622849925017865,0.847723361212597
Montreal,2025-08-22,0.4743251715990264,0.9060017905985364
Montreal,2025-08-23,0.4555359477953965,0.8380895552706082
Montreal,2025-08-24,0.4444687402119248,0.7440513126609184
Montreal,2025-08-25,0.4511084491231967,0.7576742599431199
Montreal,2025-08-26,0.4616321770685615,0.7675432214855465
Montreal,2025-08-27,0.4599753326439464,0.7757352045685537
Montreal,2025-08-28,0.45477732520473085,0.7584002485177835
Montreal,2025-08-29,0.4508985262665419,0.7471302299157867
Montreal,2025-08-30,0.4372943838048798,0.7159792513542502
Montreal,2025-08-31,0.43452529745690105,0.6964946127665574
Montreal,2025-09-01,0.435995605484948,0.6946397453835151
Montreal,2025-09-02,0.4448934995125083,0.7203771530883447
Montreal,2025-09-03,0.4340624308745267,0.7011806088680121
Montreal,2025-09-04,0.43956937934704615,0.687342012340213
Montreal,2025-09-05,0.4382572856337113,0.6672584860980957
Montreal,2025-09-06,0.43005125564631264,0.6688159711657734
Montreal,2025-09-07,0.4245003040931394,0.61986757086742
Montreal,2025-09-08,0.43277125709054093,0.6576703788565035
Montreal,2025-09-09,0.4351843421786764,0.6379665749216199
Montreal,2025-09-10,0.43018362430074225,0.6552419109763717
Montreal,2025-09-11,0.4403006953580154,0.7175468270375243
Montreal,2025-09-12,0.43893049033295256,0.7153042712198473
Montreal,2025-09-13,0.41731138323466604,0.6996620982348012
Montreal,2025-09-14,0.41955831316666586,0.6749051389413849
Montreal,2025-09-15,0.435428452692223,0.7168682298636758
Montreal,2025-09-16,0.44251167931392665,0.722925226806392
Montreal,2025-09-17,0.4401748637339792,0.7089711321819976
Montreal,2025-09-18,0.44080058117312937,0.7209938668009912
Montreal,2025-09-19,0.4383559093979184,0.7246411495976727
Montreal,2025-09-20,0.42390184207136417,0.6921883721928808
Montreal,2025-09-21,0.4176894451490613,0.6894089116224617
Montreal,2025-09-22,0.42282932014366903,0.729969054578808
Montreal,2025-09-23,0.44344925080715597,0.7333356063963995
Montreal,2025-09-24,0.4422534802363222,0.725169475533104
Montreal,2025-09-25,0.4429760689197257,0.7244661678467608
Montreal,2025-09-26,0.4289869619099317,0.8064258426621056
Ottawa,2023-02-28,0.6972586819797648,0.8647456931911403
Ottawa,2023-03-01,0.707533234859675,1.2638669586919982
Ottawa,2023-03-02,0.7060243963156585,1.3902165795369679
Ottawa,2023-03-03,0.7037349489991563,1.355037451747322
Ottawa,2023-03-04,0.6996267632691147,1.3317964762061585
Ottawa,2023-03-05,0.6926961752558808,1.182752738373137
Ottawa,2023-03-06,0.6949833329882606,1.2130064804654341
Ottawa,2023-03-07,0.7873049504513452,1.2995652077953608
Ottawa,2023-03-08,0.8012817447032379,1.3628820125304892
Ottawa,2023-03-09,0.6997535915198289,1.332628202147938
Ottawa,2023-03-10,0.6909883955736248,1.2567243746802725
Ottawa,2023-03-11,0.700236612363676,1.2130055209551525
Ottawa,2023-03-12,0.6906844837531244,1.1807344741395884
Ottawa,2023-03-13,0.6893888930007648,1.1950756173981694
Ottawa,2023-03-14,0.6901072981222829,1.2299509758579226
Ottawa,2023-03-15,0.6843437005798629,1.188402741170269
Ottawa,2023-03-16,0.6861073569671137,1.3227639740790795
Ottawa,2023-03-17,0.6853762899572112,1.3829420013663658
Ottawa,2023-03-18,0.6869823584029712,1.341987000928505
Ottawa,2023-03-19,0.6794453799577228,1.2504030668911899
Ottawa,2023-03-20,0.6861235331696984,1.3612521435055984
Ottawa,2023-03-21,0.6885147524587432,1.3883313885647608
Ottawa,2023-03-22,0.692620150330271,1.38406347278111
Ottawa,2023-03-23,0.6906395292128621,1.3875540527359624
Ottawa,2023-03-24,0.6962037895852656,1.4901285278918777
Ottawa,2023-03-25,0.6922054597701149,1.4839080459770115
Ottawa,2023-03-26,0.6813034990238774,1.2620513590629223
Ottawa,2023-03-27,0.6950309451646588,1.3539209943203525
Ottawa,2023-03-28,0.7074225444957152,1.333658536585366
Ottawa,2023-03-29,0.6988313022235794,1.2773228215306887
Ottawa,2023-03-30,0.7047667315745952,1.4066792925924938
Ottawa,2023-03-31,0.6996029995588884,1.2688134097926775
Ottawa,2023-04-01,0.6995334564924696,1.351066161505464
Ottawa,2023-04-02,0.7046643323390827,1.3438378074612025
Ottawa,2023-04-03,0.7065692271030265,1.2970450393200412
Ottawa,2023-04-04,0.7116831545213878,1.309495610979518
Ottawa,2023-04-05,0.6994984716740362,1.2539098436062557
Ottawa,2023-04-06,0.696134435139482,1.3576618046697355
Ottawa,2023-04-07,0.6928181684117387,1.4213832768028314
Ottawa,2023-04-08,0.6975395240921599,1.3170830410618897
Ottawa,2023-04-09,0.6892478493067796,1.2307753018862961
Ottawa,2023-04-10,0.6919233749231879,1.298137807582356
Ottawa,2023-04-11,0.6987583352494826,1.265141411818809
Ottawa,2023-04-12,0.6980098389982111,1.3369856887298748
Ottawa,2023-04-13,0.704027330661586,1.442940674068721
Ottawa,2023-04-14,0.7050966492730794,1.5427783794427488
Ottawa,2023-04-15,0.6987674343172234,1.510606552059682
Ottawa,2023-04-16,0.6904746056047394,1.4168608134194236
Ottawa,2023-04-17,0.7034558849699256,1.5279923123465138
Ottawa,2023-04-18,0.7032601715084432,1.5639001171092894
Ottawa,2023-04-19,0.7126315789473684,1.2586078098471987
Ottawa,2023-04-20,0.7314858305933928,1.374667292938782
Ottawa,2023-04-21,0.728421052631579,1.4464988558352403
Ottawa,2023-04-22,0.7286470827864029,1.4218078124292763
Ottawa,2023-04-23,0.7215809598684916,1.281671014544545
Ottawa,2023-04-24,0.7276210625293841,1.3894217207334274
Ottawa,2023-04-25,0.7253853413022964,1.5023817013436391
Ottawa,2023-04-26,0.7291577779674033,1.4603208464886082
Ottawa,2023-04-27,0.7293461419274868,1.4805288709844024
Ottawa,2023-04-28,0.731083799860042,1.4904653603918825
Ottawa,2023-04-29,0.7127024067920325,1.248612204913467
Ottawa,2023-04-30,0.7147387958841656,1.2715838033625864
Ottawa,2023-05-01,0.7173160503240564,1.3780404117422798
Ottawa,2023-05-02,0.7255230891234064,1.472366253888855
Ottawa,2023-05-03,0.7230495351662947,1.4198338466755207
Ottawa,2023-05-04,0.7283257554668894,1.513732949800501
Ottawa,2023-05-05,0.7299162148841793,1.5671295625199315
Ottawa,2023-05-06,0.7221362577931345,1.5241343048148426
Ottawa,2023-05-07,0.7177218891650826,1.4369937125310719
Ottawa,2023-05-08,0.726293876965042,1.487014571818247
Ottawa,2023-05-09,0.7293265427901361,1.4956078877617573
Ottawa,2023-05-10,0.7308996123873965,1.5218589198168633
Ottawa,2023-05-11,0.7331836236662427,1.5358913782808483
Ottawa,2023-05-12,0.7275863405558355,1.555499567166686
Ottawa,2023-05-13,0.7206723199734829,1.4808441289395906
Ottawa,2023-05-14,0.7139097578546539,1.4550038960848024
Ottawa,2023-05-15,0.7216581826363304,1.5405546024692747
Ottawa,2023-05-16,0.7232480888901782,1.5462945502545729
Ottawa,2023-05-17,0.7217034657187777,1.5486225989472964
Ottawa,2023-05-18,0.7271286967825804,1.5635494529303433
Ottawa,2023-05-19,0.7242172369270498,1.6171051215838175
Ottawa,2023-05-20,0.715365733922435,1.5726067746686303
Ottawa,2023-05-21,0.7073476399684578,1.4620930494536442
Ottawa,2023-05-22,0.7116734586565006,1.4200999079794925
Ottawa,2023-05-23,0.7189233299756461,1.4818621138128452
Ottawa,2023-05-24,0.7223482627647914,1.5206352443345483
Ottawa,2023-05-25,0.721562536104443,1.5590957521919409
Ottawa,2023-05-26,0.718407264184561,1.5467407514946745
Ottawa,2023-05-27,0.7116224955017114,1.5477900888834775
Ottawa,2023-05-28,0.702046611962918,1.3836817170241524
Ottawa,2023-05-29,0.7173317771692778,1.4685550118956772
Ottawa,2023-05-30,0.713678444574412,1.4416501433604838
Ottawa,2023-05-31,0.7105335495753045,1.4627257483713132
Ottawa,2023-06-01,0.7149603246042847,1.506460234590298
Ottawa,2023-06-02,0.7190867000331742,1.5862456909607534
Ottawa,2023-06-03,0.7111794654221468,1.5030456391296443
Ottawa,2023-06-04,0.7044769661098147,1.392001112673662
Ottawa,2023-06-05,0.7115833630139697,1.4912079359425912
Ottawa,2023-06-06,0.7159176467533817,1.591102630007529
Ottawa,2023-06-07,0.7165378922640305,1.5882432817783088
Ottawa,2023-06-08,0.7172258780837869,1.5709778752674195
Ottawa,2023-06-09,0.7187767351539266,1.5954181887315146
Ottawa,2023-06-10,0.7124335338366852,1.5501653803748623
Ottawa,2023-06-11,0.7056491871190785,1.410836425410166
Ottawa,2023-06-12,0.7082969833325681,1.4172061772043405
Ottawa,2023-06-13,0.7145187353272966,1.445364187932559
Ottawa,2023-06-14,0.7160712883724581,1.5233100416110543
Ottawa,2023-06-15,0.717462793863473,1.5012771685097661
Ottawa,2023-06-16,0.716753947738505,1.506904356910384
Ottawa,2023-06-17,0.7096697118763177,1.4383977512297963
Ottawa,2023-06-18,0.7058774256596398,1.3886220857182745
Ottawa,2023-06-19,0.7158352604338729,1.4180982270675035
Ottawa,2023-06-20,0.7217204435031768,1.4838513766039616
Ottawa,2023-06-21,0.719372197309417,1.5283856502242152
Ottawa,2023-06-22,0.7190622766196444,1.5747859195611897
Ottawa,2023-06-23,0.7200694544928375,1.5121400665605556
Ottawa,2023-06-24,0.7105996349212885,1.4593403878618192
Ottawa,2023-06-25,0.7115236933640512,1.4599087500564665
Ottawa,2023-06-26,0.7166138931824662,1.4863664330627129
Ottawa,2023-06-27,0.7144777704583036,1.4255945578962934
Ottawa,2023-06-28,0.7174128796880024,1.5415228057423225
Ottawa,2023-06-29,0.7180538366336634,1.5480997318481848
Ottawa,2023-06-30,0.7185402562687044,1.5589098410669147
Ottawa,2023-07-01,0.7128239499553173,1.5102770330652369
Ottawa,2023-07-02,0.7047069994574064,1.4080846446011936
Ottawa,2023-07-03,0.7147657221472604,1.4770219858718947
Ottawa,2023-07-04,0.7225016198204314,1.5828268180555984
Ottawa,2023-07-05,0.721710127349909,1.5691934505761067
Ottawa,2023-07-06,0.72083464201341,1.5604746753335428
Ottawa,2023-07-07,0.7181863519241958,1.567339927409747
Ottawa,2023-07-08,0.7127192674958285,1.551972180546013
Ottawa,2023-07-09,0.7073025896529749,1.445846127107352
Ottawa,2023-07-10,0.7158883881484323,1.4888703203977918
Ottawa,2023-07-11,0.7240555237550086,1.519190040068689
Ottawa,2023-07-12,0.7226358354500598,1.517722110303349
Ottawa,2023-07-13,0.7218012781542386,1.5413324238964428
Ottawa,2023-07-14,0.7236142413127697,1.5632448038652467
Ottawa,2023-07-15,0.7222827522451136,1.5752773375594296
Ottawa,2023-07-16,0.7165491399404007,1.48818340070221
Ottawa,2023-07-17,0.7216278554581113,1.4445067045439737
Ottawa,2023-07-18,0.7315867973722262,1.6161264246109004
Ottawa,2023-07-19,0.7271955325121627,1.366529804897054
Ottawa,2023-07-20,0.7219632722643016,1.4199197255130447
Ottawa,2023-07-21,0.7197239755371685,1.4615451701169724
Ottawa,2023-07-22,0.7126547374596656,1.3980404810794955
Ottawa,2023-07-23,0.7091149244122805,1.3347614713521434
Ottawa,2023-07-24,0.7145385969323611,1.4734624088508925
Ottawa,2023-07-25,0.7182019212691478,1.4265647242092447
Ottawa,2023-07-26,0.7190819000074387,1.3898040317714833
Ottawa,2023-07-27,0.7178911851539435,1.3995444959932517
Ottawa,2023-07-28,0.7200083310191614,1.4062363629150634
Ottawa,2023-07-29,0.715152989158396,1.3633293733571556
Ottawa,2023-07-30,0.7072222654124233,1.291205611270915
Ottawa,2023-07-31,0.7129570613887957,1.3524152968802414
Ottawa,2023-08-01,0.7230771797245785,1.4185204647632392
Ottawa,2023-08-02,0.7221658419176089,1.3479932104142904
Ottawa,2023-08-03,0.7248519135955733,1.3847320256801334
Ottawa,2023-08-04,0.7224997712508007,1.3933296733461433
Ottawa,2023-08-05,0.7196649205865989,1.3683354153326126
Ottawa,2023-08-06,0.7109821956375806,1.2645205246125022
Ottawa,2023-08-07,0.7176078520885643,1.3109061858023283
Ottawa,2023-08-08,0.7237529082015864,1.3999945041859783
Ottawa,2023-08-09,0.7253528931698421,1.425577576044574
Ottawa,2023-08-10,0.7253196363159329,1.410385783626144
Ottawa,2023-08-11,0.7295832004513897,1.4974486666830213
Ottawa,2023-08-12,0.7236977721398558,1.3755988719121994
Ottawa,2023-08-13,0.7210319712447976,1.3086691259931895
Ottawa,2023-08-14,0.7232300962790098,1.321320933941576
Ottawa,2023-08-15,0.7186955627928113,1.4121052119061273
Ottawa,2023-08-16,0.720581008651132,1.3989234654811835
Ottawa,2023-08-17,0.7304750264361344,1.477470920252139
Ottawa,2023-08-18,0.7252116515999426,1.478143466520565
Ottawa,2023-08-19,0.7244624973737657,1.4822606625113803
Ottawa,2023-08-20,0.7124134450954557,1.3351181632138152
Ottawa,2023-08-21,0.72274979614878,1.4603525058019193
Ottawa,2023-08-22,0.7251209527353927,1.4415209031137577
Ottawa,2023-08-23,0.7262263492104548,1.4535778487642745
Ottawa,2023-08-24,0.7232789674469301,1.403557044303545
Ottawa,2023-08-25,0.7225731079551677,1.4670877295462013
Ottawa,2023-08-26,0.7169559761581094,1.471635470040782
Ottawa,2023-08-27,0.7119349028855747,1.36015911476217
Ottawa,2023-08-28,0.717208526331965,1.4174697604987596
Ottawa,2023-08-29,0.7229056190854106,1.398903358464702
Ottawa,2023-08-30,0.7235127694396164,1.296037857931262
Ottawa,2023-08-31,0.7291848328709208,1.4342581582771832
Ottawa,2023-09-01,0.7238420329019106,1.317581662162803
Ottawa,2023-09-02,0.7254676833605811,1.356911979433164
Ottawa,2023-09-03,0.7183438832192223,1.3083580932696035
Ottawa,2023-09-04,0.7221706805617335,1.3393531168583592
Ottawa,2023-09-05,0.7247854400134814,1.3295978429649602
Ottawa,2023-09-06,0.7240050207160075,1.3879169582458595
Ottawa,2023-09-07,0.7227580381906795,1.37117779324986
Ottawa,2023-09-08,0.7217402716713696,1.295741190366822
Ottawa,2023-09-09,0.718720966243419,1.3210488283266233
Ottawa,2023-09-10,0.7165274858975778,1.2460319654905432
Ottawa,2023-09-11,0.7222976452413277,1.2924488553906652
Ottawa,2023-09-12,0.71935987509758,1.277069419145922
Ottawa,2023-09-13,0.7238387978142077,1.2576161202185792
Ottawa,2023-09-14,0.7202527911057282,1.3883790624369188
Ottawa,2023-09-15,0.7183931329602714,1.3667232167725927
Ottawa,2023-09-16,0.7204627806784787,1.3758167137436161
Ottawa,2023-09-17,0.714996732889377,1.3460495766658789
Ottawa,2023-09-18,0.7209353904159909,1.3255846190099942
Ottawa,2023-09-19,0.7221382457230847,1.3960896774831537
Ottawa,2023-09-20,0.7251954204500592,1.3186103434662455
Ottawa,2023-09-21,0.7241139142547593,1.3881752050766136
Ottawa,2023-09-22,0.7313687706600241,1.457567639548182
Ottawa,2023-09-23,0.7263772167948114,1.3952112355532438
Ottawa,2023-09-24,0.7202030489163298,1.3413481429617136
Ottawa,2023-09-25,0.7245856468918298,1.3960951307421479
Ottawa,2023-09-26,0.7206005960113089,1.3703675403071751
Ottawa,2023-09-27,0.7269348102952936,1.4285016141930515
Ottawa,2023-09-28,0.7229421427267749,1.3621229108544313
Ottawa,2023-09-29,0.7246291040660686,1.3295627261355536
Ottawa,2023-09-30,0.7239944328462073,1.3255949895615866
Ottawa,2023-10-01,0.7219039744876867,1.3110199019665743
Ottawa,2023-10-02,0.7191949131073618,1.2944596443228453
Ottawa,2023-10-03,0.7313804299629539,1.4256862100038619
Ottawa,2023-10-04,0.7254904486494146,1.3974340808676722
Ottawa,2023-10-05,0.7283528015491286,1.3947404584920982
Ottawa,2023-10-06,0.7311340850350763,1.3813513590275213
Ottawa,2023-10-07,0.7264085248344103,1.376637678342969
Ottawa,2023-10-08,0.7222906024986153,1.3322973721459783
Ottawa,2023-10-09,0.7251271240759468,1.3843348953808026
Ottawa,2023-10-10,0.7254701274598105,1.3685144245203198
Ottawa,2023-10-11,0.7256076041691175,1.4286756228972073
Ottawa,2023-10-12,0.72898473578961,1.5037189428707074
Ottawa,2023-10-13,0.7285450224452072,1.4731537716750287
Ottawa,2023-10-14,0.7122920727551033,1.2700333640266435
Ottawa,2023-10-15,0.7059233076263924,1.244260568409026
Ottawa,2023-10-16,0.7150324300388119,1.2829531739760878
Ottawa,2023-10-17,0.7219675143012234,1.2674683702868597
Ottawa,2023-10-18,0.7229259757969759,1.2466701544636654
Ottawa,2023-10-19,0.7184065934065934,1.225957865663748
Ottawa,2023-10-20,0.7179289402747556,1.2279399824624078
Ottawa,2023-10-21,0.7163149562464118,1.208381900106122
Ottawa,2023-10-22,0.7066687405855,1.1850481367476586
Ottawa,2023-10-23,0.7099707787905627,1.2083214193557386
Ottawa,2023-10-24,0.7110521055971755,1.2140538490155885
Ottawa,2023-10-25,0.7167383517700706,1.2912309219327647
Ottawa,2023-10-26,0.717909387305192,1.2719443282402705
Ottawa,2023-10-27,0.7157913776670864,1.2837355558183703
Ottawa,2023-10-28,0.7073602958687643,1.164506955437569
Ottawa,2023-10-29,0.7044998341798886,1.1705765303450804
Ottawa,2023-10-30,0.7147812806807026,1.2744409294207484
Ottawa,2023-10-31,0.7171176580195027,1.2659054677956978
Ottawa,2023-11-01,0.7198292714713932,1.2642816803510144
Ottawa,2023-11-02,0.7137859608745685,1.2815650172612199
Ottawa,2023-11-03,0.7082991224235187,1.253878717437434
Ottawa,2023-11-04,0.708196460212228,1.2668080192717355
Ottawa,2023-11-05,0.705903114797494,1.2336362834201007
Ottawa,2023-11-06,0.7052727272727273,1.1900363636363636
Ottawa,2023-11-07,0.7136155380669488,1.1653988644584257
Ottawa,2023-11-08,0.7161859466093894,1.2048174286590978
Ottawa,2023-11-09,0.7173139396946743,1.210665467486451
Ottawa,2023-11-10,0.713861634837148,1.2299032555165668
Ottawa,2023-11-11,0.7050186348088018,1.081115025271864
Ottawa,2023-11-12,0.6973520509535216,1.1647169145637197
Ottawa,2023-11-13,0.7095272828314404,1.1955472196172414
Ottawa,2023-11-14,0.7131142387526159,1.1791228432596532
Ottawa,2023-11-15,0.7142896809603584,1.1557620576992493
Ottawa,2023-11-16,0.7156578207477009,1.1531045366322625
Ottawa,2023-11-17,0.7146541950113379,1.1694822373393803
Ottawa,2023-11-18,0.7108727683269868,1.1476779119386133
Ottawa,2023-11-19,0.7051234001086896,1.119586604950996
Ottawa,2023-11-20,0.7090413202976595,1.1597915686377023
Ottawa,2023-11-21,0.7116925317944983,1.2280053037518441
Ottawa,2023-11-22,0.7144972534033914,1.2237401480773824
Ottawa,2023-11-23,0.7153307312533926,1.2306201049448136
Ottawa,2023-11-24,0.7185659958125027,1.2327564842114258
Ottawa,2023-11-25,0.7238983083027967,1.2101046156182953
Ottawa,2023-11-26,0.7061162364489174,1.1475372492985016
Ottawa,2023-11-27,0.7140081240479631,1.1910127719407881
Ottawa,2023-11-28,0.713136125752659,1.2032882519555064
Ottawa,2023-11-29,0.7149664889017008,1.2106965263764773
Ottawa,2023-11-30,0.7169705495637143,1.2146121240541012
Ottawa,2023-12-01,0.7214624430165596,1.2088239951329682
Ottawa,2023-12-02,0.7185803183440285,1.1670213712907742
Ottawa,2023-12-03,0.7105949771819468,1.1315002988643157
Ottawa,2023-12-04,0.7139806897126371,1.1571069981564612
Ottawa,2023-12-05,0.7113079271563875,1.1517835370314375
Ottawa,2023-12-06,0.7083287696953576,1.127302029384613
Ottawa,2023-12-07,0.7122824153207521,1.2080353716817247
Ottawa,2023-12-08,0.7204282800815771,1.2205217539089055
Ottawa,2023-12-09,0.7228815323755986,1.173528697341939
Ottawa,2023-12-10,0.7066818165803473,1.1272504668287355
Ottawa,2023-12-11,0.7108225255104205,1.1583809047186855
Ottawa,2023-12-12,0.708999174557832,1.1723226458667606
Ottawa,2023-12-13,0.7104767179084079,1.1743231534661867
Ottawa,2023-12-14,0.7081970325999707,1.158451220880553
Ottawa,2023-12-15,0.7100056576144835,1.1274793663471778
Ottawa,2023-12-16,0.7144088046403795,1.1180525329330147
Ottawa,2023-12-17,0.7077163053350709,1.0956936381945268
Ottawa,2023-12-18,0.7047930931824948,1.0796268730773046
Ottawa,2023-12-19,0.7087276550998949,1.049656576504016
Ottawa,2023-12-20,0.7099815648760445,1.1764544028762463
Ottawa,2023-12-21,0.7133364097831103,1.1935730167386835
Ottawa,2023-12-22,0.7120662242499655,1.1705118899488456
Ottawa,2023-12-23,0.7038023415251555,1.1013254579334106
Ottawa,2023-12-24,0.6989557777640004,1.0917657895436066
Ottawa,2023-12-25,0.7063759380724458,1.0997881159200074
Ottawa,2023-12-26,0.7105933897514494,1.086676217765043
Ottawa,2023-12-27,0.7061532021766429,1.119412555774249
Ottawa,2023-12-28,0.7047317797430767,1.115865663933897
Ottawa,2023-12-29,0.710576001669845,1.1768707482993197
Ottawa,2023-12-30,0.7087520463417706,1.1429962641145113
Ottawa,2023-12-31,0.7021848433726969,1.086459263669743
Ottawa,2024-01-01,0.7077404566693115,1.1706867671691792
Ottawa,2024-01-02,0.7083096818776377,1.1309509119178658
Ottawa,2024-01-03,0.7071190291433006,1.1829396094493732
Ottawa,2024-01-04,0.7114103422750185,1.237741901371215
Ottawa,2024-01-05,0.7102849906140816,1.2038046651158196
Ottawa,2024-01-06,0.7089278603663393,1.1538442394478365
Ottawa,2024-01-07,0.6992044637554312,1.0908146041074052
Ottawa,2024-01-08,0.7074828304099164,1.142254341254078
Ottawa,2024-01-09,0.7079832856828678,1.1580382669892237
Ottawa,2024-01-10,0.7111528479715886,1.153121158311706
Ottawa,2024-01-11,0.7112472593897916,1.1754400344241134
Ottawa,2024-01-12,0.7134879886069783,1.1783757448562755
Ottawa,2024-01-13,0.7142652275643445,1.1208468563665182
Ottawa,2024-01-14,0.7010298280300983,1.0868952960755587
Ottawa,2024-01-15,0.7063137460327242,1.1209364311465813
Ottawa,2024-01-16,0.7071658452833599,1.116221683129088
Ottawa,2024-01-17,0.7162143441848751,1.1346766576412064
Ottawa,2024-01-18,0.7121668956248178,1.1460455656455728
Ottawa,2024-01-19,0.7168678799279716,1.1066007437980732
Ottawa,2024-01-20,0.7049231627426037,1.1137762841924095
Ottawa,2024-01-21,0.7026823503162064,1.0964586282152295
Ottawa,2024-01-22,0.7049005286360926,1.1640606064576142
Ottawa,2024-01-23,0.7108540699591609,1.1868706085280167
Ottawa,2024-01-24,0.7133422730907008,1.0949377050005982
Ottawa,2024-01-25,0.7134157049673858,1.1192360762669342
Ottawa,2024-01-26,0.7134027522014263,1.1295007868215756
Ottawa,2024-01-27,0.7085314950242529,1.1001373319712888
Ottawa,2024-01-28,0.6950682504477824,1.030766047422907
Ottawa,2024-01-29,0.706158890688579,1.0942006083830442
Ottawa,2024-01-30,0.7155681635867742,1.180695127109374
Ottawa,2024-01-31,0.7118527943623373,1.1581677596163258
Ottawa,2024-02-01,0.7147242459388695,1.127122587455812
Ottawa,2024-02-02,0.7165030114984486,1.0597116262091621
Ottawa,2024-02-03,0.7106694967190326,1.068982526419635
Ottawa,2024-02-04,0.7024686397928664,1.0266431558114966
Ottawa,2024-02-05,0.7075717102778905,1.0808987035509
Ottawa,2024-02-06,0.6978235229579242,1.0515661857479839
Ottawa,2024-02-07,0.7037575567039344,0.9452380484546008
Ottawa,2024-02-08,0.715324636377268,1.0448676296629513
Ottawa,2024-02-09,0.7122237182113916,1.0641751478102341
Ottawa,2024-02-10,0.7096767094346267,1.0440957474122816
Ottawa,2024-02-11,0.7071549497959853,1.0230540580603384
Ottawa,2024-02-12,0.7127111819682932,1.0283067212194665
Ottawa,2024-02-13,0.7185556795218887,1.0664502890669496
Ottawa,2024-02-14,0.7222793262557677,1.0921859173950557
Ottawa,2024-02-15,0.7114012573001525,1.0970278614737938
Ottawa,2024-02-16,0.7125338528712761,1.0740410656054828
Ottawa,2024-02-17,0.713413777031376,1.0578395614314144
Ottawa,2024-02-18,0.7110784858344575,1.0127053408459645
Ottawa,2024-02-19,0.7114051838102742,1.0780909904255744
Ottawa,2024-02-20,0.7154157203061613,1.073652010660505
Ottawa,2024-02-21,0.7213196937876838,1.1072691552062868
Ottawa,2024-02-22,0.7153842380239888,1.1044298363953005
Ottawa,2024-02-23,0.7157247678320315,1.0493574481711987
Ottawa,2024-02-24,0.7152717094483888,1.0532700709994538
Ottawa,2024-02-25,0.7153125872789545,1.0296785194549383
Ottawa,2024-02-26,0.7180756472697447,1.0646797947318376
Ottawa,2024-02-27,0.7210165975103734,1.041417704011065
Ottawa,2024-02-28,0.7229414947671272,1.0749759142679918
Ottawa,2024-02-29,0.7156557319133356,1.0668739280965565
Ottawa,2024-03-01,0.7141611626492044,1.0567713527651807
Ottawa,2024-03-02,0.7144131043187181,1.0717019700378643
Ottawa,2024-03-03,0.7101027349326764,1.0461257453181423
Ottawa,2024-03-04,0.7135958215177295,1.0296965510555274
Ottawa,2024-03-05,0.7184900166389351,1.0480839226289518
Ottawa,2024-03-06,0.7246978115708924,1.0821392016376663
Ottawa,2024-03-07,0.7226545294376744,1.0958075839884678
Ottawa,2024-03-08,0.722420193523521,1.090439451210029
Ottawa,2024-03-09,0.7216333446289394,1.102968485259234
Ottawa,2024-03-10,0.7135986097617711,1.0706134289350173
Ottawa,2024-03-11,0.7148634984833164,1.0817857188567919
Ottawa,2024-03-12,0.7205637724029929,1.1388063337393424
Ottawa,2024-03-13,0.7248864524067942,1.1230323601999268
Ottawa,2024-03-14,0.7239851955929474,1.2247819605558508
Ottawa,2024-03-15,0.7208744909722741,1.1124878704187504
Ottawa,2024-03-16,0.7128197346332951,0.9126509166437466
Ottawa,2024-03-17,0.7078042582682016,0.9751280175566935
Ottawa,2024-03-18,0.7117966255955541,1.0438451938524336
Ottawa,2024-03-19,0.7193526300345354,1.099264899516203
Ottawa,2024-03-20,0.7178376265361468,1.037030401250906
Ottawa,2024-03-21,0.7225582882524758,1.0443751188233463
Ottawa,2024-03-22,0.7262455691217015,1.0544177497702507
Ottawa,2024-03-23,0.7187695216870115,1.0499755187492614
Ottawa,2024-03-24,0.7152154630030736,1.0640097365761083
Ottawa,2024-03-25,0.7148919187476583,1.00209320888107
Ottawa,2024-03-26,0.7247009126788357,1.0445162185495807
Ottawa,2024-03-27,0.7262816712123009,1.0699395233013163
Ottawa,2024-03-28,0.7315061687505175,1.0794650989484142
Ottawa,2024-03-29,0.724214467174756,1.0116593127423452
Ottawa,2024-03-30,0.721394593670778,1.0396692017736253
Ottawa,2024-03-31,0.7127530991219571,0.9860452107203148
Ottawa,2024-04-01,0.7134714833830699,1.002446664565995
Ottawa,2024-04-02,0.719569842782736,0.9757868083836371
Ottawa,2024-04-03,0.7283652268999453,1.0460360852925095
Ottawa,2024-04-04,0.7205315095723785,1.0841635705326929
Ottawa,2024-04-05,0.7234675894085282,1.1093857462173315
Ottawa,2024-04-06,0.7182073362196109,1.055644892716114
Ottawa,2024-04-07,0.7136874828563592,1.0238913778915608
Ottawa,2024-04-08,0.7230389964114952,1.1000506963289893
Ottawa,2024-04-09,0.7245138766992374,1.1063912780605778
Ottawa,2024-04-10,0.7248835924552127,1.083843027385368
Ottawa,2024-04-11,0.7231529100259687,1.0666403584703905
Ottawa,2024-04-12,0.7406434226040087,0.9677614957049014
Ottawa,2024-04-13,0.7101668925183653,0.8663076813351401
Ottawa,2024-04-14,0.7087327949165158,1.0364597798193675
Ottawa,2024-04-15,0.7158556513278531,1.1179537715019896
Ottawa,2024-04-16,0.7168197900297891,1.0360072882221945
Ottawa,2024-04-17,0.7198157568129774,1.11710105406681
Ottawa,2024-04-18,0.7191752614238648,1.1081506947428734
Ottawa,2024-04-19,0.7292318622392882,1.1299457008982188
Ottawa,2024-04-20,0.7117342382568316,1.106243461842676
Ottawa,2024-04-21,0.7042282798696083,1.0826380686918315
Ottawa,2024-04-22,0.7144808047042998,1.159208340552164
Ottawa,2024-04-23,0.7169620952239345,1.160253618955574
Ottawa,2024-04-24,0.7125818750611008,1.1533483233942712
Ottawa,2024-04-25,0.7124868549878522,1.1499075316386844
Ottawa,2024-04-26,0.71771902993227,1.1345004797142613
Ottawa,2024-04-27,0.7126084512010936,1.1696303564144683
Ottawa,2024-04-28,0.7019252095994322,1.1412300935989
Ottawa,2024-04-29,0.7086136380026168,1.1357825007469067
Ottawa,2024-04-30,0.7158235137769114,1.1137414724904757
Ottawa,2024-05-01,0.7200673051525616,1.1678030932978547
Ottawa,2024-05-02,0.7195376082110829,1.1341558239593592
Ottawa,2024-05-03,0.713569266634669,1.1575163334672007
Ottawa,2024-05-04,0.7098189969413835,1.1670821636569322
Ottawa,2024-05-05,0.7058177482113719,1.1129136856198485
Ottawa,2024-05-06,0.7158899544431249,1.0839877333238792
Ottawa,2024-05-07,0.7241818060059888,1.0990729845306086
Ottawa,2024-05-08,0.7303258976697902,1.1371278712994444
Ottawa,2024-05-09,0.7287118479613576,1.1419772617013648
Ottawa,2024-05-10,0.7325936630168075,1.1164786779039657
Ottawa,2024-05-11,0.7225701666238228,1.0807646467715173
Ottawa,2024-05-12,0.7115054985266644,1.0524045220807734
Ottawa,2024-05-13,0.7209774863861721,1.0839496807636386
Ottawa,2024-05-14,0.7148759024081783,1.0131527638720557
Ottawa,2024-05-15,0.7191639847316817,1.0550950527655116
Ottawa,2024-05-16,0.7167039832436531,1.1277039471308368
Ottawa,2024-05-17,0.7189709805044845,1.1403623408940369
Ottawa,2024-05-18,0.715076686208326,1.1440062375397249
Ottawa,2024-05-19,0.7049781938091693,1.094755877034358
Ottawa,2024-05-20,0.712586835074083,1.1033762448384745
Ottawa,2024-05-21,0.7211986797757715,1.1665735291549517
Ottawa,2024-05-22,0.7225274280065471,1.1634903657607727
Ottawa,2024-05-23,0.7243261340101839,1.2315669817343777
Ottawa,2024-05-24,0.7229862788713753,1.247171661603961
Ottawa,2024-05-25,0.718271031417526,1.241888427194766
Ottawa,2024-05-26,0.7097394352343652,1.1623567072625498
Ottawa,2024-05-27,0.7145230287224245,1.1535276852497396
Ottawa,2024-05-28,0.7144353184528703,1.2004015820949776
Ottawa,2024-05-29,0.718357214407038,1.262140150690301
Ottawa,2024-05-30,0.7143284899297129,1.220387997604564
Ottawa,2024-05-31,0.7107436101434387,1.1526382055104547
Ottawa,2024-06-01,0.712710040087325,1.1277469706305197
Ottawa,2024-06-02,0.7085442438907956,1.0943891618723096
Ottawa,2024-06-03,0.7083145109737907,1.1450415512465375
Ottawa,2024-06-04,0.7055934962306873,1.12360071657861
Ottawa,2024-06-05,0.7090058308505,1.1813138606079439
Ottawa,2024-06-06,0.7018773723626167,1.1327839140991007
Ottawa,2024-06-07,0.7053770609502807,1.115917502158175
Ottawa,2024-06-08,0.7037922491900975,1.0752906120610501
Ottawa,2024-06-09,0.6953536082670061,1.0369469825047966
Ottawa,2024-06-10,0.705314667460959,1.1210586783541125
Ottawa,2024-06-11,0.702025870190299,1.1354293812617247
Ottawa,2024-06-12,0.6989067442542632,1.1565599308688173
Ottawa,2024-06-13,0.7031852696441134,1.1648108164932114
Ottawa,2024-06-14,0.7142658600392413,1.1285971223021583
Ottawa,2024-06-15,0.7000710908309361,1.0642049399861124
Ottawa,2024-06-16,0.6902648751641278,1.068691814834194
Ottawa,2024-06-17,0.6963164195598122,1.1002854774841146
Ottawa,2024-06-18,0.7049753356636503,1.0779785044591814
Ottawa,2024-06-19,0.7082141458042294,1.1208727853294012
Ottawa,2024-06-20,0.708952214242198,1.128323937498391
Ottawa,2024-06-21,0.7058563197358231,1.1169306450377456
Ottawa,2024-06-22,0.7055571854299523,1.1263684511217824
Ottawa,2024-06-23,0.7009139065137668,1.131126666278596
Ottawa,2024-06-24,0.7078641461361723,1.1595274384464311
Ottawa,2024-06-25,0.7153687285915776,1.1994761233125126
Ottawa,2024-06-26,0.712897169609544,1.2116653596013847
Ottawa,2024-06-27,0.714890530800961,1.2541135941253796
Ottawa,2024-06-28,0.7122836752899198,1.2105530776092774
Ottawa,2024-06-29,0.7112519045856397,1.2025618290908777
Ottawa,2024-06-30,0.6989544665620303,1.1399802353488295
Ottawa,2024-07-01,0.7058342420937841,1.176084729519844
Ottawa,2024-07-02,0.7111988231227441,1.2508983335610988
Ottawa,2024-07-03,0.7079932884137289,1.1770049107025204
Ottawa,2024-07-04,0.7110157257224028,1.2466012521905614
Ottawa,2024-07-05,0.7137112670503823,1.2543562248679334
Ottawa,2024-07-06,0.7145103895278643,1.2063131473597255
Ottawa,2024-07-07,0.7019354743643584,1.1546463909702422
Ottawa,2024-07-08,0.7096463906192745,1.1740640649810676
Ottawa,2024-07-09,0.7041635332909122,1.160778330537398
Ottawa,2024-07-10,0.7102230555881089,1.1653254684427776
Ottawa,2024-07-11,0.710370341165957,1.1952044893024234
Ottawa,2024-07-12,0.7215089699338288,1.1768723633508045
Ottawa,2024-07-13,0.709821879281748,1.1619528376721713
Ottawa,2024-07-14,0.7002198916073341,1.09608200567304
Ottawa,2024-07-15,0.7042203002125039,1.1452944600100161
Ottawa,2024-07-16,0.7134047017341583,1.1871912266471822
Ottawa,2024-07-17,0.7138640339722395,1.0827264109500359
Ottawa,2024-07-18,0.7169311580493668,1.1180677661792309
Ottawa,2024-07-19,0.7193526742231297,1.1435343179342141
Ottawa,2024-07-20,0.7156495769840695,1.0785014529852608
Ottawa,2024-07-21,0.7134845196980348,1.0417112381185245
Ottawa,2024-07-22,0.7170029909514254,1.083723923825389
Ottawa,2024-07-23,0.7211527157300729,1.100767105572537
Ottawa,2024-07-24,0.7234523976717694,1.1217561599800259
Ottawa,2024-07-25,0.7174362462205641,1.1226658406340697
Ottawa,2024-07-26,0.7253535135851997,1.0435323176897702
Ottawa,2024-07-27,0.7181918212923745,1.0930693517025156
Ottawa,2024-07-28,0.7134676707037741,1.0411395721364731
Ottawa,2024-07-29,0.7140535772319978,1.1183357320828884
Ottawa,2024-07-30,0.7101841271677972,1.0784601588151062
Ottawa,2024-07-31,0.714469079178183,1.057956752778895
Ottawa,2024-08-01,0.7214937110155012,1.04974576445643
Ottawa,2024-08-02,0.7247213751787787,1.1842746759496632
Ottawa,2024-08-03,0.7248844180701095,1.1497801976909834
Ottawa,2024-08-04,0.7222569539222852,1.0262483600278245
Ottawa,2024-08-05,0.7224454271321441,1.0376097831151592
Ottawa,2024-08-06,0.7282696994313567,1.0857026807473598
Ottawa,2024-08-07,0.7238335928392029,1.1172705720343956
Ottawa,2024-08-08,0.7197172530900762,1.1085969276941912
Ottawa,2024-08-09,0.7239285120783164,1.148739292674452
Ottawa,2024-08-10,0.7247602830162907,1.211497309159784
Ottawa,2024-08-11,0.716589821509658,1.1179573160082434
Ottawa,2024-08-12,0.7176298014600532,1.1047690523299447
Ottawa,2024-08-13,0.722233795714296,1.0882570560388487
Ottawa,2024-08-14,0.7244635804006689,1.1384976692879765
Ottawa,2024-08-15,0.7230191005138581,1.1654931228770693
Ottawa,2024-08-16,0.7272441251601207,1.1508992980905366
Ottawa,2024-08-17,0.7250980299336474,1.1297545504035598
Ottawa,2024-08-18,0.721360972679902,1.0941756083307632
Ottawa,2024-08-19,0.724185240051175,1.0705339707763788
Ottawa,2024-08-20,0.7247300980229774,1.0494105069790554
Ottawa,2024-08-21,0.7244555406183983,1.0726329940464758
Ottawa,2024-08-22,0.7256361750167816,1.1069818216336798
Ottawa,2024-08-23,0.7271456661893572,1.129764245633988
Ottawa,2024-08-24,0.7215167524548084,1.1212329046189784
Ottawa,2024-08-25,0.716000925144894,1.0799842181165138
Ottawa,2024-08-26,0.7229064039408867,1.1166068751338616
Ottawa,2024-08-27,0.7262363434844566,1.1298490526204676
Ottawa,2024-08-28,0.7262258129310153,1.124489477090633
Ottawa,2024-08-29,0.7240867151751557,1.1118370714875103
Ottawa,2024-08-30,0.7244218190607109,1.1757201770419492
Ottawa,2024-08-31,0.7240384898331519,1.1596092163728924
Ottawa,2024-09-01,0.7093342141853015,1.1384115473547554
Ottawa,2024-09-02,0.7159583098436619,1.1113754176578161
Ottawa,2024-09-03,0.7179472265844626,1.1228859290279636
Ottawa,2024-09-04,0.7232512987353729,1.1735845096290076
Ottawa,2024-09-05,0.7274435113200122,1.1902014509218626
Ottawa,2024-09-06,0.7237346210007374,1.1381688328586506
Ottawa,2024-09-07,0.7212363463669463,1.1349058097198037
Ottawa,2024-09-08,0.7114083590827777,1.1171816555537486
Ottawa,2024-09-09,0.7162980218615849,1.1562176185987083
Ottawa,2024-09-10,0.7107431462580988,1.1372730949492065
Ottawa,2024-09-11,0.7179922722266814,1.2092471954156012
Ottawa,2024-09-12,0.7164214910134247,1.2172419418295573
Ottawa,2024-09-13,0.7193624003750586,1.1581340834505391
Ottawa,2024-09-14,0.7164653421112526,1.1404354679636857
Ottawa,2024-09-15,0.709156031512016,1.1085916371957563
Ottawa,2024-09-16,0.7132047489574779,1.1056156661377645
Ottawa,2024-09-17,0.7172363126346195,1.1643318695630396
Ottawa,2024-09-18,0.7190843688685415,1.164124700239808
Ottawa,2024-09-19,0.7180015153541026,1.2096091277800063
Ottawa,2024-09-20,0.7114156441432216,1.1591971251419741
Ottawa,2024-09-21,0.7113143811439633,1.1704273731354613
Ottawa,2024-09-22,0.7032461365794699,1.0918760252093584
Ottawa,2024-09-23,0.7050323553433436,1.0703919439233882
Ottawa,2024-09-24,0.7105203127268203,1.0879388648099375
Ottawa,2024-09-25,0.7148878340850452,1.1781163216670278
Ottawa,2024-09-26,0.7158804604829645,1.2460754292802048
Ottawa,2024-09-27,0.7191072300365693,1.1750168108252503
Ottawa,2024-09-28,0.7100465722258412,1.2045872184033213
Ottawa,2024-09-29,0.7050925312486198,1.129181573252065
Ottawa,2024-09-30,0.7153257371488214,1.186805253544403
Ottawa,2024-10-01,0.7164612488456347,1.197920366555374
Ottawa,2024-10-02,0.7107482993197279,1.1994996708360763
Ottawa,2024-10-03,0.7133377235195786,1.220941188389646
Ottawa,2024-10-04,0.7166638764491692,1.2354350646632906
Ottawa,2024-10-05,0.7126912211502585,1.1930280901870902
Ottawa,2024-10-06,0.7078894565914403,1.1101090126802227
Ottawa,2024-10-07,0.714062428695295,1.184764751517364
Ottawa,2024-10-08,0.71453434249403,1.208017970615615
Ottawa,2024-10-09,0.7163033818456335,1.2449377430791135
Ottawa,2024-10-10,0.7155038759689922,1.2081618105675844
Ottawa,2024-10-11,0.7162802624365572,1.2605443259589368
Ottawa,2024-10-12,0.711201142611764,1.239332356263361
Ottawa,2024-10-13,0.7051701014375036,1.1892933376149908
Ottawa,2024-10-14,0.7115322085335453,1.144071317605405
Ottawa,2024-10-15,0.7137582070395418,1.1827516414079084
Ottawa,2024-10-16,0.718060089898273,1.1989874615566596
Ottawa,2024-10-17,0.7188764981347726,1.22236883879673
Ottawa,2024-10-18,0.7163010554338598,1.1332550754105921
Ottawa,2024-10-19,0.7168766356277768,1.1860203274298582
Ottawa,2024-10-20,0.7147878428400392,1.1955382739644775
Ottawa,2024-10-21,0.7208548165084105,1.3046450318456477
Ottawa,2024-10-22,0.7246321784527765,1.4219675910231202
Ottawa,2024-10-23,0.7225559338521401,1.40380593385214
Ottawa,2024-10-24,0.7171462520018598,1.3229839334607636
Ottawa,2024-10-25,0.7174509679734836,1.2892731226381235
Ottawa,2024-10-26,0.7130331590871198,1.2260427802241989
Ottawa,2024-10-27,0.6978238216160982,1.1601732039699322
Ottawa,2024-10-28,0.7138413975490744,1.1969586918463888
Ottawa,2024-10-29,0.7148540381250575,1.1850814992172392
Ottawa,2024-10-30,0.7178838608188912,1.16855107567727
Ottawa,2024-10-31,0.7175327123948867,1.1987160149326899
Ottawa,2024-11-01,0.720629522717387,1.2172584918343945
Ottawa,2024-11-02,0.7131415396952686,1.1696471531676023
Ottawa,2024-11-03,0.7078227906264359,1.1584373564098638
Ottawa,2024-11-04,0.7117669459253617,1.2067498095963443
Ottawa,2024-11-05,0.7170877538371796,1.237595245907616
Ottawa,2024-11-06,0.7120402740875402,1.113709038362933
Ottawa,2024-11-07,0.7164277197232158,1.2161601367020627
Ottawa,2024-11-08,0.719847758669298,1.2429940795038061
Ottawa,2024-11-09,0.7143059356421628,1.2087855053316976
Ottawa,2024-11-10,0.7079706946773766,1.1121458204607644
Ottawa,2024-11-11,0.7153395238778144,1.1572762799368994
Ottawa,2024-11-12,0.71338264059706,1.1353878959342496
Ottawa,2024-11-13,0.7124220440371644,1.2268677612320225
Ottawa,2024-11-14,0.7152921317348767,1.1898770152955767
Ottawa,2024-11-15,0.7138444988114448,1.2091683584057744
Ottawa,2024-11-16,0.7103934630998231,1.1832344471045417
Ottawa,2024-11-17,0.702008061494027,1.1189481669698105
Ottawa,2024-11-18,0.7121108957907785,1.1370135651809563
Ottawa,2024-11-19,0.7157822624382725,1.1601252152732187
Ottawa,2024-11-20,0.7103190232374951,1.1716853449819185
Ottawa,2024-11-21,0.7123245936307102,1.2032832129608058
Ottawa,2024-11-22,0.7186963494009999,1.2600792378077539
Ottawa,2024-11-23,0.7121392008408104,1.211204967009868
Ottawa,2024-11-24,0.6989993165566697,1.1559168851305173
Ottawa,2024-11-25,0.7104370062646754,1.205545996406605
Ottawa,2024-11-26,0.7108545034642032,1.237234935964728
Ottawa,2024-11-27,0.715065302767376,1.2662571924376655
Ottawa,2024-11-28,0.7111864777637985,1.2471090202942947
Ottawa,2024-11-29,0.7108773851223128,1.1726729420206388
Ottawa,2024-11-30,0.7042619060860538,1.110663107354059
Ottawa,2024-12-01,0.7042718333849489,1.1168899039950448
Ottawa,2024-12-02,0.709369427042846,1.148804243449632
Ottawa,2024-12-03,0.7126807517606367,1.1623619619119057
Ottawa,2024-12-04,0.7096474734680712,1.2078891677352865
Ottawa,2024-12-05,0.7113678103705738,1.2683012649971679
Ottawa,2024-12-06,0.714729104274435,1.1454708101590758
Ottawa,2024-12-07,0.7079641063373748,1.1449502543267538
Ottawa,2024-12-08,0.7050520638483602,1.1377042025190174
Ottawa,2024-12-09,0.7059522128744529,1.161790231627204
Ottawa,2024-12-10,0.7074367005415474,1.159842868624049
Ottawa,2024-12-11,0.7077055625140276,1.1026346464332
Ottawa,2024-12-12,0.7112609691782302,1.308771019755328
Ottawa,2024-12-13,0.7130899962964488,1.2368379902061644
Ottawa,2024-12-14,0.7169687857849514,1.1927460251926059
Ottawa,2024-12-15,0.7034116755117513,1.139443757232353
Ottawa,2024-12-16,0.7133191338837501,1.2040054489760592
Ottawa,2024-12-17,0.7121511738881466,1.206436342813514
Ottawa,2024-12-18,0.7107108549471662,1.265065642010887
Ottawa,2024-12-19,0.7138053758577974,1.4158031342784672
Ottawa,2024-12-20,0.708794988961339,1.2885865379678596
Ottawa,2024-12-21,0.7100580199084287,1.2208649229799617
Ottawa,2024-12-22,0.7042497528196064,1.1556492750833414
Ottawa,2024-12-23,0.7157468142157163,1.2253849580323688
Ottawa,2024-12-24,0.7202724066642344,1.2389638817949653
Ottawa,2024-12-25,0.7189950835927911,1.1466739707789282
Ottawa,2024-12-26,0.71923993045716,1.189680393973975
Ottawa,2024-12-27,0.7250093298501893,1.2139315607887342
Ottawa,2024-12-28,0.7182218514626731,1.1448796412901363
Ottawa,2024-12-29,0.709954526956491,1.1148327052037441
Ottawa,2024-12-30,0.7159555863525374,1.1440143865901142
Ottawa,2024-12-31,0.7155795537487148,1.1342991908458055
Ottawa,2025-01-01,0.7211265525784698,1.2172461318850805
Ottawa,2025-01-02,0.7184385007442154,1.206072497105829
Ottawa,2025-01-03,0.718588515591043,1.203230895539207
Ottawa,2025-01-04,0.7175286666812091,1.1327138276290818
Ottawa,2025-01-05,0.7060399217798767,1.128642585691621
Ottawa,2025-01-06,0.7126473147196077,1.171111574496847
Ottawa,2025-01-07,0.7176086018901761,1.2407893641653487
Ottawa,2025-01-08,0.7211117395168458,1.139403732730064
Ottawa,2025-01-09,0.7200522214515932,1.1485292317734894
Ottawa,2025-01-10,0.7188756213730021,1.1022506891760353
Ottawa,2025-01-11,0.7237997555252694,1.0862686692987509
Ottawa,2025-01-12,0.7193610828529445,1.0591019554651295
Ottawa,2025-01-13,0.7250431432642802,1.1262432778855862
Ottawa,2025-01-14,0.7232483945613627,1.134535073186094
Ottawa,2025-01-15,0.7173425718361525,1.1000247459896941
Ottawa,2025-01-16,0.7210149606780906,1.1150225327795866
Ottawa,2025-01-17,0.722067709509826,1.077690874181161
Ottawa,2025-01-18,0.730474843109515,1.0802336126528096
Ottawa,2025-01-19,0.7215292062875994,1.0806908596933824
Ottawa,2025-01-20,0.7194883305994417,1.0837290281734726
Ottawa,2025-01-21,0.7165507039163086,1.0835002583503797
Ottawa,2025-01-22,0.7134012299301555,1.0500806967749117
Ottawa,2025-01-23,0.72184887590293,1.1348672997321645
Ottawa,2025-01-24,0.7265128287881233,1.141512021946103
Ottawa,2025-01-25,0.7208249340983098,1.0913940145759033
Ottawa,2025-01-26,0.7146423600197567,1.0984419199856315
Ottawa,2025-01-27,0.716060985797828,1.0705690508322088
Ottawa,2025-01-28,0.7218176822147421,1.1187487119598818
Ottawa,2025-01-29,0.7279722896537166,1.1988658715613936
Ottawa,2025-01-30,0.7270898749594932,1.2717032997731617
Ottawa,2025-01-31,0.7296550346297282,1.32878263185935
Ottawa,2025-02-01,0.7268663079422507,1.2974224844162279
Ottawa,2025-02-02,0.7206345503324391,1.2425903735830248
Ottawa,2025-02-03,0.7220922181614212,1.2641039798771243
Ottawa,2025-02-04,0.7256517399468796,1.2663379066502005
Ottawa,2025-02-05,0.721135093269132,1.220029301158049
Ottawa,2025-02-06,0.7230598553408575,1.2774293301652748
Ottawa,2025-02-07,0.7316221377328952,1.2566535345020386
Ottawa,2025-02-08,0.7242695267636712,1.252697166731477
Ottawa,2025-02-09,0.7164764093250806,1.208683888662392
Ottawa,2025-02-10,0.721454471689023,1.2403833963029642
Ottawa,2025-02-11,0.7238897216791815,1.1309261472357885
Ottawa,2025-02-12,0.7203675918979745,1.1345892028562696
Ottawa,2025-02-13,0.7188203454991527,1.0958342818119735
Ottawa,2025-02-14,0.7161768567084527,1.0833847262335823
Ottawa,2025-02-15,0.7229162816484939,1.0649109837984352
Ottawa,2025-02-16,0.7150802715683284,1.068906561482417
Ottawa,2025-02-17,0.7201180046733159,1.0927081107534515
Ottawa,2025-02-18,0.718771017426568,1.0681747051733668
Ottawa,2025-02-19,0.723037268343157,1.1427819145987694
Ottawa,2025-02-20,0.7215830948221388,1.1507452700442329
Ottawa,2025-02-21,0.7185299819734022,1.1869069079283017
Ottawa,2025-02-22,0.7193231389840049,1.3425348280876215
Ottawa,2025-02-23,0.7133939107859334,1.2891904649516166
Ottawa,2025-02-24,0.7179021357123547,1.282162746688294
Ottawa,2025-02-25,0.7246313963573288,1.3722440315880768
Ottawa,2025-02-26,0.7201382033563672,1.293188548864758
Ottawa,2025-02-27,0.7219779202444049,1.3343902608373643
Ottawa,2025-02-28,0.7198051362242136,1.3464846334275575
Ottawa,2025-03-01,0.7167634844953444,1.3313062716657005
Ottawa,2025-03-02,0.7061968601364467,1.260656351810019
Ottawa,2025-03-03,0.7143616138137141,1.310255133100891
Ottawa,2025-03-04,0.716786138870252,1.331850230116412
Ottawa,2025-03-05,0.7132931857247605,1.480509177454834
Ottawa,2025-03-06,0.7114497397786413,1.3567873457421422
Ottawa,2025-03-07,0.7200588598076236,1.354100169871136
Ottawa,2025-03-08,0.7114059401601718,1.3838973673543171
Ottawa,2025-03-09,0.7008203894115074,1.2938853642528987
Ottawa,2025-03-10,0.7108445777111444,1.3287956021989005
Ottawa,2025-03-11,0.7158670174599379,1.4323845969863669
Ottawa,2025-03-12,0.7229426932189037,1.4533448777842266
Ottawa,2025-03-13,0.720262752442546,1.4452306925851777
Ottawa,2025-03-14,0.7116083033871091,1.3223583607309428
Ottawa,2025-03-15,0.7109355989942412,1.3643645064482115
Ottawa,2025-03-16,0.706442941296352,1.297671845734305
Ottawa,2025-03-17,0.7123826120631233,1.392312905411947
Ottawa,2025-03-18,0.7188148353059732,1.3375980556817957
Ottawa,2025-03-19,0.7214306900819262,1.3675732067791062
Ottawa,2025-03-20,0.7213846351312658,1.3951008560172982
Ottawa,2025-03-21,0.7199766540044318,1.4483123615068059
Ottawa,2025-03-22,0.7140283904246282,1.411927253374817
Ottawa,2025-03-23,0.7132569558101473,1.379203491543917
Ottawa,2025-03-24,0.7159354967948718,1.335917467948718
Ottawa,2025-03-25,0.7199545411497301,1.3296924161589376
Ottawa,2025-03-26,0.728678235185527,1.4004215125223063
Ottawa,2025-03-27,0.7258827812158719,1.4763041162749937
Ottawa,2025-03-28,0.7212979410072302,1.4121488078857172
Ottawa,2025-03-29,0.7168022369089985,1.392819013726487
Ottawa,2025-03-30,0.7136766396025656,1.3341613218156427
Ottawa,2025-03-31,0.7230362179567181,1.39007313481267
Ottawa,2025-04-01,0.7246220161741916,1.4013465470314759
Ottawa,2025-04-02,0.7168290118014468,1.3429855217174238
Ottawa,2025-04-03,0.7191552382213767,1.5121308080382407
Ottawa,2025-04-04,0.7179758117311955,1.5159360033077975
Ottawa,2025-04-05,0.7113789419348643,1.4862249858948657
Ottawa,2025-04-06,0.7067519910315996,1.3972837891491696
Ottawa,2025-04-07,0.7191609038667576,1.5217687737411123
Ottawa,2025-04-08,0.7183065829262619,1.5157013258897418
Ottawa,2025-04-09,0.7226201521618111,1.5359435887919837
Ottawa,2025-04-10,0.7206109059620693,1.5243968020650343
Ottawa,2025-04-11,0.7214331429696731,1.5364316660102402
Ottawa,2025-04-12,0.7141684037647653,1.5182237382351083
Ottawa,2025-04-13,0.7150098037907991,1.5289645329527417
Ottawa,2025-04-14,0.7166762135744842,1.4599212684793603
Ottawa,2025-04-15,0.7204691426975706,1.5323021259546155
Ottawa,2025-04-16,0.7212403403134979,1.5633943589868604
Ottawa,2025-04-17,0.7204871227129706,1.520370586178767
Ottawa,2025-04-18,0.7199862073885592,1.5427868209219648
Ottawa,2025-04-19,0.7163489101133189,1.542930679059782
Ottawa,2025-04-20,0.7076638127713858,1.4548978240070651
Ottawa,2025-04-21,0.716946018634137,1.4467750456248198
Ottawa,2025-04-22,0.7199557694809419,1.378769350852088
Ottawa,2025-04-23,0.713927899118627,1.2563543135293516
Ottawa,2025-04-24,0.711192658014402,1.2198172796505922
Ottawa,2025-04-25,0.7061779258032844,1.186537807468443
Ottawa,2025-04-26,0.7000836679046306,1.1550805679786678
Ottawa,2025-04-27,0.6925463788208887,1.1313311366787302
Ottawa,2025-04-28,0.698580389567514,1.198401843404909
Ottawa,2025-04-29,0.7019827408439615,1.2934306478119864
Ottawa,2025-04-30,0.7061923583662714,1.2479120609186931
Ottawa,2025-05-01,0.7071914127985164,1.221772584081991
Ottawa,2025-05-02,0.7091705717643304,1.3088775080882673
Ottawa,2025-05-03,0.7116803426185849,1.4003814870798243
Ottawa,2025-05-04,0.7019459863227169,1.4481048849279432
Ottawa,2025-05-05,0.7056403021485466,1.3282191458719101
Ottawa,2025-05-06,0.7030935263580237,1.276010022435845
Ottawa,2025-05-07,0.703146746604956,1.312451102308383
Ottawa,2025-05-08,0.7068638001216488,1.3302297290974594
Ottawa,2025-05-09,0.7010613488172862,1.3574698967207652
Ottawa,2025-05-10,0.6954705949352671,1.322497057595201
Ottawa,2025-05-11,0.6928924132227384,1.3822091411057869
Ottawa,2025-05-12,0.701317445472075,1.456002401653446
Ottawa,2025-05-13,0.7088901098901099,1.4703736263736265
Ottawa,2025-05-14,0.716812542255194,1.3513804886070861
Ottawa,2025-05-15,0.7036528056738134,1.4500225837761995
Ottawa,2025-05-16,0.708090500578874,1.490659523949687
Ottawa,2025-05-17,0.6990496091944784,1.4307199260583898
Ottawa,2025-05-18,0.6964817725155953,1.3928767704426468
Ottawa,2025-05-19,0.7030189386836677,1.3854022126382899
Ottawa,2025-05-20,0.6951024342764087,1.3544160450729534
Ottawa,2025-05-21,0.698987628537548,1.3401621210244066
Ottawa,2025-05-22,0.6974590487086525,1.4187274371719452
Ottawa,2025-05-23,0.6961701637242402,1.3573193306970346
Ottawa,2025-05-24,0.6849111273814902,1.411711557334912
Ottawa,2025-05-25,0.6860783947155231,1.3181435782389233
Ottawa,2025-05-26,0.7033849548804035,1.374551759467234
Ottawa,2025-05-27,0.706739779273964,1.381263076480679
Ottawa,2025-05-28,0.7034378395157536,1.3191525686791867
Ottawa,2025-05-29,0.6968220633425469,1.4230763291588815
Ottawa,2025-05-30,0.6925704206931085,1.383317264934269
Ottawa,2025-05-31,0.6824649176327029,1.3942566605653854
Ottawa,2025-06-01,0.6697845804988662,1.3442338840298025
Ottawa,2025-06-02,0.6839581973619538,1.3551773872545465
Ottawa,2025-06-03,0.6825959465286762,1.3588443294523502
Ottawa,2025-06-04,0.7012587366801434,1.3312327107851964
Ottawa,2025-06-05,0.7140008753586539,1.3686394657070142
Ottawa,2025-06-06,0.7128267674919706,1.3154287108183924
Ottawa,2025-06-07,0.7272119070294606,1.2324106067642129
Ottawa,2025-06-08,0.7180245464327908,1.2372997418937324
Ottawa,2025-06-09,0.6963200905414177,1.262703260489656
Ottawa,2025-06-10,0.7204054838020213,1.2015052975481664
Ottawa,2025-06-11,0.6933533402712231,1.2832111135313051
Ottawa,2025-06-12,0.6889858626040586,1.3416380175067086
Ottawa,2025-06-13,0.6979897226453309,1.3377383124382773
Ottawa,2025-06-14,0.6978210244870117,1.2698589428950031
Ottawa,2025-06-15,0.6836322446667925,1.2352123843685106
Ottawa,2025-06-16,0.6812278822116165,1.275120937631895
Ottawa,2025-06-17,0.6823232970962558,1.3012229070635897
Ottawa,2025-06-18,0.6831024278205562,1.3868243989340558
Ottawa,2025-06-19,0.6930901319482486,1.3806750934999763
Ottawa,2025-06-20,0.6985365853658536,1.3768948696383516
Ottawa,2025-06-21,0.6994039078600683,1.3571400620874965
Ottawa,2025-06-22,0.6969056352117372,1.2905035011670556
Ottawa,2025-06-23,0.6950136175649776,1.286910325812851
Ottawa,2025-06-24,0.6952971891635303,1.262618248397925
Ottawa,2025-06-25,0.6828920153046053,1.2162998010929973
Ottawa,2025-06-26,0.6856433827208261,1.2935098030059438
Ottawa,2025-06-27,0.6867844483904623,1.2815153629837424
Ottawa,2025-06-28,0.6824076473074877,1.3087014031881963
Ottawa,2025-06-29,0.6734674427312025,1.2388508798801865
Ottawa,2025-06-30,0.6821905450493178,1.2722062657123716
Ottawa,2025-07-01,0.6849512534818941,1.2802228412256267
Ottawa,2025-07-02,0.691096138617848,1.2884024319862564
Ottawa,2025-07-03,0.692212517221546,1.3183812415564264
Ottawa,2025-07-04,0.695146533286869,1.3239516498233674
Ottawa,2025-07-05,0.691987238830416,1.2867132867132867
Ottawa,2025-07-06,0.6862962111194159,1.2287630081067096
Ottawa,2025-07-07,0.698565952009087,1.2821176409846011
Ottawa,2025-07-08,0.6977022773324497,1.3093769514075622
Ottawa,2025-07-09,0.6960510469801197,1.3021961046412651
Ottawa,2025-07-10,0.699031747626463,1.3441879740794695
Ottawa,2025-07-11,0.7015648871759728,1.2721671392554683
Ottawa,2025-07-12,0.6942014061743466,1.2334781333751594
Ottawa,2025-07-13,0.6883647223745962,1.2296987058369395
Ottawa,2025-07-14,0.6959255580929006,1.2287279467115375
Ottawa,2025-07-15,0.6982096507590895,1.273936046627412
Ottawa,2025-07-16,0.7159415099970158,1.29179349447926
Ottawa,2025-07-17,0.708539650579058,1.314067925458692
Ottawa,2025-07-18,0.7019765328486662,1.3213569786710857
Ottawa,2025-07-19,0.6924391577796007,1.3802570412906754
Ottawa,2025-07-20,0.6907818047386546,1.2890752496219866
Ottawa,2025-07-21,0.6943326948695346,1.3250465592545217
Ottawa,2025-07-22,0.7013373828486515,1.3164813535461501
Ottawa,2025-07-23,0.7001547370483739,1.2828985154703263
Ottawa,2025-07-24,0.7009384691808869,1.2685512130284764
Ottawa,2025-07-25,0.6996259410874185,1.3081946735640144
Ottawa,2025-07-26,0.6985042764856079,1.3203178412468084
Ottawa,2025-07-27,0.7008197006734499,1.2779042962901057
Ottawa,2025-07-28,0.6998443986751289,1.276950988810909
Ottawa,2025-07-29,0.6999628857007564,1.2775893622739547
Ottawa,2025-07-30,0.7030911222758626,1.2812403791357434
Ottawa,2025-07-31,0.7027708270879091,1.328944711935541
Ottawa,2025-08-01,0.6977427883666785,1.2505162911224235
Ottawa,2025-08-02,0.6990746256801302,1.3008194659570806
Ottawa,2025-08-03,0.6893071116677385,1.2355888027620756
Ottawa,2025-08-04,0.6902521477530007,1.2625748224420805
Ottawa,2025-08-05,0.6971124018411614,1.2431089393232135
Ottawa,2025-08-06,0.6991582278058517,1.2617971602704885
Ottawa,2025-08-07,0.705300517040539,1.2794403155377834
Ottawa,2025-08-08,0.7101925594588697,1.3237780929522147
Ottawa,2025-08-09,0.709367378199102,1.3321412371066246
Ottawa,2025-08-10,0.7101283738484842,1.3263538847366723
Ottawa,2025-08-11,0.704338730818626,1.3456486912311827
Ottawa,2025-08-12,0.7080583111385598,1.3221458807786828
Ottawa,2025-08-13,0.7079712437730407,1.366421144803938
Ottawa,2025-08-14,0.7073814456395267,1.3471776825495927
Ottawa,2025-08-15,0.7041986629004556,1.4007892010049539
Ottawa,2025-08-16,0.7098741558325647,1.455359533513819
Ottawa,2025-08-17,0.7018185180180501,1.3984026627029564
Ottawa,2025-08-18,0.7008516702236555,1.3900288350248544
Ottawa,2025-08-19,0.7110518396936124,1.462645328956367
Ottawa,2025-08-20,0.7092721427717242,1.4586830054095121
Ottawa,2025-08-21,0.7102801072508415,1.4228778024987163
Ottawa,2025-08-22,0.710622828724116,1.4806751408558554
Ottawa,2025-08-23,0.7106571034246036,1.40137727848056
Ottawa,2025-08-24,0.6997216057206427,1.26231050647834
Ottawa,2025-08-25,0.6992458705734376,1.2554398718921944
Ottawa,2025-08-26,0.7020955697521857,1.2541843954238348
Ottawa,2025-08-27,0.6984096137812577,1.2643225656810075
Ottawa,2025-08-28,0.6991362820226961,1.2518453757055847
Ottawa,2025-08-29,0.7054198669913826,1.24951409704009
Ottawa,2025-08-30,0.703841091300706,1.2464621527493498
Ottawa,2025-08-31,0.6966002302272741,1.2042935578551497
Ottawa,2025-09-01,0.6960702043054984,1.1811051693404635
Ottawa,2025-09-02,0.69835975205031,1.220347849565188
Ottawa,2025-09-03,0.697251837787839,1.2076213426804927
Ottawa,2025-09-04,0.6987714509765779,1.1798812179717086
Ottawa,2025-09-05,0.6996160108131355,1.152360765520843
Ottawa,2025-09-06,0.7013307661073781,1.18739439663641
Ottawa,2025-09-07,0.6957913791881671,1.08919080841853
Ottawa,2025-09-08,0.6959138975854239,1.128098840412238
Ottawa,2025-09-09,0.692550098025026,1.0843607320956303
Ottawa,2025-09-10,0.6935990387635004,1.1347437840494818
Ottawa,2025-09-11,0.6976085923256458,1.2326638905244638
Ottawa,2025-09-12,0.7004139537786284,1.234733287569599
Ottawa,2025-09-13,0.6984192357517803,1.2701601731277565
Ottawa,2025-09-14,0.6968617201960472,1.2043036096803488
Ottawa,2025-09-15,0.6976015435750098,1.2344374964790716
Ottawa,2025-09-16,0.6983961797636709,1.2479684697650733
Ottawa,2025-09-17,0.7020910433895311,1.2255067696197133
Ottawa,2025-09-18,0.6988141318372258,1.2403992519462446
Ottawa,2025-09-19,0.7016538187765982,1.249488860955035
Ottawa,2025-09-20,0.6972905229813473,1.2328889298949732
Ottawa,2025-09-21,0.6959187081077213,1.2356065485135446
Ottawa,2025-09-22,0.6959479659031228,1.2649537429806488
Ottawa,2025-09-23,0.7058057719080408,1.2608721827143772
Ottawa,2025-09-24,0.7046338816064123,1.2405360273858228
Ottawa,2025-09-25,0.7005411760916134,1.2239599271989305
Ottawa,2025-09-26,0.7797040442364322,1.3720309802726929
Ottawa,2025-09-27,0.9139278462482883,1.629751617320678
Ottawa,2025-09-28,0.9148451626193037,1.6759859009864733
Ottawa,2025-09-29,0.9189026496274733,1.64507820595056
Ottawa,2025-09-30,0.9180621937565462,1.700889686141844
Ottawa,2025-10-01,0.9192228042392496,1.6587038616153003
Ottawa,2025-10-02,0.9167166797470108,1.6043811458381423
Ottawa,2025-10-03,0.9143797886724423,1.5793980670038559
Ottawa,2025-10-04,0.9144404332129964,1.6915579005831713
Ottawa,2025-10-05,0.9124944060600106,1.649748409138042
Ottawa,2025-10-06,0.9167083241686829,1.6304812941152946
Ottawa,2025-10-07,0.9162268721650249,1.7425008342706003
Ottawa,2025-10-08,0.9204726994200678,1.7609913557281978
Ottawa,2025-10-09,0.9156749949304673,1.6756246197850517
Ottawa,2025-10-10,0.9147462216064369,1.6683403032883781
Ottawa,2025-10-11,0.9156851100333234,1.8521726219934673
Ottawa,2025-10-12,0.9150018294914014,1.4879497499695085
Ottawa,2025-10-13,0.911678701438205,1.3308468102882378
Ottawa,2025-10-14,0.9162242773265302,1.5741244442777016
Ottawa,2025-10-15,0.9167536793953859,1.452578062848051
Ottawa,2025-10-16,0.9159522351500307,1.5336420698101654
Ottawa,2025-10-17,0.9150236381218437,1.5559659396153434
Ottawa,2025-10-18,0.9171934940306178,1.6908469471897893
Ottawa,2025-10-19,0.9099819504457692,1.6520374118033145
Ottawa,2025-10-20,0.9134276598696074,1.7395616590373144
Ottawa,2025-10-21,0.914982472843727,1.6660968537672567
Ottawa,2025-10-22,0.9141699213525226,1.6259563426247927
Ottawa,2025-10-23,0.9190015484998081,1.7227788292282649
Ottawa,2025-10-24,0.9141857327937386,1.664035474349214
Ottawa,2025-10-25,0.9136723392419147,1.6266214883556276
Ottawa,2025-10-26,0.909511734169039,1.6474247027583073
Ottawa,2025-10-27,0.914569871326628,1.7081530595044108
Ottawa,2025-10-28,0.9141481069835706,1.754997933854857
Ottawa,2025-10-29,0.9158855124714885,1.6371863733352954
Ottawa,2025-10-30,0.9161805975898311,1.6817944202938424
Ottawa,2025-10-31,0.9153118583594197,1.809586320643576
Ottawa,2025-11-01,0.9122169901478688,1.569147364945874
Ottawa,2025-11-02,0.9103969351920825,1.7121155687985528
Ottawa,2025-11-03,0.9128031496062992,1.731748031496063
Ottawa,2025-11-04,0.916430951034006,1.7239298510277201
Ottawa,2025-11-05,0.9132391788787061,1.7852009267867948
Ottawa,2025-11-06,0.9184985815086928,1.802255037462719
Ottawa,2025-11-07,0.9167082112328401,1.7845964908014251
Ottawa,2025-11-08,0.9115606717294886,1.7509192686286155
Ottawa,2025-11-09,0.9159417933501341,1.6937182807437259
Ottawa,2025-11-10,0.9171632340198627,1.8663067386522696
Ottawa,2025-11-11,0.9213649662080156,1.8242305775938064
Ottawa,2025-11-12,0.9177981747476203,1.6450709020203476
Ottawa,2025-11-13,0.9169236350444404,1.7711004757984623
Ottawa,2025-11-14,0.9168548913316268,1.6298750188224664
Ottawa,2025-11-15,0.920955626211317,1.752365630898243
Ottawa,2025-11-16,0.916919714891941,1.6852122428754748
Ottawa,2025-11-17,0.9210334451263968,1.6967800946485148
Ottawa,2025-11-18,0.9129446573868604,1.673821531840495
Ottawa,2025-11-19,0.9189085318985396,1.7456163528055342
Ottawa,2025-11-20,0.9198142569031198,1.7481512835196573
Ottawa,2025-11-21,0.9122778614926711,1.5998455771553817
Ottawa,2025-11-22,0.915155216825557,1.65337121916244
Ottawa,2025-11-23,0.911992767924216,1.5732184010491603
Ottawa,2025-11-24,0.916413497531601,1.633808929637064
Ottawa,2025-11-25,0.9173955429842507,1.606585288827253
Ottawa,2025-11-26,0.9208682796070358,1.6456689649454908
Ottawa,2025-11-27,0.9200036133228375,1.6833309674671897
Ottawa,2025-11-28,0.9164193265862203,1.6052087388088752
Ottawa,2025-11-29,0.9110795230198215,1.5072356471610202
Ottawa,2025-11-30,0.9099766213168275,1.5037333800220398
Ottawa,2025-12-01,0.9185034246920804,1.510728011862851
Ottawa,2025-12-02,0.9232117129395273,1.5301974222187609
Ottawa,2025-12-03,0.9166469040439973,1.5593612720353243
Ottawa,2025-12-04,0.9194944318915429,1.5090380890897352
Ottawa,2025-12-05,0.9175084835526961,1.5098271905219591
Ottawa,2025-12-06,0.9123669277306196,1.5444918632462599
Ottawa,2025-12-07,0.9121494116776437,1.5718844816103013
Ottawa,2025-12-08,0.9187508961674757,1.4878223642434298
Ottawa,2025-12-09,0.9201371826371826,1.4994062244062245
Ottawa,2025-12-10,0.9183606065155382,1.5970875243957363
Ottawa,2025-12-11,0.9196773721712602,1.6366466765572434
Ottawa,2025-12-12,0.9183079193310378,1.595858337432366
Ottawa,2025-12-13,0.9095419847328244,1.537579062159215
Ottawa,2025-12-14,0.9096542397513271,1.4827624487818662
Ottawa,2025-12-15,0.9105631992489186,1.5165919683472857
Ottawa,2025-12-16,0.9120292072696035,1.4191699551689887
Ottawa,2025-12-17,0.911029488728816,1.4119001627161223
Ottawa,2025-12-18,0.9117022313163792,1.6521095196336353
Ottawa,2025-12-19,0.9143181863898779,1.557691147184841
Ottawa,2025-12-20,0.9162102201069696,1.528873505233409
Ottawa,2025-12-21,0.8915037397483604,1.4786877901260687
Ottawa,2025-12-22,0.907400594311589,1.4897127493986133
Ottawa,2025-12-23,0.9157498419794252,1.5861693064499875
Ottawa,2025-12-24,0.9135587244378282,1.5530341612473557
Ottawa,2025-12-25,0.9134597334334522,1.5778111507415056
Ottawa,2025-12-26,0.905531559147276,1.6288142677999164
Ottawa,2025-12-27,0.9132867407436491,1.5898837802819112
Ottawa,2025-12-28,0.9085119848113282,1.6047682145399889
Ottawa,2025-12-29,0.918785344295015,1.6219930618257854
Ottawa,2025-12-30,0.9157577583609521,1.6008637139700712
Ottawa,2025-12-31,0.9223010871117094,1.6375512451814231
Quebec,2023-02-28,0.6950824610286919,0.8615106559228858
Quebec,2023-03-01,0.7188867016622922,1.313867016622922
Quebec,2023-03-02,0.717964824120603,1.4179752931323284
Quebec,2023-03-03,0.7135225555795381,1.3868443772933305
Quebec,2023-03-04,0.7065184919639123,1.358427436219155
Quebec,2023-03-05,0.7018018018018019,1.1647700331910857
Quebec,2023-03-06,0.7166013834486207,1.247145595466289
Quebec,2023-03-07,0.7899192498046366,1.3170964660936009
Quebec,2023-03-08,0.8236850810453192,1.3697367799253344
Quebec,2023-03-09,0.7270418763562492,1.366175723717623
Quebec,2023-03-10,0.7182802319019035,1.2862859781437586
Quebec,2023-03-11,0.711366890626721,1.227668245401476
Quebec,2023-03-12,0.7057510313030818,1.1752487260373696
Quebec,2023-03-13,0.7060121086966724,1.204345989580889
Quebec,2023-03-14,0.7160364603776876,1.2663003183741113
Quebec,2023-03-15,0.7160089352196575,1.2408538098783817
Quebec,2023-03-16,0.7172343324250681,1.4213215258855585
Quebec,2023-03-17,0.7049067510838896,1.4187598926433143
Quebec,2023-03-18,0.7061461549772092,1.4019261873253934
Quebec,2023-03-19,0.699238041484408,1.228517002963172
Quebec,2023-03-20,0.7176577394462097,1.3505609234161209
Quebec,2023-03-21,0.7187104930467763,1.4011378002528445
Quebec,2023-03-22,0.7292550856139324,1.4392653300160982
Quebec,2023-03-23,0.7214167620501081,1.422612234516088
Quebec,2023-03-24,0.7287305983126168,1.556643266567914
Quebec,2023-03-25,0.7147514852919866,1.46210694102304
Quebec,2023-03-26,0.7214177894560295,1.223011125398334
Quebec,2023-03-27,0.7372433468967775,1.3543332865628361
Quebec,2023-03-28,0.7467610125573052,1.349561490930835
Quebec,2023-03-29,0.7395481693066736,1.3181511295767334
Quebec,2023-03-30,0.7433512643909306,1.4306973002865617
Quebec,2023-03-31,0.7338673285198556,1.2765681407942238
Quebec,2023-04-01,0.7197164948453608,1.3062910028116215
Quebec,2023-04-02,0.7367445608380339,1.3038678485092667
Quebec,2023-04-03,0.7453478385342113,1.3157028342399084
Quebec,2023-04-04,0.7522887439899888,1.3273397879207007
Quebec,2023-04-05,0.7366063835818357,1.2981461534100573
Quebec,2023-04-06,0.7245601399320918,1.3832184381109167
Quebec,2023-04-07,0.7114477553964819,1.4504189556628377
Quebec,2023-04-08,0.7242623979912115,1.3236555764804352
Quebec,2023-04-09,0.7155608296357445,1.2242802600350842
Quebec,2023-04-10,0.7232606438213914,1.3415368639667704
Quebec,2023-04-11,0.7271254331878122,1.3103199963994778
Quebec,2023-04-12,0.7136563876651982,1.3198237885462556
Quebec,2023-04-13,0.7291737852798469,1.474817194013531
Quebec,2023-04-14,0.7330669195340016,1.6427120021674344
Quebec,2023-04-15,0.7184127851386423,1.5629012429995903
Quebec,2023-04-16,0.7122216793466881,1.4528512598590075
Quebec,2023-04-17,0.723619543220584,1.5623735183579068
Quebec,2023-04-18,0.734101810304812,1.6263345195729537
Quebec,2023-04-19,0.7460556511761331,1.3511904761904763
Quebec,2023-04-20,0.768447546047363,1.4728291957441941
Quebec,2023-04-21,0.7493096041730593,1.5177457297739594
Quebec,2023-04-22,0.7523547465340248,1.448513070166155
Quebec,2023-04-23,0.7360351400629869,1.2665340626553954
Quebec,2023-04-24,0.7481210966444374,1.4514660738858898
Quebec,2023-04-25,0.7548212133386902,1.532392527119325
Quebec,2023-04-26,0.7605474813037957,1.5023752410516908
Quebec,2023-04-27,0.756993475735097,1.5159531682902851
Quebec,2023-04-28,0.7566401380765174,1.4988973055901813
Quebec,2023-04-29,0.7260660217759077,1.2443065978397605
Quebec,2023-04-30,0.7320712337558158,1.241175998716509
Quebec,2023-05-01,0.7395560920002682,1.4070944813250184
Quebec,2023-05-02,0.7468816850419615,1.5001151884153365
Quebec,2023-05-03,0.7417850592221842,1.4494979326639101
Quebec,2023-05-04,0.7549415295456897,1.560695436199938
Quebec,2023-05-05,0.7503822505611764,1.6153095416246461
Quebec,2023-05-06,0.7398641695822186,1.5259998627975577
Quebec,2023-05-07,0.733854926402334,1.4164235512531496
Quebec,2023-05-08,0.7455290015036632,1.5140608503695172
Quebec,2023-05-09,0.7494850115295926,1.506010760953113
Quebec,2023-05-10,0.7530879002278451,1.549406403645521
Quebec,2023-05-11,0.7540137289385601,1.5479661882339593
Quebec,2023-05-12,0.7504036973105407,1.544880004454591
Quebec,2023-05-13,0.7328225855100441,1.4375339325571574
Quebec,2023-05-14,0.727963871470808,1.3987134084928035
Quebec,2023-05-15,0.7360777030112962,1.5362482111865543
Quebec,2023-05-16,0.7406298269394446,1.509882419695489
Quebec,2023-05-17,0.7445423209498276,1.5625018413222167
Quebec,2023-05-18,0.742157985117344,1.572238122495707
Quebec,2023-05-19,0.7366770274088725,1.6016106244701893
Quebec,2023-05-20,0.729483282674772,1.5363989286466642
Quebec,2023-05-21,0.7236251570821615,1.433486924780085
Quebec,2023-05-22,0.7339291662040635,1.4520650605084935
Quebec,2023-05-23,0.7420685537492876,1.5065269899856162
Quebec,2023-05-24,0.7398698128559805,1.4998372660699757
Quebec,2023-05-25,0.7428239991367217,1.5514729685982518
Quebec,2023-05-26,0.7412566195939982,1.5317188879082082
Quebec,2023-05-27,0.7363651713851522,1.504896718635673
Quebec,2023-05-28,0.7224430688852291,1.3530580952921802
Quebec,2023-05-29,0.7438734200686054,1.4595012206804907
Quebec,2023-05-30,0.742513912198569,1.4444542590466096
Quebec,2023-05-31,0.7361558871358878,1.460215115117971
Quebec,2023-06-01,0.7376799954104756,1.4957833744478228
Quebec,2023-06-02,0.743423965990612,1.5740265107903049
Quebec,2023-06-03,0.7300019121677609,1.4455988272037734
Quebec,2023-06-04,0.720875583454048,1.3445678416224047
Quebec,2023-06-05,0.7369100244364515,1.5120123005958102
Quebec,2023-06-06,0.7404466633029716,1.5735985341370795
Quebec,2023-06-07,0.7397969173962908,1.5687991272483146
Quebec,2023-06-08,0.7402630176934077,1.5694697585733113
Quebec,2023-06-09,0.7305421062942543,1.564159973132574
Quebec,2023-06-10,0.7248825736315028,1.4928953354406074
Quebec,2023-06-11,0.7174663499604117,1.353064133016627
Quebec,2023-06-12,0.7308121196673782,1.4269602064549016
Quebec,2023-06-13,0.7376900172386773,1.4539727315467794
Quebec,2023-06-14,0.7425720191189769,1.5261917064978685
Quebec,2023-06-15,0.7410875272830797,1.5074178344352007
Quebec,2023-06-16,0.739863930527131,1.5218762099673655
Quebec,2023-06-17,0.7335719026867912,1.402268332804248
Quebec,2023-06-18,0.7263467244921251,1.3280643688655558
Quebec,2023-06-19,0.746809883052416,1.4294528423591442
Quebec,2023-06-20,0.7549467752035066,1.4802442078897933
Quebec,2023-06-21,0.7532614186799798,1.511128941190455
Quebec,2023-06-22,0.752092326667254,1.566998502334596
Quebec,2023-06-23,0.7489394072383627,1.52535182421955
Quebec,2023-06-24,0.7337007206443408,1.4257453723329094
Quebec,2023-06-25,0.7392135108481263,1.4188239644970415
Quebec,2023-06-26,0.7447364423515115,1.4517393285735987
Quebec,2023-06-27,0.7410983538525384,1.4267256882003043
Quebec,2023-06-28,0.7457748701615449,1.5370290665978021
Quebec,2023-06-29,0.7436461126005361,1.5510991957104558
Quebec,2023-06-30,0.745893054849038,1.56129746551363
Quebec,2023-07-01,0.730597038289346,1.4774427851350929
Quebec,2023-07-02,0.7254252512210183,1.385617245831696
Quebec,2023-07-03,0.7394554906479447,1.4979098558336459
Quebec,2023-07-04,0.7550137879167711,1.583855602907997
Quebec,2023-07-05,0.7525132516907329,1.5684823006153659
Quebec,2023-07-06,0.745081458932296,1.567478437341451
Quebec,2023-07-07,0.7378981618906267,1.5607375271149675
Quebec,2023-07-08,0.7289826244661557,1.521266015327912
Quebec,2023-07-09,0.7231545162769372,1.3970044322176371
Quebec,2023-07-10,0.7343569946992394,1.4836367826688177
Quebec,2023-07-11,0.7393696695503317,1.5163696389814447
Quebec,2023-07-12,0.7427833768819211,1.5071544108498196
Quebec,2023-07-13,0.7410934523995379,1.5341742904424391
Quebec,2023-07-14,0.7416138364005662,1.5288976426417185
Quebec,2023-07-15,0.7377939154651532,1.4986075369267107
Quebec,2023-07-16,0.7317888171084874,1.4094453107596348
Quebec,2023-07-17,0.7489209827357237,1.4605467020805667
Quebec,2023-07-18,0.7563607202741124,1.6025855993779008
Quebec,2023-07-19,0.7510784334558746,1.3649036316113814
Quebec,2023-07-20,0.7446460268793655,1.4066483782475392
Quebec,2023-07-21,0.7407704839042746,1.4367758070807426
Quebec,2023-07-22,0.7346681778113587,1.3542626873189774
Quebec,2023-07-23,0.7244229942179959,1.2787786113633106
Quebec,2023-07-24,0.7416416630947278,1.4491427346763823
Quebec,2023-07-25,0.7370999846884091,1.381775378961874
Quebec,2023-07-26,0.7318773654950109,1.3472591948715162
Quebec,2023-07-27,0.7296149958651107,1.3706514747771754
Quebec,2023-07-28,0.7344140984237654,1.3618709498043073
Quebec,2023-07-29,0.7310994415270484,1.319767441860465
Quebec,2023-07-30,0.7249488947901344,1.2447700743174828
Quebec,2023-07-31,0.736936903821059,1.3683214174125604
Quebec,2023-08-01,0.7382090210638532,1.4022718082564423
Quebec,2023-08-02,0.7341727045967454,1.328265431365562
Quebec,2023-08-03,0.738549766718507,1.3729199066874027
Quebec,2023-08-04,0.7383874320434922,1.3867924528301887
Quebec,2023-08-05,0.732121183274233,1.3526023941550251
Quebec,2023-08-06,0.7303271038674285,1.2494138535430561
Quebec,2023-08-07,0.7383541307226257,1.3213698190426513
Quebec,2023-08-08,0.7411069208031801,1.3953317704617267
Quebec,2023-08-09,0.7450493372773048,1.4253844243231648
Quebec,2023-08-10,0.7464886539280035,1.4166349320131717
Quebec,2023-08-11,0.7478181963756706,1.4780752088393072
Quebec,2023-08-12,0.7446683373395387,1.3397688334270956
Quebec,2023-08-13,0.7440179861891761,1.2667148439591027
Quebec,2023-08-14,0.7449607692917338,1.3139249200855943
Quebec,2023-08-15,0.7475684288126323,1.4123802049891798
Quebec,2023-08-16,0.7471361358289864,1.4032934437966655
Quebec,2023-08-17,0.7539567893480719,1.473841225976636
Quebec,2023-08-18,0.7519784978348514,1.4991488726295357
Quebec,2023-08-19,0.7442764436538525,1.4614751128240604
Quebec,2023-08-20,0.7355718106531757,1.3134083072857925
Quebec,2023-08-21,0.7514160551354669,1.4568486843940958
Quebec,2023-08-22,0.7542515104050123,1.444954128440367
Quebec,2023-08-23,0.7525725517400855,1.4588102670828997
Quebec,2023-08-24,0.7525776207027485,1.3986038496363584
Quebec,2023-08-25,0.748313715117048,1.4697791297447427
Quebec,2023-08-26,0.741669589617678,1.4349643399976617
Quebec,2023-08-27,0.7450232107766355,1.3185145102953322
Quebec,2023-08-28,0.7508091390760231,1.379516194768766
Quebec,2023-08-29,0.7565892689049263,1.377366384269428
Quebec,2023-08-30,0.7541915156970856,1.2831945538426917
Quebec,2023-08-31,0.7643194880942269,1.421614428494578
Quebec,2023-09-01,0.7523638693145419,1.2899935938500962
Quebec,2023-09-02,0.7470324162053485,1.3049381695998237
Quebec,2023-09-03,0.7413272571916832,1.2652235830247793
Quebec,2023-09-04,0.7542692939244663,1.3185002736726874
Quebec,2023-09-05,0.7532983253651018,1.3077827415941687
Quebec,2023-09-06,0.7483460982144974,1.3683162212790174
Quebec,2023-09-07,0.7446870877912941,1.3617177194782353
Quebec,2023-09-08,0.7477646663116293,1.283291756593884
Quebec,2023-09-09,0.7459636730575177,1.2982116829240946
Quebec,2023-09-10,0.7469951923076923,1.2294771634615385
Quebec,2023-09-11,0.7618951748204819,1.2905845245285552
Quebec,2023-09-12,0.7493680251556816,1.2625624267834021
Quebec,2023-09-13,0.7495188036718982,1.254071661237785
Quebec,2023-09-14,0.7461695945053494,1.385715229163915
Quebec,2023-09-15,0.7343356359203576,1.351699851009075
Quebec,2023-09-16,0.7404916802201926,1.3444576504441386
Quebec,2023-09-17,0.737493043101849,1.309659266588337
Quebec,2023-09-18,0.7449441231986098,1.3109626389429847
Quebec,2023-09-19,0.7468975820959234,1.4044577247919017
Quebec,2023-09-20,0.7494017094017094,1.332991452991453
Quebec,2023-09-21,0.7438440395568275,1.3882292935876002
Quebec,2023-09-22,0.7552395209580839,1.4232444202504082
Quebec,2023-09-23,0.7412105835447625,1.3329467198260239
Quebec,2023-09-24,0.7367488662131519,1.294890873015873
Quebec,2023-09-25,0.7486142908784191,1.3777262320761539
Quebec,2023-09-26,0.7379463158780467,1.3699828906403388
Quebec,2023-09-27,0.7422757367259509,1.4275931455277164
Quebec,2023-09-28,0.7317736670293797,1.332712903041063
Quebec,2023-09-29,0.7379896968970888,1.306068048400623
Quebec,2023-09-30,0.737083267498815,1.2710380786854163
Quebec,2023-10-01,0.7424406935807587,1.2758200901523378
Quebec,2023-10-02,0.7411777864772664,1.2975504725686482
Quebec,2023-10-03,0.7545804608409415,1.4132041488106328
Quebec,2023-10-04,0.7471620517731895,1.377651333765246
Quebec,2023-10-05,0.7481548302443825,1.383603958230824
Quebec,2023-10-06,0.7565642940050821,1.3701728518994887
Quebec,2023-10-07,0.7494810444662952,1.3324957208929677
Quebec,2023-10-08,0.7426789774684766,1.2995590160545718
Quebec,2023-10-09,0.750561867898614,1.38965538768885
Quebec,2023-10-10,0.7518054086720048,1.36785012841819
Quebec,2023-10-11,0.7485396966760092,1.4160096393116275
Quebec,2023-10-12,0.7553892974892215,1.4827225462845548
Quebec,2023-10-13,0.7469446441409058,1.4375204235017318
Quebec,2023-10-14,0.7346641489074723,1.2306717021850553
Quebec,2023-10-15,0.7302790741975427,1.1896371082960282
Quebec,2023-10-16,0.7451511640943234,1.2686572741881237
Quebec,2023-10-17,0.7426018571507689,1.2497184736657498
Quebec,2023-10-18,0.7485455720749838,1.2373256995105735
Quebec,2023-10-19,0.7504214808284225,1.2162312653705165
Quebec,2023-10-20,0.7442923170838057,1.2014301909828202
Quebec,2023-10-21,0.734952625038832,1.1681616961789376
Quebec,2023-10-22,0.7269736842105263,1.145323613086771
Quebec,2023-10-23,0.7363756226193964,1.1963375329622032
Quebec,2023-10-24,0.7427529570386713,1.2048630262915978
Quebec,2023-10-25,0.7433315187806205,1.2713058731022804
Quebec,2023-10-26,0.7477150873683918,1.2608689613023307
Quebec,2023-10-27,0.7419495276378992,1.2646533834477354
Quebec,2023-10-28,0.7325017010660013,1.1305662659711198
Quebec,2023-10-29,0.731751617663753,1.1494305066787756
Quebec,2023-10-30,0.7419104688050758,1.2761602631888145
Quebec,2023-10-31,0.7481277187317817,1.2584869276649178
Quebec,2023-11-01,0.7456840542045665,1.2485613514015221
Quebec,2023-11-02,0.7458079545730302,1.2797689825038219
Quebec,2023-11-03,0.7349836184929014,1.2334364761558063
Quebec,2023-11-04,0.7252430601381373,1.2135849720645815
Quebec,2023-11-05,0.7314512454434994,1.1899491190765492
Quebec,2023-11-06,0.7462007934086055,1.1934696368629845
Quebec,2023-11-07,0.7553505255993345,1.1655902593965062
Quebec,2023-11-08,0.7530987795575896,1.2060926773455378
Quebec,2023-11-09,0.7414203531045428,1.2074985121999604
Quebec,2023-11-10,0.7399105311606725,1.224366531548263
Quebec,2023-11-11,0.7361173766406737,1.0872591351421022
Quebec,2023-11-12,0.7318105567042484,1.1469004798501932
Quebec,2023-11-13,0.7450764878646462,1.1942197156705525
Quebec,2023-11-14,0.74058797060147,1.1712914354282287
Quebec,2023-11-15,0.7474525513378967,1.1611893279402614
Quebec,2023-11-16,0.7458384007297051,1.1561264822134387
Quebec,2023-11-17,0.7431596478705687,1.1669045919581251
Quebec,2023-11-18,0.7358694543600204,1.1082916879143294
Quebec,2023-11-19,0.7412948857453754,1.091053940618685
Quebec,2023-11-20,0.7441165141148632,1.1571986719738796
Quebec,2023-11-21,0.743595811394427,1.2179691967895245
Quebec,2023-11-22,0.7460202604920405,1.2227649139733077
Quebec,2023-11-23,0.7503499766682221,1.2180623855845507
Quebec,2023-11-24,0.7444613866714503,1.2097228450982151
Quebec,2023-11-25,0.7402273821737401,1.1637319151609054
Quebec,2023-11-26,0.734002426381383,1.1135767067387228
Quebec,2023-11-27,0.753859158331153,1.1854408597822368
Quebec,2023-11-28,0.7431740614334471,1.2104135248829273
Quebec,2023-11-29,0.7534851647532429,1.209258983151931
Quebec,2023-11-30,0.7620890106635071,1.215306575829384
Quebec,2023-12-01,0.7590328435905339,1.19925339908901
Quebec,2023-12-02,0.7464849255732408,1.1483206710440372
Quebec,2023-12-03,0.7409485693066243,1.1166628844923978
Quebec,2023-12-04,0.7479985404906527,1.1709128372432445
Quebec,2023-12-05,0.7392727793579014,1.1383028790080008
Quebec,2023-12-06,0.7474349490206169,1.136341706603197
Quebec,2023-12-07,0.7513440130328537,1.2071137659516697
Quebec,2023-12-08,0.7489519766516317,1.2028654815600954
Quebec,2023-12-09,0.745624465831816,1.1483779866968897
Quebec,2023-12-10,0.7484502988709321,1.1105453472068483
Quebec,2023-12-11,0.7486689066942362,1.1612819850090463
Quebec,2023-12-12,0.7439853110980711,1.1742035624372977
Quebec,2023-12-13,0.7518070538665504,1.1762740183792815
Quebec,2023-12-14,0.7525436046511628,1.163967331118494
Quebec,2023-12-15,0.7456844640706544,1.1181587046701458
Quebec,2023-12-16,0.7429329430061293,1.0937151221297228
Quebec,2023-12-17,0.7409639797708741,1.0825265765300858
Quebec,2023-12-18,0.7374097038901508,1.095647369390386
Quebec,2023-12-19,0.7296510240129852,1.0344679429035184
Quebec,2023-12-20,0.740174384663189,1.155665618349937
Quebec,2023-12-21,0.7497734671275632,1.1617780313454376
Quebec,2023-12-22,0.7449836595565239,1.1440418877604808
Quebec,2023-12-23,0.7342357998719473,1.06344095856581
Quebec,2023-12-24,0.7393731689790504,1.0686529213421039
Quebec,2023-12-25,0.7484155649448003,1.0980646040616056
Quebec,2023-12-26,0.7526840298132484,1.091282137174441
Quebec,2023-12-27,0.7572335047810947,1.1339060042066564
Quebec,2023-12-28,0.7503717832665201,1.1305282555282554
Quebec,2023-12-29,0.7494995043635445,1.170848801725981
Quebec,2023-12-30,0.7435924168969053,1.117934282090045
Quebec,2023-12-31,0.7366849430619992,1.0738760016870519
Quebec,2024-01-01,0.7500846053826835,1.1602336889728015
Quebec,2024-01-02,0.737571245016967,1.106694560669456
Quebec,2024-01-03,0.7403548620712358,1.164576338139443
Quebec,2024-01-04,0.7448199061649963,1.2153823685123317
Quebec,2024-01-05,0.7463075423601739,1.1979307242465138
Quebec,2024-01-06,0.7406505902602709,1.1258932141801554
Quebec,2024-01-07,0.7376055733167916,1.0682349572935057
Quebec,2024-01-08,0.7501463034007413,1.1443201768645557
Quebec,2024-01-09,0.7381133199315018,1.1500856228128955
Quebec,2024-01-10,0.7452410107981743,1.1646999888678615
Quebec,2024-01-11,0.7445529468799779,1.1756492831913568
Quebec,2024-01-12,0.7437750636597898,1.1698153484897
Quebec,2024-01-13,0.7395550732501357,1.1032044939516772
Quebec,2024-01-14,0.7352919986743707,1.072967248310543
Quebec,2024-01-15,0.7427147179157588,1.1232266863135454
Quebec,2024-01-16,0.7338761886949892,1.1125321900761052
Quebec,2024-01-17,0.7405072435215467,1.1263774511735425
Quebec,2024-01-18,0.7439176245210728,1.1296455938697318
Quebec,2024-01-19,0.7349408588829045,1.1024764935251237
Quebec,2024-01-20,0.7306452757861859,1.087399730247746
Quebec,2024-01-21,0.7315450674542301,1.0778483462602686
Quebec,2024-01-22,0.7354797475433411,1.155188943037469
Quebec,2024-01-23,0.7373223980593739,1.1628739748180663
Quebec,2024-01-24,0.7391904264510555,1.0933369440468361
Quebec,2024-01-25,0.7418938415976916,1.1203963854506795
Quebec,2024-01-26,0.7366183574879227,1.1254934437543134
Quebec,2024-01-27,0.7400716464694523,1.089054322577034
Quebec,2024-01-28,0.7340126585602857,1.034351445754655
Quebec,2024-01-29,0.7391981885988279,1.1054874800213106
Quebec,2024-01-30,0.7377550420415123,1.1720174045981067
Quebec,2024-01-31,0.7496324020852827,1.1620401312955784
Quebec,2024-02-01,0.748571823777578,1.1333840514558406
Quebec,2024-02-02,0.7461058729642657,1.0845771879525907
Quebec,2024-02-03,0.7331590558795974,1.0356613980476896
Quebec,2024-02-04,0.7289049834088396,1.0112880498189367
Quebec,2024-02-05,0.7458234056486784,1.0787526647995653
Quebec,2024-02-06,0.7391089719856843,1.0710573587285916
Quebec,2024-02-07,0.7336899945973725,0.9653968295800446
Quebec,2024-02-08,0.7554950462568073,1.0686962797716686
Quebec,2024-02-09,0.7462186580042636,1.082055967245288
Quebec,2024-02-10,0.7350890546506318,1.0441771959202313
Quebec,2024-02-11,0.7392294165672298,1.0144131131068266
Quebec,2024-02-12,0.7517890272992314,1.0702193214948317
Quebec,2024-02-13,0.7533823084155339,1.0715662996191417
Quebec,2024-02-14,0.7612729217367042,1.0988017918869064
Quebec,2024-02-15,0.751766551226103,1.1202807845816962
Quebec,2024-02-16,0.7509168964830978,1.0833167486424247
Quebec,2024-02-17,0.7418503546640226,1.0388986347341926
Quebec,2024-02-18,0.7451639500221983,0.9889484366081055
Quebec,2024-02-19,0.752523030569665,1.0871095468543774
Quebec,2024-02-20,0.7483879563016254,1.0750999200639488
Quebec,2024-02-21,0.7532874051508504,1.0936124425315465
Quebec,2024-02-22,0.7584742099998765,1.116879267976439
Quebec,2024-02-23,0.7537343215507412,1.0446550741163056
Quebec,2024-02-24,0.7513414007648839,1.0426679605000286
Quebec,2024-02-25,0.7520270778488154,1.0244151936818353
Quebec,2024-02-26,0.7616487455197133,1.0762595798000991
Quebec,2024-02-27,0.7588282674127771,1.041233908460158
Quebec,2024-02-28,0.7660825829480004,1.071577296449528
Quebec,2024-02-29,0.7612170078411419,1.063094445966574
Quebec,2024-03-01,0.7574351484444675,1.0633845597073763
Quebec,2024-03-02,0.7520682486199728,1.0730518316725213
Quebec,2024-03-03,0.7544706338604731,1.0383792246592263
Quebec,2024-03-04,0.756698145322961,1.0396404120383795
Quebec,2024-03-05,0.7524620600581208,1.0600312130018297
Quebec,2024-03-06,0.7562899514190744,1.0838915878291997
Quebec,2024-03-07,0.7569554099185333,1.1009599932926233
Quebec,2024-03-08,0.7494310488865843,1.1055080229308905
Quebec,2024-03-09,0.7420798387813768,1.0997392051684793
Quebec,2024-03-10,0.7416954790143989,1.0625702073030183
Quebec,2024-03-11,0.7536340516664436,1.1065586936153124
Quebec,2024-03-12,0.7584287624251584,1.153665058420043
Quebec,2024-03-13,0.7601002462947759,1.1377090264874907
Quebec,2024-03-14,0.7549820920194692,1.2571953347414822
Quebec,2024-03-15,0.752192281748145,1.1389036816132354
Quebec,2024-03-16,0.743849784114871,0.9300130535194296
Quebec,2024-03-17,0.7461579727981319,0.9803875161728044
Quebec,2024-03-18,0.7571788124928498,1.0736614803798192
Quebec,2024-03-19,0.7483466541294468,1.1126782635950478
Quebec,2024-03-20,0.7504800421417526,1.0454383252051862
Quebec,2024-03-21,0.7491384754172304,1.030040595399188
Quebec,2024-03-22,0.7381349950939043,1.0187292351655162
Quebec,2024-03-23,0.7480626312909319,1.02647884340412
Quebec,2024-03-24,0.7522541117170356,1.058335324917983
Quebec,2024-03-25,0.7568227277350239,1.0118656134522155
Quebec,2024-03-26,0.7579221729388632,1.0342189095675767
Quebec,2024-03-27,0.7538377720091017,1.0627183283658623
Quebec,2024-03-28,0.7549362786745965,1.0600849617672048
Quebec,2024-03-29,0.744076181973738,0.9929137373061042
Quebec,2024-03-30,0.7517056775414093,1.0129812627045303
Quebec,2024-03-31,0.741203518592563,0.9678528588564574
Quebec,2024-04-01,0.7469459634813236,1.0033552692557235
Quebec,2024-04-02,0.7423326482086003,0.9605851771248942
Quebec,2024-04-03,0.7571461663192032,1.0421589066481354
Quebec,2024-04-04,0.7631805775032323,1.0966096825168798
Quebec,2024-04-05,0.762986514636553,1.101480100866133
Quebec,2024-04-06,0.7517516524086462,1.034239098072686
Quebec,2024-04-07,0.7442310195429442,1.0082188214730656
Quebec,2024-04-08,0.7582242802496477,1.0872961546204953
Quebec,2024-04-09,0.7508397312859885,1.082553582853487
Quebec,2024-04-10,0.7594017858918521,1.076069446930374
Quebec,2024-04-11,0.758553509474246,1.0864958633573525
Quebec,2024-04-12,0.7465706964124209,0.960506481760627
Quebec,2024-04-13,0.7386359269932757,0.8695485110470701
Quebec,2024-04-14,0.7536307524734501,1.04021058364346
Quebec,2024-04-15,0.764579837356396,1.135949399767652
Quebec,2024-04-16,0.7523647923858561,1.0462621652721706
Quebec,2024-04-17,0.7550772311212814,1.131400171624714
Quebec,2024-04-18,0.7566781755406142,1.1231873523532618
Quebec,2024-04-19,0.7465134045161405,1.1255885017854923
Quebec,2024-04-20,0.7455035652204761,1.0948774344602505
Quebec,2024-04-21,0.74427734375,1.07421875
Quebec,2024-04-22,0.7458944281524926,1.1741935483870967
Quebec,2024-04-23,0.7429745939753353,1.1784486825257767
Quebec,2024-04-24,0.7509704507644775,1.1628574823734452
Quebec,2024-04-25,0.7521529676543348,1.1733720216505776
Quebec,2024-04-26,0.7370964109493684,1.1483324120140042
Quebec,2024-04-27,0.7376958966383539,1.1645890656777127
Quebec,2024-04-28,0.7374473335040387,1.117740170860588
Quebec,2024-04-29,0.7476659364964591,1.1452755151953382
Quebec,2024-04-30,0.735217890332852,1.114202673183013
Quebec,2024-05-01,0.7406470344255496,1.1746785566155122
Quebec,2024-05-02,0.741075852560374,1.1347077705250006
Quebec,2024-05-03,0.7386556359875904,1.1706928645294725
Quebec,2024-05-04,0.7393185983351366,1.1591114840248185
Quebec,2024-05-05,0.7260521390956174,1.0896113504809157
Quebec,2024-05-06,0.7417540549366813,1.0857977430240575
Quebec,2024-05-07,0.7457610052760885,1.1022594546699425
Quebec,2024-05-08,0.7532561505065123,1.144038065166864
Quebec,2024-05-09,0.7575386766891006,1.149986889257932
Quebec,2024-05-10,0.7524544612534733,1.1111659977359267
Quebec,2024-05-11,0.7426533082648672,1.0815154402863987
Quebec,2024-05-12,0.7364582479718103,1.0355855117594035
Quebec,2024-05-13,0.7522489171880206,1.0874208714322733
Quebec,2024-05-14,0.7416458962878002,1.0186161413415091
Quebec,2024-05-15,0.7456071999064947,1.0711029726886663
Quebec,2024-05-16,0.7527860326894502,1.1398216939078751
Quebec,2024-05-17,0.743589264354067,1.1383634868421053
Quebec,2024-05-18,0.7377039201363526,1.117299732164597
Quebec,2024-05-19,0.7344554455445544,1.0722772277227723
Quebec,2024-05-20,0.737605162133464,1.1060810258923466
Quebec,2024-05-21,0.744456196659129,1.1792617988182945
Quebec,2024-05-22,0.7492166230030308,1.1842605434838445
Quebec,2024-05-23,0.7483443708609272,1.2358423518010015
Quebec,2024-05-24,0.7443959630949605,1.2474269726542984
Quebec,2024-05-25,0.7294071173399286,1.2172643583402034
Quebec,2024-05-26,0.7293482614583532,1.1403231036258559
Quebec,2024-05-27,0.7426640615197089,1.184720454586194
Quebec,2024-05-28,0.7418397088907798,1.2068903090319894
Quebec,2024-05-29,0.7493506493506493,1.270544733044733
Quebec,2024-05-30,0.7442452010427364,1.2275693182715854
Quebec,2024-05-31,0.7346743295019157,1.1690220463538723
Quebec,2024-06-01,0.7337860834488844,1.1279623093407285
Quebec,2024-06-02,0.7351913978494624,1.0977548387096774
Quebec,2024-06-03,0.739483331912354,1.1772529627419217
Quebec,2024-06-04,0.7331956199842787,1.1575050728479241
Quebec,2024-06-05,0.736757034751304,1.1835096613033576
Quebec,2024-06-06,0.7367711780560199,1.1506942785984784
Quebec,2024-06-07,0.7406046808437247,1.1616908987426915
Quebec,2024-06-08,0.7292116397547708,1.0981607805888955
Quebec,2024-06-09,0.728796169630643,1.0499496004031967
Quebec,2024-06-10,0.7377961174780313,1.1413010792208227
Quebec,2024-06-11,0.7350933761068464,1.159729610291831
Quebec,2024-06-12,0.7413305024769993,1.1781439428905505
Quebec,2024-06-13,0.739224207307259,1.1820698535329148
Quebec,2024-06-14,0.731910516842376,1.1614639581726236
Quebec,2024-06-15,0.7334014985165692,1.0796526928041033
Quebec,2024-06-16,0.7333755792308606,1.0900827755554676
Quebec,2024-06-17,0.7342108640255193,1.1371111151850697
Quebec,2024-06-18,0.736322188449848,1.1088112858464385
Quebec,2024-06-19,0.7417442466671632,1.1599463767036569
Quebec,2024-06-20,0.7403618793050273,1.1587848257427777
Quebec,2024-06-21,0.740689371757333,1.1550829609082036
Quebec,2024-06-22,0.7353422022760058,1.1526526686969065
Quebec,2024-06-23,0.7410950301578725,1.1482628189213266
Quebec,2024-06-24,0.7475996376811594,1.1857789855072465
Quebec,2024-06-25,0.7460799101974953,1.2271196548216228
Quebec,2024-06-26,0.7504377168688122,1.2283131187724827
Quebec,2024-06-27,0.7513547687861272,1.275614161849711
Quebec,2024-06-28,0.7490338468175364,1.2309420667589381
Quebec,2024-06-29,0.7476527869882378,1.2108128861121776
Quebec,2024-06-30,0.7372129652656885,1.1289065738207742
Quebec,2024-07-01,0.7409327291273013,1.1938865943180108
Quebec,2024-07-02,0.7341002572800419,1.2441866181603658
Quebec,2024-07-03,0.7430505931113335,1.2001214806345577
Quebec,2024-07-04,0.7444752029277906,1.265534337415349
Quebec,2024-07-05,0.7406372026979056,1.266181516980239
Quebec,2024-07-06,0.7360528295578033,1.2014544846610382
Quebec,2024-07-07,0.7429963278843876,1.1439824686093343
Quebec,2024-07-08,0.7470469249417105,1.1879622624029151
Quebec,2024-07-09,0.7408496056246492,1.1750465274290272
Quebec,2024-07-10,0.7391136339409444,1.1701844153075365
Quebec,2024-07-11,0.7393826281939391,1.1859365978758543
Quebec,2024-07-12,0.733715537232672,1.1664261788198917
Quebec,2024-07-13,0.726582588465777,1.1340455491612587
Quebec,2024-07-14,0.7190980148025178,1.0868091581932628
Quebec,2024-07-15,0.7329113392244457,1.1594661587799515
Quebec,2024-07-16,0.7303642812904679,1.172414278475311
Quebec,2024-07-17,0.7325880791312831,1.0747333237377856
Quebec,2024-07-18,0.7391974120003081,1.1162135099745822
Quebec,2024-07-19,0.74294585795249,1.140585433498131
Quebec,2024-07-20,0.7417671436123949,1.071575967392602
Quebec,2024-07-21,0.734461918273778,1.022459481556293
Quebec,2024-07-22,0.744755789670542,1.0916061465573668
Quebec,2024-07-23,0.7433010721352209,1.1091001119683421
Quebec,2024-07-24,0.7569221848170997,1.124816777539745
Quebec,2024-07-25,0.7523665382498624,1.1339708310401762
Quebec,2024-07-26,0.7472186601046685,1.044865351956469
Quebec,2024-07-27,0.744719156927566,1.075631295494405
Quebec,2024-07-28,0.7405756295948693,1.032035038323166
Quebec,2024-07-29,0.7474459158049069,1.1189306380921187
Quebec,2024-07-30,0.751513055507522,1.0831027724940918
Quebec,2024-07-31,0.7564494288392765,1.0735217527169196
Quebec,2024-08-01,0.7549637634546936,1.0638320682705091
Quebec,2024-08-02,0.753524705882353,1.185844705882353
Quebec,2024-08-03,0.7505042277557986,1.1394383678535411
Quebec,2024-08-04,0.7464375443508947,1.0088605895552445
Quebec,2024-08-05,0.7532876840821686,1.0408404464871963
Quebec,2024-08-06,0.7575969495645803,1.0840867842216562
Quebec,2024-08-07,0.7588753713631309,1.1185374516605533
Quebec,2024-08-08,0.7541944612896705,1.1179502728926622
Quebec,2024-08-09,0.753874420833999,1.1573414283431858
Quebec,2024-08-10,0.7403292758738244,1.1978863777648545
Quebec,2024-08-11,0.7486788674417311,1.098867070886874
Quebec,2024-08-12,0.7517967693730876,1.1080054080979151
Quebec,2024-08-13,0.7539151923106078,1.0864298600688285
Quebec,2024-08-14,0.7568328812852076,1.1354356054961103
Quebec,2024-08-15,0.7620196591859397,1.1730255130718505
Quebec,2024-08-16,0.7646199060176964,1.1537820804978862
Quebec,2024-08-17,0.7586689603993794,1.1179585778857182
Quebec,2024-08-18,0.7561801384895452,1.0706568895996733
Quebec,2024-08-19,0.7598812849162011,1.0669692737430168
Quebec,2024-08-20,0.762253907834389,1.0541012760912296
Quebec,2024-08-21,0.7639251800395132,1.0817825505066598
Quebec,2024-08-22,0.766931165552257,1.1025858002940931
Quebec,2024-08-23,0.7647351865294562,1.1377940988086597
Quebec,2024-08-24,0.7627467164805884,1.1249402667361745
Quebec,2024-08-25,0.7584590990174703,1.0770308916385876
Quebec,2024-08-26,0.7697431815325317,1.128255617467566
Quebec,2024-08-27,0.7681265847339033,1.123882892494423
Quebec,2024-08-28,0.7647012516728332,1.1234983862079824
Quebec,2024-08-29,0.7644667214971834,1.1192718921183717
Quebec,2024-08-30,0.7630022242203398,1.1962835013329547
Quebec,2024-08-31,0.759013794196924,1.177770730933883
Quebec,2024-09-01,0.7533461420475644,1.1511535915527067
Quebec,2024-09-02,0.7613838350265177,1.1168947528143471
Quebec,2024-09-03,0.7607844218887908,1.1462930273609886
Quebec,2024-09-04,0.7598442112849797,1.1741950685387186
Quebec,2024-09-05,0.762243695498468,1.1905412836829288
Quebec,2024-09-06,0.7557989590616018,1.1345607084595666
Quebec,2024-09-07,0.7493238088633054,1.1121610375199389
Quebec,2024-09-08,0.7494661063653899,1.1045225957564067
Quebec,2024-09-09,0.7528533873258985,1.155740247865062
Quebec,2024-09-10,0.7532030013781839,1.1644973031834345
Quebec,2024-09-11,0.7549000468530377,1.2299898485085117
Quebec,2024-09-12,0.746081378225172,1.2109297774908716
Quebec,2024-09-13,0.7504559666492965,1.1429781136008337
Quebec,2024-09-14,0.7424679114229964,1.107839100624765
Quebec,2024-09-15,0.7404271548436309,1.0799008390541571
Quebec,2024-09-16,0.7518288974009107,1.1070377615939766
Quebec,2024-09-17,0.7550252345687577,1.155829965833608
Quebec,2024-09-18,0.7562921592804817,1.1634329440777544
Quebec,2024-09-19,0.7487852555152192,1.200167550963418
Quebec,2024-09-20,0.7399615696994909,1.1417959232186368
Quebec,2024-09-21,0.7391243193280688,1.1320955653344587
Quebec,2024-09-22,0.7423114680946006,1.06871932173137
Quebec,2024-09-23,0.742403018247698,1.0929007676360172
Quebec,2024-09-24,0.748134049060074,1.1015205628862892
Quebec,2024-09-25,0.7520807011210717,1.1614222970940378
Quebec,2024-09-26,0.7477214440718091,1.2150522785559281
Quebec,2024-09-27,0.7430912978066355,1.1646409058516114
Quebec,2024-09-28,0.7368873075271456,1.1452262642373678
Quebec,2024-09-29,0.7342754124631241,1.094529628145828
Quebec,2024-09-30,0.7426682670775184,1.177161898278364
Quebec,2024-10-01,0.7476882674951916,1.1751553484243231
Quebec,2024-10-02,0.7512673018155671,1.1840733417220923
Quebec,2024-10-03,0.7493001950971244,1.2152854355755365
Quebec,2024-10-04,0.7369294794533009,1.1932549519023037
Quebec,2024-10-05,0.727902297505966,1.1382948855926256
Quebec,2024-10-06,0.7286520263435905,1.0820877070736588
Quebec,2024-10-07,0.7387306298197387,1.172038825504172
Quebec,2024-10-08,0.7433664211762194,1.1930835734870318
Quebec,2024-10-09,0.7448274460387789,1.232368602902321
Quebec,2024-10-10,0.7503230034640951,1.209287519895141
Quebec,2024-10-11,0.7502944640753828,1.2646757095634333
Quebec,2024-10-12,0.7360702614379085,1.2166462418300654
Quebec,2024-10-13,0.7316747842606253,1.1635577292294013
Quebec,2024-10-14,0.7505299292802341,1.1494494363053143
Quebec,2024-10-15,0.7531017626711407,1.183309513453054
Quebec,2024-10-16,0.7532042976458628,1.1999920266310522
Quebec,2024-10-17,0.7509877334877852,1.212771238855677
Quebec,2024-10-18,0.7433714857206356,1.1175908434270474
Quebec,2024-10-19,0.7406913415582972,1.1526064243636769
Quebec,2024-10-20,0.745415421398685,1.137525403466826
Quebec,2024-10-21,0.7593868196277835,1.279538110863412
Quebec,2024-10-22,0.7505826094851851,1.3853696922005994
Quebec,2024-10-23,0.7482984082748272,1.383487861085803
Quebec,2024-10-24,0.7484869310749994,1.2976478151949808
Quebec,2024-10-25,0.7488665393201538,1.2697981634484823
Quebec,2024-10-26,0.7415936373909892,1.1726262820102773
Quebec,2024-10-27,0.731143684795156,1.1235597760982727
Quebec,2024-10-28,0.7475035663338089,1.1827944206688856
Quebec,2024-10-29,0.7473125675542891,1.1781074972978285
Quebec,2024-10-30,0.7488568081327236,1.1631457616870111
Quebec,2024-10-31,0.7549283508827488,1.2037249623941098
Quebec,2024-11-01,0.75472864383731,1.2036304446367494
Quebec,2024-11-02,0.7476578325455773,1.1367108372721135
Quebec,2024-11-03,0.7442809472118361,1.121879146061995
Quebec,2024-11-04,0.745466436767941,1.2029649008066274
Quebec,2024-11-05,0.7535569866706605,1.2123895462033847
Quebec,2024-11-06,0.749399304153932,1.1122003729119811
Quebec,2024-11-07,0.7556589925834364,1.212897867737948
Quebec,2024-11-08,0.7543166094994477,1.2039222525822142
Quebec,2024-11-09,0.7460515378221114,1.151189486600958
Quebec,2024-11-10,0.7375130501675916,1.0667435939703647
Quebec,2024-11-11,0.7549634273772204,1.1567398119122256
Quebec,2024-11-12,0.7421450071289011,1.126401577159353
Quebec,2024-11-13,0.7471857056512542,1.21441523118767
Quebec,2024-11-14,0.748034834219498,1.1829856388334423
Quebec,2024-11-15,0.7377557235498549,1.1819175235570205
Quebec,2024-11-16,0.7475641839789531,1.1467114215730745
Quebec,2024-11-17,0.7465830458072018,1.0976000305000095
Quebec,2024-11-18,0.7441955268960662,1.1313209924583543
Quebec,2024-11-19,0.7532312349391592,1.152151833190608
Quebec,2024-11-20,0.7548738428026865,1.1626974042475948
Quebec,2024-11-21,0.751274567755283,1.184295108615339
Quebec,2024-11-22,0.7528504359490275,1.2306387343669862
Quebec,2024-11-23,0.7406292749658002,1.1717773334736399
Quebec,2024-11-24,0.7339541425161951,1.1035415956358676
Quebec,2024-11-25,0.7524472482053514,1.1916862776118813
Quebec,2024-11-26,0.7484414786197208,1.2217490561067696
Quebec,2024-11-27,0.7534918660062443,1.2509448578605131
Quebec,2024-11-28,0.7472027351034544,1.2161220140307256
Quebec,2024-11-29,0.7468315420470742,1.1463269001117147
Quebec,2024-11-30,0.7398147966874841,1.0773703478924803
Quebec,2024-12-01,0.7350008140670792,1.0857823184630413
Quebec,2024-12-02,0.7473420185684336,1.1215745732255167
Quebec,2024-12-03,0.753036507196047,1.141640318595691
Quebec,2024-12-04,0.7484486416641409,1.1779156762965208
Quebec,2024-12-05,0.746795701150615,1.22534458072418
Quebec,2024-12-06,0.7448517502396457,1.1383499157108385
Quebec,2024-12-07,0.7433674895968684,1.1322225694501555
Quebec,2024-12-08,0.7395506083850287,1.119428452963784
Quebec,2024-12-09,0.7474932249322493,1.1586720867208673
Quebec,2024-12-10,0.7463681473067496,1.1504453876965386
Quebec,2024-12-11,0.7488753754853835,1.1118177155835591
Quebec,2024-12-12,0.7507957767302709,1.2923066219060375
Quebec,2024-12-13,0.7553200163065634,1.213681206685691
Quebec,2024-12-14,0.7408522045159275,1.153715855082474
Quebec,2024-12-15,0.752128103819344,1.1238957951880761
Quebec,2024-12-16,0.7660035686372819,1.1959653753705042
Quebec,2024-12-17,0.7504687259873982,1.1993391731980945
Quebec,2024-12-18,0.7532026101874268,1.267287681775184
Quebec,2024-12-19,0.7543859649122807,1.409775839374472
Quebec,2024-12-20,0.7470252211750634,1.2888989709430616
Quebec,2024-12-21,0.7403438776479528,1.1639023463474873
Quebec,2024-12-22,0.7424295283282166,1.115371197320681
Quebec,2024-12-23,0.7539904161064571,1.1860585375943737
Quebec,2024-12-24,0.7505082486252291,1.2113814364272621
Quebec,2024-12-25,0.7554268969245214,1.1588665395886084
Quebec,2024-12-26,0.7544649246966396,1.2074937578523832
Quebec,2024-12-27,0.7551224700472362,1.2049144430193637
Quebec,2024-12-28,0.7560298080441797,1.1252869356931368
Quebec,2024-12-29,0.7588896619914308,1.1083238729995972
Quebec,2024-12-30,0.7548791094103322,1.1688641502870065
Quebec,2024-12-31,0.744607062259392,1.1426888357891942
Quebec,2025-01-01,0.7479795831561038,1.2186658159648376
Quebec,2025-01-02,0.7471646491800149,1.2080264685765187
Quebec,2025-01-03,0.7416969139273725,1.198166419576368
Quebec,2025-01-04,0.7450860240395947,1.1246288003770917
Quebec,2025-01-05,0.7401923017658479,1.1184165921908225
Quebec,2025-01-06,0.7556319988289542,1.190909756276074
Quebec,2025-01-07,0.7492744125081922,1.231579440127329
Quebec,2025-01-08,0.7472012716880305,1.1331552068184123
Quebec,2025-01-09,0.744206008583691,1.1447381974248927
Quebec,2025-01-10,0.748614311515227,1.107990284611073
Quebec,2025-01-11,0.7448121659494311,1.0706464309233197
Quebec,2025-01-12,0.752258160679684,1.0543896258756893
Quebec,2025-01-13,0.7501964680239024,1.1156863035838733
Quebec,2025-01-14,0.7473912798240171,1.1296463421512775
Quebec,2025-01-15,0.7559805761611106,1.1038668930795126
Quebec,2025-01-16,0.7579347647026522,1.1179095052440833
Quebec,2025-01-17,0.7565751939753537,1.0724127110908261
Quebec,2025-01-18,0.7502005357710411,1.0513976964872187
Quebec,2025-01-19,0.7475722003073365,1.0585681922595567
Quebec,2025-01-20,0.7498326806692773,1.081680313278747
Quebec,2025-01-21,0.758501040943789,1.1021374045801526
Quebec,2025-01-22,0.7605185164667756,1.0666980583331025
Quebec,2025-01-23,0.7701609621926012,1.140959914066696
Quebec,2025-01-24,0.765032928483966,1.1470529834199292
Quebec,2025-01-25,0.7594238430891818,1.089988225236705
Quebec,2025-01-26,0.754126150292463,1.0881114712566595
Quebec,2025-01-27,0.7725966092836377,1.1200143729788
Quebec,2025-01-28,0.7705227535844688,1.1342773176596312
Quebec,2025-01-29,0.7796659097032447,1.1973365151456834
Quebec,2025-01-30,0.7761663702284854,1.2894148766361107
Quebec,2025-01-31,0.7703484399908904,1.3297198815759508
Quebec,2025-02-01,0.7646230261694714,1.2751377665752341
Quebec,2025-02-02,0.7659616309050387,1.215749683170913
Quebec,2025-02-03,0.7722044728434505,1.2691693290734825
Quebec,2025-02-04,0.771791987540019,1.2647226788959072
Quebec,2025-02-05,0.7695715826783788,1.2337995068577592
Quebec,2025-02-06,0.7740564552800028,1.2944489139179405
Quebec,2025-02-07,0.7714058496067863,1.2372183440841211
Quebec,2025-02-08,0.7692151243413146,1.21736156050661
Quebec,2025-02-09,0.7676818760770211,1.1996890687045778
Quebec,2025-02-10,0.7731255093724532,1.2252954360228199
Quebec,2025-02-11,0.7743001770303164,1.1280703695507857
Quebec,2025-02-12,0.7715393272477179,1.1312297667180748
Quebec,2025-02-13,0.7674320098668228,1.0943826383784525
Quebec,2025-02-14,0.7658135752803218,1.0947408322226435
Quebec,2025-02-15,0.7637985994327452,1.0574659270600637
Quebec,2025-02-16,0.7642394570876306,1.070135587002836
Quebec,2025-02-17,0.7708167800148138,1.0957915291899536
Quebec,2025-02-18,0.7655584744995018,1.0764432596120248
Quebec,2025-02-19,0.7691207467630232,1.161058416139717
Quebec,2025-02-20,0.7692436692939796,1.1701977006353999
Quebec,2025-02-21,0.7637156682341716,1.207506985619846
Quebec,2025-02-22,0.7630036807438977,1.349767531964355
Quebec,2025-02-23,0.7593256211068087,1.281464200678227
Quebec,2025-02-24,0.7656594618438465,1.3019188354653728
Quebec,2025-02-25,0.7733152757670574,1.3803997571568674
Quebec,2025-02-26,0.7660960925510566,1.3022075315783261
Quebec,2025-02-27,0.7699823228703836,1.3686398165400602
Quebec,2025-02-28,0.7629337771034213,1.3616563065929226
Quebec,2025-03-01,0.7541254538625266,1.310855139601853
Quebec,2025-03-02,0.7491183759054518,1.259364277544796
Quebec,2025-03-03,0.7632997843278218,1.3387401150251617
Quebec,2025-03-04,0.7558587004785633,1.3542355320933446
Quebec,2025-03-05,0.7529874489565849,1.5150687676929628
Quebec,2025-03-06,0.7495127392274274,1.3756721850416813
Quebec,2025-03-07,0.7567543308500134,1.3534018490261197
Quebec,2025-03-08,0.7417539911386174,1.3466957357526315
Quebec,2025-03-09,0.7342809519399944,1.2651402907676637
Quebec,2025-03-10,0.7498436392444648,1.3403660926489598
Quebec,2025-03-11,0.7547181151580719,1.4481107504908441
Quebec,2025-03-12,0.753631409412289,1.4678997589189846
Quebec,2025-03-13,0.7488532110091743,1.4597651998134038
Quebec,2025-03-14,0.7363717605004468,1.332499255287459
Quebec,2025-03-15,0.7339164237123421,1.316142965122557
Quebec,2025-03-16,0.7322448640452005,1.265470181342307
Quebec,2025-03-17,0.7446462400131785,1.4207025780413476
Quebec,2025-03-18,0.7485539370909858,1.3383998311167407
Quebec,2025-03-19,0.7511778690296088,1.3716663064620704
Quebec,2025-03-20,0.7516896735345923,1.4152500716831196
Quebec,2025-03-21,0.7501655903295248,1.443492300049677
Quebec,2025-03-22,0.7404159249772067,1.3740068597230062
Quebec,2025-03-23,0.7309871614029215,1.3469290171420374
Quebec,2025-03-24,0.7502235659839033,1.3520844866499169
Quebec,2025-03-25,0.7534667019961138,1.3274818936583643
Quebec,2025-03-26,0.7628448076986455,1.3774511419437763
Quebec,2025-03-27,0.7606706868657156,1.4659508751286954
Quebec,2025-03-28,0.7574529041325441,1.3860915159869185
Quebec,2025-03-29,0.7547751078250154,1.381980619503725
Quebec,2025-03-30,0.7480150214592275,1.3133315450643777
Quebec,2025-03-31,0.7613507224416906,1.4022403809729964
Quebec,2025-04-01,0.7574418084153984,1.390275290957923
Quebec,2025-04-02,0.7420815525008664,1.345061799699665
Quebec,2025-04-03,0.7538893407141171,1.5635543195949313
Quebec,2025-04-04,0.7535176741677698,1.5373094082463108
Quebec,2025-04-05,0.7391710813337489,1.4807053079879506
Quebec,2025-04-06,0.7336882474642983,1.3664530453650905
Quebec,2025-04-07,0.7516495601173021,1.5474706744868034
Quebec,2025-04-08,0.7471860780713658,1.5488677789308427
Quebec,2025-04-09,0.7538274733396685,1.5471703093654312
Quebec,2025-04-10,0.7585598750346426,1.537099090473911
Quebec,2025-04-11,0.7540684289910297,1.5645788679844408
Quebec,2025-04-12,0.7412021435279819,1.5224849455831169
Quebec,2025-04-13,0.7342567803515306,1.474741008031661
Quebec,2025-04-14,0.7547100786537406,1.513653348663409
Quebec,2025-04-15,0.7486121708016522,1.5254808071772474
Quebec,2025-04-16,0.7503679562657696,1.5522235071488646
Quebec,2025-04-17,0.754582560296846,1.5129251700680273
Quebec,2025-04-18,0.7540421859532451,1.5454983882021474
Quebec,2025-04-19,0.7447390796046338,1.5092996067594855
Quebec,2025-04-20,0.7349085569349887,1.427926845547991
Quebec,2025-04-21,0.7478633595567288,1.4618279710410078
Quebec,2025-04-22,0.7466019417475728,1.3932895488292405
Quebec,2025-04-23,0.7412632038557778,1.2655549397954557
Quebec,2025-04-24,0.7346434803182208,1.2222517966462603
Quebec,2025-04-25,0.7242733699921445,1.1703532200493378
Quebec,2025-04-26,0.7277460660290034,1.1418286537077034
Quebec,2025-04-27,0.722125916993267,1.1160184906039594
Quebec,2025-04-28,0.7286358120991506,1.1842607037614838
Quebec,2025-04-29,0.7334656516459266,1.2776987059791338
Quebec,2025-04-30,0.7341151917972915,1.2275593766304471
Quebec,2025-05-01,0.734515561989453,1.2119739427153344
Quebec,2025-05-02,0.7357380364995939,1.2902192733792004
Quebec,2025-05-03,0.7352261023338968,1.3456926873821877
Quebec,2025-05-04,0.7236411989583911,1.3957005928306276
Quebec,2025-05-05,0.7374064333400768,1.3218693101355452
Quebec,2025-05-06,0.7339850354028222,1.2797743593177215
Quebec,2025-05-07,0.7363254817987152,1.323152034261242
Quebec,2025-05-08,0.7405379442843419,1.344053794428434
Quebec,2025-05-09,0.7334858279462954,1.3611536548980607
Quebec,2025-05-10,0.7189346088591811,1.3070869360806199
Quebec,2025-05-11,0.7131898238747554,1.3310893672537507
Quebec,2025-05-12,0.729800654853621,1.4532213020030817
Quebec,2025-05-13,0.7342623517217551,1.4701831164344121
Quebec,2025-05-14,0.7642040019895168,1.3837663082985805
Quebec,2025-05-15,0.751207825913356,1.482092233978838
Quebec,2025-05-16,0.7465692278946167,1.523408142504204
Quebec,2025-05-17,0.731960531960532,1.4293650793650794
Quebec,2025-05-18,0.7239119035133718,1.3744504053890525
Quebec,2025-05-19,0.7327200640612488,1.420148043983516
Quebec,2025-05-20,0.7315485210753775,1.4173542122691811
Quebec,2025-05-21,0.7422925462092455,1.3513853904282116
Quebec,2025-05-22,0.7444738633784704,1.437854603222634
Quebec,2025-05-23,0.7307116320594419,1.3934855859228754
Quebec,2025-05-24,0.7236805747444045,1.4229222314328698
Quebec,2025-05-25,0.7231428316425192,1.3224645226549252
Quebec,2025-05-26,0.7368949618831693,1.3778207215569318
Quebec,2025-05-27,0.7413319933516292,1.3921379150400062
Quebec,2025-05-28,0.746980465849334,1.350159879976359
Quebec,2025-05-29,0.7349135910497203,1.452623519484984
Quebec,2025-05-30,0.7256368416281389,1.4171879249388089
Quebec,2025-05-31,0.7121314836554837,1.3931281932571637
Quebec,2025-06-01,0.7017520834700439,1.3424601351794738
Quebec,2025-06-02,0.7243020094170701,1.3910405199283773
Quebec,2025-06-03,0.7345034127315783,1.3849247806101128
Quebec,2025-06-04,0.7403709234883479,1.344250338623971
Quebec,2025-06-05,0.7486171184366976,1.4005445365408145
Quebec,2025-06-06,0.7453588836685495,1.3297612134649563
Quebec,2025-06-07,0.7425330547312602,1.2904075433267195
Quebec,2025-06-08,0.7423043528120443,1.3021411837944987
Quebec,2025-06-09,0.7524569102164084,1.327766005372666
Quebec,2025-06-10,0.76124596416682,1.280960904695786
Quebec,2025-06-11,0.7513370280008402,1.3407603690358856
Quebec,2025-06-12,0.7283942202835333,1.3859392039258451
Quebec,2025-06-13,0.7472215921977773,1.3660532028642711
Quebec,2025-06-14,0.7438807602898947,1.312472461522099
Quebec,2025-06-15,0.73453298555142,1.2706544356847689
Quebec,2025-06-16,0.7242431210239902,1.2836360849237372
Quebec,2025-06-17,0.7289407964588536,1.3291112739453574
Quebec,2025-06-18,0.7196564284750641,1.4018377778777114
Quebec,2025-06-19,0.7267249462246981,1.3828939385582704
Quebec,2025-06-20,0.7200268008532517,1.3483153749384675
Quebec,2025-06-21,0.7222024282621208,1.319839942993395
Quebec,2025-06-22,0.7205915085415392,1.2549385120471872
Quebec,2025-06-23,0.7211109274260208,1.2658015098914421
Quebec,2025-06-24,0.7187706828580472,1.2378348824494259
Quebec,2025-06-25,0.7370210898719249,1.2661190796149522
Quebec,2025-06-26,0.7216429438375814,1.312851704733532
Quebec,2025-06-27,0.7283459440690963,1.308676089755646
Quebec,2025-06-28,0.7207144678319499,1.3075016289413297
Quebec,2025-06-29,0.7220652563642883,1.2705055575475082
Quebec,2025-06-30,0.7368563612232184,1.312373032855711
Quebec,2025-07-01,0.731558999886865,1.308618056341215
Quebec,2025-07-02,0.735316583462913,1.3160924243664238
Quebec,2025-07-03,0.7308562065837045,1.342387845468456
Quebec,2025-07-04,0.735675088442575,1.335441098637845
Quebec,2025-07-05,0.7255036766903808,1.2852274765349434
Quebec,2025-07-06,0.7216960826517435,1.2381926080806838
Quebec,2025-07-07,0.7347343107382459,1.3230628390287893
Quebec,2025-07-08,0.7251441253332283,1.3268329196706456
Quebec,2025-07-09,0.7424309134702546,1.3476729429437206
Quebec,2025-07-10,0.7484576016828496,1.3992534920410964
Quebec,2025-07-11,0.7481517599462331,1.3351738861141493
Quebec,2025-07-12,0.7433400171870524,1.278372959037525
Quebec,2025-07-13,0.736005575903351,1.2540725960750014
Quebec,2025-07-14,0.750232991612302,1.2831773672586142
Quebec,2025-07-15,0.7491565868509833,1.321319838722949
Quebec,2025-07-16,0.7688505069700869,1.3504769006867852
Quebec,2025-07-17,0.7684868184421917,1.3703757976207922
Quebec,2025-07-18,0.7474549146707191,1.3719253889912453
Quebec,2025-07-19,0.7255229178746694,1.3837276725735055
Quebec,2025-07-20,0.7281879194630873,1.3215652559764823
Quebec,2025-07-21,0.7496698380184891,1.3637172196318357
Quebec,2025-07-22,0.7515673017824216,1.3629584101618522
Quebec,2025-07-23,0.7552230144254685,1.3244763168076052
Quebec,2025-07-24,0.7522974043848796,1.3180636460954553
Quebec,2025-07-25,0.7522036805331009,1.3536995121676907
Quebec,2025-07-26,0.7526564344746163,1.3602528292107006
Quebec,2025-07-27,0.7542886606558062,1.3084073077941443
Quebec,2025-07-28,0.7539029049469732,1.3440089585666293
Quebec,2025-07-29,0.7566540909857,1.3494742846771162
Quebec,2025-07-30,0.7558601083516602,1.3354610309499544
Quebec,2025-07-31,0.7487069934787497,1.3721110361542113
Quebec,2025-08-01,0.7476169100367035,1.3021045126878086
Quebec,2025-08-02,0.7548001972044931,1.3437620754440431
Quebec,2025-08-03,0.7533390092055553,1.2954025435002394
Quebec,2025-08-04,0.7592003134105433,1.3429274503562596
Quebec,2025-08-05,0.7687288226912992,1.3385256402581387
Quebec,2025-08-06,0.7626717775149859,1.3342984137340457
Quebec,2025-08-07,0.7680763222494978,1.3516235215353716
Quebec,2025-08-08,0.755586592178771,1.3659776536312849
Quebec,2025-08-09,0.7524491493170573,1.3616706369902598
Quebec,2025-08-10,0.7511965497291327,1.3540077841476885
Quebec,2025-08-11,0.754061142760449,1.389263353827063
Quebec,2025-08-12,0.7612157465039204,1.3606822407242745
Quebec,2025-08-13,0.760767472038559,1.4178767842797997
Quebec,2025-08-14,0.7578827158662831,1.3951739684987987
Quebec,2025-08-15,0.7570730216926367,1.4684998472349526
Quebec,2025-08-16,0.7509398803491452,1.5009153617313413
Quebec,2025-08-17,0.7480874727586985,1.4491470654542722
Quebec,2025-08-18,0.7641042373001574,1.4678478714198573
Quebec,2025-08-19,0.7667541278285954,1.5165765478451212
Quebec,2025-08-20,0.7648397104446742,1.4967055695080513
Quebec,2025-08-21,0.7601584207052178,1.4718235267027924
Quebec,2025-08-22,0.767032346937082,1.5509435214844074
Quebec,2025-08-23,0.7561786782205406,1.4217519985354243
Quebec,2025-08-24,0.7511458969111645,1.2967005349513518
Quebec,2025-08-25,0.7463658963714073,1.3058647758306086
Quebec,2025-08-26,0.7486224229228826,1.3038733435475633
Quebec,2025-08-27,0.7439905317716198,1.315934103307078
Quebec,2025-08-28,0.7454644919976591,1.2954504974428132
Quebec,2025-08-29,0.7472524673670805,1.2717351162050303
Quebec,2025-08-30,0.7347147787536126,1.2482392884199893
Quebec,2025-08-31,0.7354013882897369,1.2087271396263906
Quebec,2025-09-01,0.7378269239799032,1.2092548246231865
Quebec,2025-09-02,0.7395792312557429,1.2311006097924797
Quebec,2025-09-03,0.7300583973883752,1.2178911909685644
Quebec,2025-09-04,0.7355995737961667,1.1886850584746524
Quebec,2025-09-05,0.7328175320084832,1.157777603225722
Quebec,2025-09-06,0.736627768181882,1.1823735097105785
Quebec,2025-09-07,0.7253725305104174,1.0791720045849909
Quebec,2025-09-08,0.7248222166006127,1.1253759451330916
Quebec,2025-09-09,0.7318237958007411,1.109715932482503
Quebec,2025-09-10,0.7339231177322455,1.1544814533358188
Quebec,2025-09-11,0.7405585086910044,1.2417226786158826
Quebec,2025-09-12,0.7404224004709692,1.2429906542056075
Quebec,2025-09-13,0.7216523202381723,1.227638987767782
Quebec,2025-09-14,0.7207094862239958,1.174686775622781
Quebec,2025-09-15,0.735669488180343,1.2377234916597226
Quebec,2025-09-16,0.7378894839337877,1.2425298198636807
Quebec,2025-09-17,0.7303402736090487,1.208176676882247
Quebec,2025-09-18,0.73298130011584,1.2323569677002
Quebec,2025-09-19,0.7295133143945306,1.2224424811912715
Quebec,2025-09-20,0.7259462442381355,1.1974939946763616
Quebec,2025-09-21,0.7228205991248737,1.1923258162234938
Quebec,2025-09-22,0.7195491980927612,1.2569224100563503
Quebec,2025-09-23,0.7335509200132444,1.2382574145026253
Quebec,2025-09-24,0.7313795165886782,1.2151602575379095
Quebec,2025-09-25,0.7359077692189971,1.2291145913040522
Quebec,2025-09-26,0.7138598139926764,1.3895135940892447
Toronto,2023-02-28,0.44836091433160297,0.567649926864944
Toronto,2023-03-01,0.4655145427755679,0.7827731931498643
Toronto,2023-03-02,0.46485607021940933,0.8397632674982493
Toronto,2023-03-03,0.459967689822294,0.8111039310716209
Toronto,2023-03-04,0.45401943967981706,0.798210405946255
Toronto,2023-03-05,0.4584089556139561,0.7333981870011954
Toronto,2023-03-06,0.4710489912509207,0.7604243393277401
Toronto,2023-03-07,0.5256194526627219,0.8100314349112426
Toronto,2023-03-08,0.5174417188968594,0.8159013543325493
Toronto,2023-03-09,0.46245639360038493,0.8011933116805005
Toronto,2023-03-10,0.46681658022016503,0.7704024686494649
Toronto,2023-03-11,0.475617370336082,0.7612870583676018
Toronto,2023-03-12,0.4733027039537506,0.7437276250412413
Toronto,2023-03-13,0.470855776208338,0.7450250917304606
Toronto,2023-03-14,0.48804056817759267,0.8000641430855613
Toronto,2023-03-15,0.47041655611568056,0.7453609196398113
Toronto,2023-03-16,0.4457831325301205,0.7978206190556505
Toronto,2023-03-17,0.44458167053901554,0.8217613140770816
Toronto,2023-03-18,0.43577313451538124,0.8042024309253806
Toronto,2023-03-19,0.43090470622624966,0.7573297281496638
Toronto,2023-03-20,0.44324845863812723,0.8184648651607738
Toronto,2023-03-21,0.44387824803956394,0.8349818301046477
Toronto,2023-03-22,0.44380998848830916,0.815934924640355
Toronto,2023-03-23,0.43798632321888664,0.8028683787396439
Toronto,2023-03-24,0.44297455309109296,0.8617790798667375
Toronto,2023-03-25,0.4351313583007267,0.8664267747344886
Toronto,2023-03-26,0.4521999213875104,0.7719685058713703
Toronto,2023-03-27,0.46854066557153895,0.8359099538920531
Toronto,2023-03-28,0.4686696264144447,0.8095970952040609
Toronto,2023-03-29,0.45683868319149645,0.7773364252665683
Toronto,2023-03-30,0.460012010337469,0.8355763353457798
Toronto,2023-03-31,0.4591473727182597,0.7740246107190762
Toronto,2023-04-01,0.4560801344914542,0.8214740569041493
Toronto,2023-04-02,0.46454542350892764,0.8095234030931002
Toronto,2023-04-03,0.4869582112267863,0.8230736848922494
Toronto,2023-04-04,0.4817446398491602,0.8115403545012789
Toronto,2023-04-05,0.45661586205170557,0.7639024451285131
Toronto,2023-04-06,0.4633137952689973,0.8184820784778918
Toronto,2023-04-07,0.4629883715876849,0.868927367434237
Toronto,2023-04-08,0.46215584904407125,0.8050558501511109
Toronto,2023-04-09,0.4505237949435745,0.7548606858542559
Toronto,2023-04-10,0.4562624641006127,0.794830488231667
Toronto,2023-04-11,0.45270944946905545,0.762692743437602
Toronto,2023-04-12,0.44316906583422105,0.7855332190239651
Toronto,2023-04-13,0.4530600592226693,0.8539085633855183
Toronto,2023-04-14,0.4574233421434391,0.9214575756973563
Toronto,2023-04-15,0.4487005701017622,0.90162988137473
Toronto,2023-04-16,0.44732728356627144,0.8640657084188912
Toronto,2023-04-17,0.46377656817003626,0.9243275156961005
Toronto,2023-04-18,0.46388070027674166,0.9276410780892793
Toronto,2023-04-19,0.4669818951035899,0.7440863560007466
Toronto,2023-04-20,0.49801650717253565,0.8694842918648593
Toronto,2023-04-21,0.4847596717467761,0.882856258955321
Toronto,2023-04-22,0.4789914077891725,0.8473178368903238
Toronto,2023-04-23,0.4723884597193757,0.7751474065899416
Toronto,2023-04-24,0.48332367181312713,0.8383763747254631
Toronto,2023-04-25,0.48758599419137616,0.9087454914626937
Toronto,2023-04-26,0.49230957479351484,0.8939084327521158
Toronto,2023-04-27,0.49544371836459655,0.8977755316314857
Toronto,2023-04-28,0.4905754747397922,0.8930523061151941
Toronto,2023-04-29,0.463683979668189,0.7640868561992488
Toronto,2023-04-30,0.4701121967866172,0.7859659997074944
Toronto,2023-05-01,0.4747368770143116,0.8539897313447236
Toronto,2023-05-02,0.48133155538622724,0.8918081483950853
Toronto,2023-05-03,0.47783848432955506,0.8543776672374894
Toronto,2023-05-04,0.488087814864054,0.9089791404402509
Toronto,2023-05-05,0.48907910520298115,0.942761869713374
Toronto,2023-05-06,0.4832687455067781,0.9205755906707109
Toronto,2023-05-07,0.4780894745772298,0.8797042022510039
Toronto,2023-05-08,0.4868137432588358,0.9143882523194585
Toronto,2023-05-09,0.49318583123762644,0.9190753919417839
Toronto,2023-05-10,0.4891310792104985,0.9195573553710487
Toronto,2023-05-11,0.4890360516111388,0.9243170119455758
Toronto,2023-05-12,0.48867054585487874,0.9374840160071316
Toronto,2023-05-13,0.4794645360246706,0.8989165083221713
Toronto,2023-05-14,0.4685254931890959,0.8753021077024329
Toronto,2023-05-15,0.47732361994112826,0.9147327249022165
Toronto,2023-05-16,0.4842835639260736,0.9298547140991914
Toronto,2023-05-17,0.4768099783261087,0.9226278551183728
Toronto,2023-05-18,0.47554654623832493,0.9273144821923432
Toronto,2023-05-19,0.4720422132167816,0.9413511411786747
Toronto,2023-05-20,0.4627272046473313,0.9167888053234624
Toronto,2023-05-21,0.45951899533788837,0.8674335169922766
Toronto,2023-05-22,0.46711550932663387,0.86103749546817
Toronto,2023-05-23,0.4761213814406115,0.8784759197184588
Toronto,2023-05-24,0.47554877552881336,0.8906170289846144
Toronto,2023-05-25,0.47297879064628434,0.907624965472277
Toronto,2023-05-26,0.4665878551245567,0.8880741668704172
Toronto,2023-05-27,0.46219708423188005,0.8992629998286046
Toronto,2023-05-28,0.45437023184094893,0.8154987797159355
Toronto,2023-05-29,0.4699054694882979,0.8660283279365899
Toronto,2023-05-30,0.4654957116098715,0.839922009354496
Toronto,2023-05-31,0.4631809802802679,0.8471043628493816
Toronto,2023-06-01,0.46388112635470513,0.8611979723293144
Toronto,2023-06-02,0.46608937124641586,0.896086824354856
Toronto,2023-06-03,0.4568950543990478,0.8580955065617695
Toronto,2023-06-04,0.44933499825763734,0.8093768149610873
Toronto,2023-06-05,0.4596613957590533,0.8662771323122255
Toronto,2023-06-06,0.4630517893789335,0.8984734448877159
Toronto,2023-06-07,0.46352400070759975,0.9034408320963156
Toronto,2023-06-08,0.46254103734106533,0.8980926543483387
Toronto,2023-06-09,0.46015257683888766,0.8955923685676169
Toronto,2023-06-10,0.4551276647312349,0.8848277606246773
Toronto,2023-06-11,0.45149292868016205,0.8147821625283831
Toronto,2023-06-12,0.4590317067421028,0.8326143328618576
Toronto,2023-06-13,0.46187455460928284,0.8342445589317632
Toronto,2023-06-14,0.46152021783444463,0.864006580665692
Toronto,2023-06-15,0.4649338957239025,0.8601301916629398
Toronto,2023-06-16,0.4655243002766818,0.863896545519502
Toronto,2023-06-17,0.4679052425187233,0.8592084257443776
Toronto,2023-06-18,0.4653807845951185,0.8372173968920352
Toronto,2023-06-19,0.47789308657485363,0.8529716062351208
Toronto,2023-06-20,0.47973122711840366,0.8743805902011365
Toronto,2023-06-21,0.48004908736987617,0.8999802522075211
Toronto,2023-06-22,0.47827296345540826,0.9158957013234827
Toronto,2023-06-23,0.47716920554682696,0.8934326115171801
Toronto,2023-06-24,0.47582845398398227,0.8827791324335658
Toronto,2023-06-25,0.485150416757145,0.9053874978424397
Toronto,2023-06-26,0.4895285122105587,0.9122025761057355
Toronto,2023-06-27,0.4772332572163461,0.8574401401497699
Toronto,2023-06-28,0.48031341614050715,0.9093229638818646
Toronto,2023-06-29,0.4784770079705702,0.9170079705702023
Toronto,2023-06-30,0.47796592671880983,0.9101820483633034
Toronto,2023-07-01,0.4687934236870905,0.8984118939480433
Toronto,2023-07-02,0.46367591360425836,0.8535085474460027
Toronto,2023-07-03,0.47164750104551,0.8932119799361063
Toronto,2023-07-04,0.4863412905025336,0.9510802612616801
Toronto,2023-07-05,0.48725311429593904,0.9399635316371568
Toronto,2023-07-06,0.47731845477620255,0.9269485544480901
Toronto,2023-07-07,0.47438722662869237,0.9306146694351851
Toronto,2023-07-08,0.47080169985197917,0.9271647381517027
Toronto,2023-07-09,0.4716173865649271,0.8810682654312577
Toronto,2023-07-10,0.4809464657275968,0.9163170545603221
Toronto,2023-07-11,0.4849993309977418,0.924329018041216
Toronto,2023-07-12,0.4837671688081524,0.9158949933540097
Toronto,2023-07-13,0.4853640787089225,0.9328234471540076
Toronto,2023-07-14,0.48609611381371687,0.9336893722656989
Toronto,2023-07-15,0.48749355812412576,0.9486858573216521
Toronto,2023-07-16,0.4817436361667328,0.9027077010227118
Toronto,2023-07-17,0.48186698642200737,0.8921124251817282
Toronto,2023-07-18,0.48158990758140197,0.9845229068451302
Toronto,2023-07-19,0.4722748121017668,0.8251499548808323
Toronto,2023-07-20,0.46723103189590504,0.8438553603918221
Toronto,2023-07-21,0.46455236092141605,0.8722733004900314
Toronto,2023-07-22,0.4588639320336288,0.8406431998657086
Toronto,2023-07-23,0.4555690519966989,0.8046379081843746
Toronto,2023-07-24,0.46786223647992714,0.8915657596688945
Toronto,2023-07-25,0.46938992176084876,0.8648701172507611
Toronto,2023-07-26,0.4768120219593028,0.8545676867679178
Toronto,2023-07-27,0.4740928272946943,0.8503276905389683
Toronto,2023-07-28,0.46986773333545395,0.8442621158292561
Toronto,2023-07-29,0.46578458074384066,0.8284121126659123
Toronto,2023-07-30,0.4693475695579851,0.8039971849808778
Toronto,2023-07-31,0.47382891760101126,0.8442375936702977
Toronto,2023-08-01,0.478387022997177,0.8776954350415943
Toronto,2023-08-02,0.47489747471711036,0.825010156880535
Toronto,2023-08-03,0.47633810342632654,0.840056947056809
Toronto,2023-08-04,0.47559073346304576,0.8417435111642699
Toronto,2023-08-05,0.4678961305380823,0.8179018871084224
Toronto,2023-08-06,0.46453243745055733,0.7786269322048031
Toronto,2023-08-07,0.47058010413306917,0.8077850988342625
Toronto,2023-08-08,0.47418751901705375,0.8516144573076199
Toronto,2023-08-09,0.46921931470636,0.8442386376310779
Toronto,2023-08-10,0.4674222984018785,0.8336606196312332
Toronto,2023-08-11,0.47834198183335414,0.8887820482077942
Toronto,2023-08-12,0.47689506230655127,0.8340866171060398
Toronto,2023-08-13,0.47879290559349186,0.8080010907479577
Toronto,2023-08-14,0.4775555390210522,0.8139462523420748
Toronto,2023-08-15,0.4848441845343116,0.8713254216538276
Toronto,2023-08-16,0.4782167050481993,0.8467063263379533
Toronto,2023-08-17,0.4717239983057575,0.8679583045853768
Toronto,2023-08-18,0.47043875736709967,0.8692071131143914
Toronto,2023-08-19,0.46783402712501676,0.8699637437894454
Toronto,2023-08-20,0.46180669745142433,0.8040855486490673
Toronto,2023-08-21,0.4761363249794677,0.8922040306551394
Toronto,2023-08-22,0.47021563114236875,0.8638252708384205
Toronto,2023-08-23,0.4701053893837945,0.863503061836299
Toronto,2023-08-24,0.46800413746256214,0.8358317637735305
Toronto,2023-08-25,0.4630538510766451,0.8596738066556242
Toronto,2023-08-26,0.45985162693488013,0.8638398709538875
Toronto,2023-08-27,0.45986174222897275,0.8233881452385563
Toronto,2023-08-28,0.4634986032159573,0.8530098478143738
Toronto,2023-08-29,0.4662734892842663,0.8410860935894172
Toronto,2023-08-30,0.463589084910531,0.7919962726505736
Toronto,2023-08-31,0.4692767478834507,0.853314103561287
Toronto,2023-09-01,0.456825893837533,0.7828932920565879
Toronto,2023-09-02,0.4560126402306496,0.7959611594790603
Toronto,2023-09-03,0.4512025219911527,0.7644353485534143
Toronto,2023-09-04,0.4587867708496858,0.8011702865708223
Toronto,2023-09-05,0.4598279550403163,0.7928520494432507
Toronto,2023-09-06,0.4601450952642334,0.8129942045662463
Toronto,2023-09-07,0.45934200375241374,0.8096494551696118
Toronto,2023-09-08,0.46049198755653153,0.7700023527566465
Toronto,2023-09-09,0.45863915331462385,0.7881751597000684
Toronto,2023-09-10,0.45655425991276327,0.7466080704907613
Toronto,2023-09-11,0.4677306299605452,0.777440060238198
Toronto,2023-09-12,0.4631120111699611,0.7737448217768085
Toronto,2023-09-13,0.4661110015124614,0.757447228250148
Toronto,2023-09-14,0.45918587709986586,0.8075560192352732
Toronto,2023-09-15,0.4524237524729606,0.7811618144752303
Toronto,2023-09-16,0.45459243417978307,0.7965387004733449
Toronto,2023-09-17,0.4528388929269738,0.790327728590625
Toronto,2023-09-18,0.4592544198821365,0.7844404149222688
Toronto,2023-09-19,0.4607185145095755,0.831992219801594
Toronto,2023-09-20,0.4609304832045985,0.7791677956967968
Toronto,2023-09-21,0.4619799465206885,0.8182713405935244
Toronto,2023-09-22,0.47037110157881196,0.8518375600504933
Toronto,2023-09-23,0.46234671143176304,0.8179206448148811
Toronto,2023-09-24,0.4593385975937412,0.7969707733362478
Toronto,2023-09-25,0.4629153946501338,0.825148943609882
Toronto,2023-09-26,0.45924851940137124,0.8038925613741921
Toronto,2023-09-27,0.46426138114502674,0.8278812962758785
Toronto,2023-09-28,0.4599362062495563,0.8016790231138247
Toronto,2023-09-29,0.45937197268624624,0.781957275660463
Toronto,2023-09-30,0.45965719342105615,0.7825675578429465
Toronto,2023-10-01,0.46231711985619256,0.7926359707280808
Toronto,2023-10-02,0.4582130617367379,0.7734276198291259
Toronto,2023-10-03,0.4687525029501439,0.8493317456842465
Toronto,2023-10-04,0.4661799347447584,0.8362937168663829
Toronto,2023-10-05,0.468199669846188,0.8288442963449281
Toronto,2023-10-06,0.4705772123698032,0.8231691764742626
Toronto,2023-10-07,0.4668537147694011,0.8155208490563246
Toronto,2023-10-08,0.461344449104547,0.7970087847688827
Toronto,2023-10-09,0.4649570690785441,0.8284575247698892
Toronto,2023-10-10,0.4615118032156553,0.8164986997743577
Toronto,2023-10-11,0.4634766783857741,0.8407249315893413
Toronto,2023-10-12,0.468716420630093,0.8830118199382072
Toronto,2023-10-13,0.4652056869313345,0.8688186129813273
Toronto,2023-10-14,0.46000267799883016,0.780312480179285
Toronto,2023-10-15,0.47091065681519423,0.7821313630388468
Toronto,2023-10-16,0.4777630577949853,0.8064836785178969
Toronto,2023-10-17,0.4798049195226085,0.7943420636421605
Toronto,2023-10-18,0.4821974025974026,0.7875030303030303
Toronto,2023-10-19,0.48414593787175425,0.7749304567937675
Toronto,2023-10-20,0.47257554003785157,0.7585867649938002
Toronto,2023-10-21,0.467725908255229,0.7452747876727269
Toronto,2023-10-22,0.46445466609722136,0.7295478309532809
Toronto,2023-10-23,0.46881528240237824,0.7520631894706876
Toronto,2023-10-24,0.4763577723585794,0.7584416685672848
Toronto,2023-10-25,0.4782745150219186,0.7982956887462523
Toronto,2023-10-26,0.47700883554502943,0.7878686928221817
Toronto,2023-10-27,0.4738007760927871,0.7925535803623008
Toronto,2023-10-28,0.4631799700653683,0.7229964075555356
Toronto,2023-10-29,0.4606879564259571,0.7262866658571702
Toronto,2023-10-30,0.4680583659875888,0.7887576426205013
Toronto,2023-10-31,0.4720920270658055,0.7867153806804713
Toronto,2023-11-01,0.46996593622699817,0.7770973802500352
Toronto,2023-11-02,0.4705199041946157,0.7914748974590242
Toronto,2023-11-03,0.4539298270451382,0.7536353125650216
Toronto,2023-11-04,0.45184184651444576,0.7577482693892955
Toronto,2023-11-05,0.4572250292299983,0.7464663019876399
Toronto,2023-11-06,0.4706740719999307,0.738800347558001
Toronto,2023-11-07,0.47755681650439,0.735002450387043
Toronto,2023-11-08,0.4771102007081257,0.7520860812433681
Toronto,2023-11-09,0.47562901623262616,0.7570522722369973
Toronto,2023-11-10,0.47462696069217664,0.7585127539729217
Toronto,2023-11-11,0.4614505220742524,0.6744894205769987
Toronto,2023-11-12,0.4588132760871299,0.7314862548804852
Toronto,2023-11-13,0.47435380947647277,0.7512255863717935
Toronto,2023-11-14,0.47457673732962236,0.7375643098902469
Toronto,2023-11-15,0.4733390244177607,0.7199309548611764
Toronto,2023-11-16,0.4770554458140673,0.7192083163203372
Toronto,2023-11-17,0.4717679933482416,0.7179457000861843
Toronto,2023-11-18,0.46809872433338395,0.7143156433976516
Toronto,2023-11-19,0.46395818896909297,0.693511020144594
Toronto,2023-11-20,0.47319674380977145,0.7222306492155673
Toronto,2023-11-21,0.47273340112877493,0.7512328620209553
Toronto,2023-11-22,0.4733720532443621,0.7455709777482232
Toronto,2023-11-23,0.4753820092117276,0.7455727012217785
Toronto,2023-11-24,0.4715037557847324,0.7351296329355543
Toronto,2023-11-25,0.47174582558471334,0.7400222373094824
Toronto,2023-11-26,0.4673599627730736,0.7106001179960613
Toronto,2023-11-27,0.47835860070967057,0.7363897583252091
Toronto,2023-11-28,0.4784239221479372,0.7425643056211261
Toronto,2023-11-29,0.4807900721717938,0.7416524789717555
Toronto,2023-11-30,0.4852995426039772,0.7456209373620043
Toronto,2023-12-01,0.48436456534374306,0.7426852278991378
Toronto,2023-12-02,0.48141705544346136,0.7253743608765305
Toronto,2023-12-03,0.47588582862967926,0.7064259150888188
Toronto,2023-12-04,0.4722611023183167,0.7112658920226362
Toronto,2023-12-05,0.46859699542274474,0.7025328516261506
Toronto,2023-12-06,0.4696958330872694,0.6902036770726429
Toronto,2023-12-07,0.4724953435518874,0.7240170195314503
Toronto,2023-12-08,0.47383876040212725,0.7298450502659057
Toronto,2023-12-09,0.47263827633837163,0.7144609145246658
Toronto,2023-12-10,0.473826840476012,0.6992898381516511
Toronto,2023-12-11,0.4771962452058275,0.7181812996593308
Toronto,2023-12-12,0.4796884567707633,0.7236304643278522
Toronto,2023-12-13,0.48260219280355005,0.7236710829991506
Toronto,2023-12-14,0.47889460123678845,0.7135922742334613
Toronto,2023-12-15,0.47323841214359297,0.6894046361299538
Toronto,2023-12-16,0.4739740705798312,0.6929237973774739
Toronto,2023-12-17,0.4743140013176873,0.6749862988221933
Toronto,2023-12-18,0.47955299246493177,0.6804495950194845
Toronto,2023-12-19,0.46677937485430543,0.6456096992411434
Toronto,2023-12-20,0.4735532047293093,0.7088080881774421
Toronto,2023-12-21,0.47812016137109603,0.7187286033059073
Toronto,2023-12-22,0.4687722578725936,0.6967472695593048
Toronto,2023-12-23,0.4641122132437243,0.6623893515856594
Toronto,2023-12-24,0.47437053699321996,0.6831764759974677
Toronto,2023-12-25,0.4796984015212592,0.6930488796361496
Toronto,2023-12-26,0.48460887574166384,0.6939517078313562
Toronto,2023-12-27,0.4792030223317555,0.709130083490439
Toronto,2023-12-28,0.480947826764371,0.7072964958719877
Toronto,2023-12-29,0.4796521467935967,0.7293773556918841
Toronto,2023-12-30,0.48072214075004827,0.718066388720488
Toronto,2023-12-31,0.4801978399445123,0.6880685008422235
Toronto,2024-01-01,0.4748844106504589,0.7269004209575848
Toronto,2024-01-02,0.47461012046256557,0.7029097836495002
Toronto,2024-01-03,0.4748950442337236,0.7342119378079144
Toronto,2024-01-04,0.48105219530691967,0.7621890459519758
Toronto,2024-01-05,0.4833918444504456,0.7530722837339094
Toronto,2024-01-06,0.4800844174044946,0.7270960083098382
Toronto,2024-01-07,0.4775986678778803,0.695885332767107
Toronto,2024-01-08,0.4771304789874336,0.7264286570025159
Toronto,2024-01-09,0.4750884355353831,0.7263520119454633
Toronto,2024-01-10,0.4758617413961568,0.7191645858213006
Toronto,2024-01-11,0.4775145482097336,0.7289231196149859
Toronto,2024-01-12,0.46920506877765406,0.7194669355566926
Toronto,2024-01-13,0.4680727869098739,0.7000435043879966
Toronto,2024-01-14,0.47494260808026023,0.696119392595536
Toronto,2024-01-15,0.4781750615406505,0.7100131113331182
Toronto,2024-01-16,0.4827044047428501,0.7144006493019013
Toronto,2024-01-17,0.4900588956604165,0.7286769088574557
Toronto,2024-01-18,0.4877352851050149,0.7321668081600667
Toronto,2024-01-19,0.4746797947684175,0.7039663094236038
Toronto,2024-01-20,0.47894907143164644,0.7093934482916647
Toronto,2024-01-21,0.487977659315502,0.7275861503072938
Toronto,2024-01-22,0.48780323313797824,0.7574269778859837
Toronto,2024-01-23,0.4878303047109906,0.7550513415038093
Toronto,2024-01-24,0.4884059539510113,0.7035382416011436
Toronto,2024-01-25,0.4896548419475731,0.713590188492714
Toronto,2024-01-26,0.4817138371071065,0.7133100528020111
Toronto,2024-01-27,0.4830031560896516,0.7017768851463612
Toronto,2024-01-28,0.47698684585581114,0.6727431563611794
Toronto,2024-01-29,0.4858967430179142,0.7017877106812269
Toronto,2024-01-30,0.4892599365251641,0.7466519838411946
Toronto,2024-01-31,0.488442492381568,0.7276251846892603
Toronto,2024-02-01,0.4903593333063658,0.7199987167165799
Toronto,2024-02-02,0.49098513203028454,0.6891942510123845
Toronto,2024-02-03,0.48703029096190786,0.683053284449234
Toronto,2024-02-04,0.48686510134961475,0.6755712874171126
Toronto,2024-02-05,0.49495141880690385,0.7052870609317073
Toronto,2024-02-06,0.4920623828306109,0.6866989645417712
Toronto,2024-02-07,0.4831508418420761,0.6166668719439347
Toronto,2024-02-08,0.4898478833898476,0.6651452908648251
Toronto,2024-02-09,0.4819144293040481,0.6728904179048915
Toronto,2024-02-10,0.4765993044268613,0.6721905343582159
Toronto,2024-02-11,0.4873188351267966,0.6652088193242531
Toronto,2024-02-12,0.494656715933707,0.6677726313554261
Toronto,2024-02-13,0.498002313967803,0.6909964134980467
Toronto,2024-02-14,0.4994928644500162,0.6975871407304789
Toronto,2024-02-15,0.4817569812585872,0.6921047196271474
Toronto,2024-02-16,0.48418596158262117,0.6779978475644002
Toronto,2024-02-17,0.4804038488388328,0.6684114231861126
Toronto,2024-02-18,0.48123297229308776,0.6421338762603017
Toronto,2024-02-19,0.47999213794143303,0.6794003295602632
Toronto,2024-02-20,0.4757977732166573,0.6704365902183214
Toronto,2024-02-21,0.47877548416931776,0.6904452470745197
Toronto,2024-02-22,0.4860586717625416,0.6952767692886828
Toronto,2024-02-23,0.4776688367265309,0.6602563643062666
Toronto,2024-02-24,0.47234853814334354,0.659748994006247
Toronto,2024-02-25,0.4774206340985567,0.6470181741773381
Toronto,2024-02-26,0.4829877939328666,0.677535451444983
Toronto,2024-02-27,0.47832714270738597,0.6576045535807884
Toronto,2024-02-28,0.4855746418024204,0.6763391326907128
Toronto,2024-02-29,0.4830372786542656,0.6751635882542243
Toronto,2024-03-01,0.4816074922223291,0.6689399916610539
Toronto,2024-03-02,0.47521938076779424,0.6714233555710055
Toronto,2024-03-03,0.4776327167056489,0.6595378836203841
Toronto,2024-03-04,0.48266970145592686,0.6631657849093112
Toronto,2024-03-05,0.48886061521742014,0.6776880972260878
Toronto,2024-03-06,0.489814513663279,0.6918602597320334
Toronto,2024-03-07,0.4862636173720095,0.692934244502234
Toronto,2024-03-08,0.48261255849205387,0.6906997467841858
Toronto,2024-03-09,0.4808012736930235,0.7000837233560713
Toronto,2024-03-10,0.482827745979831,0.6852166802943581
Toronto,2024-03-11,0.48710636226202375,0.6968637097394111
Toronto,2024-03-12,0.4916286170779336,0.7308318835434049
Toronto,2024-03-13,0.48778844582157754,0.7156100091677268
Toronto,2024-03-14,0.4864274555122153,0.7643663943120702
Toronto,2024-03-15,0.48690783079768274,0.7007369363910151
Toronto,2024-03-16,0.48212153876467656,0.5934760519412281
Toronto,2024-03-17,0.48479017790124634,0.6439941178464603
Toronto,2024-03-18,0.48673853476039836,0.6801130935696266
Toronto,2024-03-19,0.48603805774673786,0.7003532684870644
Toronto,2024-03-20,0.490745029587626,0.671080838172507
Toronto,2024-03-21,0.5040383640315012,0.682578270511492
Toronto,2024-03-22,0.5103657143045048,0.6962925451367709
Toronto,2024-03-23,0.49747735449771746,0.6847584879904239
Toronto,2024-03-24,0.4813123983119257,0.671101556324214
Toronto,2024-03-25,0.4904974717135577,0.6553872965158497
Toronto,2024-03-26,0.5116076825342001,0.6993860017022956
Toronto,2024-03-27,0.512501673719141,0.7122009689018951
Toronto,2024-03-28,0.5220843997115194,0.7145717786869028
Toronto,2024-03-29,0.5181904194318461,0.685766186190433
Toronto,2024-03-30,0.5072343271814149,0.6897777761170047
Toronto,2024-03-31,0.4985296672082069,0.663625867230686
Toronto,2024-04-01,0.5004791788465666,0.6728762571506804
Toronto,2024-04-02,0.5054272538879451,0.663646547056737
Toronto,2024-04-03,0.5172540625909148,0.7042745521798761
Toronto,2024-04-04,0.5174474125133476,0.7254295114984938
Toronto,2024-04-05,0.5125769999919687,0.7222539011990716
Toronto,2024-04-06,0.5058834368981238,0.6893180316133959
Toronto,2024-04-07,0.5100374449219732,0.6903389931637253
Toronto,2024-04-08,0.5010249460157347,0.7063086087915075
Toronto,2024-04-09,0.5060373196031961,0.7154274370717388
Toronto,2024-04-10,0.5055507966421107,0.7087564007385834
Toronto,2024-04-11,0.4959720810665391,0.6842679500209242
Toronto,2024-04-12,0.48122514412553563,0.6205798933316892
Toronto,2024-04-13,0.4739541025374934,0.5697247082651933
Toronto,2024-04-14,0.5039962339374725,0.6921098073850653
Toronto,2024-04-15,0.50228459078133,0.7234168247418874
Toronto,2024-04-16,0.5063618771165941,0.6876856090208775
Toronto,2024-04-17,0.5047279889560087,0.7347560385836257
Toronto,2024-04-18,0.5026219958804576,0.7146305650787974
Toronto,2024-04-19,0.5126334909544935,0.739926746008554
Toronto,2024-04-20,0.4967044522359365,0.7115960206379521
Toronto,2024-04-21,0.49098493740773713,0.712200340604734
Toronto,2024-04-22,0.49911793924919473,0.7519251803759044
Toronto,2024-04-23,0.5033990104292618,0.7408403290380282
Toronto,2024-04-24,0.49224966898931405,0.7456691574464508
Toronto,2024-04-25,0.4941330424473811,0.7468761954541495
Toronto,2024-04-26,0.4944444016514666,0.7298015004929751
Toronto,2024-04-27,0.49228627363883887,0.7411140998116296
Toronto,2024-04-28,0.48037844576014654,0.7104606531824315
Toronto,2024-04-29,0.49237222576287765,0.7222415956197417
Toronto,2024-04-30,0.5081751315214171,0.7318426397370982
Toronto,2024-05-01,0.49818108446533377,0.7481271796819519
Toronto,2024-05-02,0.510869788267934,0.7449262693048014
Toronto,2024-05-03,0.5064406311364601,0.7562388371932387
Toronto,2024-05-04,0.4933014702154067,0.7655481507119599
Toronto,2024-05-05,0.4821203624241916,0.7202177016023174
Toronto,2024-05-06,0.49790669426595946,0.7139250650452083
Toronto,2024-05-07,0.5122966151045704,0.7336202607800262
Toronto,2024-05-08,0.509786484194231,0.739252159449289
Toronto,2024-05-09,0.504162862689543,0.7418437483603547
Toronto,2024-05-10,0.509118262955659,0.7341391017951898
Toronto,2024-05-11,0.500436397815773,0.6988810312416077
Toronto,2024-05-12,0.49880811863448843,0.6984559369148727
Toronto,2024-05-13,0.5036812209873771,0.7148250131603651
Toronto,2024-05-14,0.4970919015957987,0.6662530614234248
Toronto,2024-05-15,0.4977003846629291,0.6814223802563935
Toronto,2024-05-16,0.4919876624982178,0.7183905660343306
Toronto,2024-05-17,0.4869432824240295,0.7120897701944509
Toronto,2024-05-18,0.48443115086768523,0.7216004437695671
Toronto,2024-05-19,0.4735022062011681,0.6909830560349591
Toronto,2024-05-20,0.47862032680486694,0.6943067194406123
Toronto,2024-05-21,0.4962019517111834,0.7455170202043341
Toronto,2024-05-22,0.4907702164127568,0.7352209473570352
Toronto,2024-05-23,0.4906812427447145,0.7572674728602811
Toronto,2024-05-24,0.4857936944592019,0.7623212486856231
Toronto,2024-05-25,0.4823668635358072,0.7633401870647138
Toronto,2024-05-26,0.4750371468466933,0.71574871341918
Toronto,2024-05-27,0.4877801616379851,0.725217097573089
Toronto,2024-05-28,0.48611265664056336,0.7370431576412361
Toronto,2024-05-29,0.48618896467886813,0.7608293374755183
Toronto,2024-05-30,0.49366466498103667,0.7583707332490518
Toronto,2024-05-31,0.49707869908661845,0.7339390489602898
Toronto,2024-06-01,0.49242281641028807,0.7177958125684663
Toronto,2024-06-02,0.4901715532165596,0.7014077241932684
Toronto,2024-06-03,0.49430974263308103,0.7300849440943831
Toronto,2024-06-04,0.4898982922697763,0.7155146091267967
Toronto,2024-06-05,0.49612846522337595,0.74875155714872
Toronto,2024-06-06,0.49363735161053995,0.7282029381026287
Toronto,2024-06-07,0.4974149131384026,0.713616241846261
Toronto,2024-06-08,0.48774454536052586,0.6883365913949873
Toronto,2024-06-09,0.4822358439498944,0.6737894833146543
Toronto,2024-06-10,0.4855197756037867,0.7090514722564056
Toronto,2024-06-11,0.48116660530944494,0.7085417433631939
Toronto,2024-06-12,0.4867830882066755,0.7266942852561258
Toronto,2024-06-13,0.487588635756175,0.7256340109743251
Toronto,2024-06-14,0.48594753904112226,0.7146947922297665
Toronto,2024-06-15,0.48312761747898486,0.6846772654688614
Toronto,2024-06-16,0.4838138261409387,0.6958507826670738
Toronto,2024-06-17,0.48775165189719566,0.7121187008758554
Toronto,2024-06-18,0.4963061409892675,0.7021962731205018
Toronto,2024-06-19,0.4960038442135455,0.725557882508978
Toronto,2024-06-20,0.49352847488269985,0.7163049373681718
Toronto,2024-06-21,0.4958557714031367,0.719134938645859
Toronto,2024-06-22,0.49835618269768345,0.7343898125865966
Toronto,2024-06-23,0.5026014029456682,0.7454665987914765
Toronto,2024-06-24,0.5018036626853144,0.7517493444608805
Toronto,2024-06-25,0.49321689359924126,0.7523046976037777
Toronto,2024-06-26,0.4909829231628361,0.7581399277632738
Toronto,2024-06-27,0.48733720266815056,0.7706344957773066
Toronto,2024-06-28,0.49003956323333026,0.7644237979275721
Toronto,2024-06-29,0.48954937546483906,0.766899288926578
Toronto,2024-06-30,0.48491322245411145,0.7312798804043753
Toronto,2024-07-01,0.4862948686598283,0.7453088199333324
Toronto,2024-07-02,0.4892195882177628,0.772603939002583
Toronto,2024-07-03,0.4812220723980837,0.7275726978252364
Toronto,2024-07-04,0.4870733589334332,0.7706576346534548
Toronto,2024-07-05,0.48419288372236063,0.7735645969800412
Toronto,2024-07-06,0.479235493634882,0.754324693385689
Toronto,2024-07-07,0.4830673062027735,0.7384232298485883
Toronto,2024-07-08,0.48489490294152676,0.7407258544718351
Toronto,2024-07-09,0.47946223678323496,0.7317895131842914
Toronto,2024-07-10,0.4858135111221748,0.7478806852158008
Toronto,2024-07-11,0.4865929298374369,0.7509180300186399
Toronto,2024-07-12,0.48334575689507675,0.744233049342385
Toronto,2024-07-13,0.4810327070167013,0.7279708956143669
Toronto,2024-07-14,0.4792823175624107,0.7051856176491693
Toronto,2024-07-15,0.4867942138456926,0.7358964862800639
Toronto,2024-07-16,0.49038114843876496,0.7555713688988426
Toronto,2024-07-17,0.4880596756115978,0.701558886631156
Toronto,2024-07-18,0.49112572956481393,0.7230004764188203
Toronto,2024-07-19,0.49502734321492387,0.7418418172813935
Toronto,2024-07-20,0.48403730667292916,0.6976062669842654
Toronto,2024-07-21,0.4913660767918592,0.685253336768794
Toronto,2024-07-22,0.49447443139458414,0.707355967158927
Toronto,2024-07-23,0.49866775236931987,0.7236826430827924
Toronto,2024-07-24,0.4943127962085308,0.7117688426846048
Toronto,2024-07-25,0.4908499604221453,0.7186770045039738
Toronto,2024-07-26,0.4921009150206933,0.6773692405628021
Toronto,2024-07-27,0.4966383998456824,0.7058603574528701
Toronto,2024-07-28,0.49620883914624675,0.6875822617445037
Toronto,2024-07-29,0.5044111079718928,0.7336945459627121
Toronto,2024-07-30,0.506152192611567,0.7155066003895978
Toronto,2024-07-31,0.5035173800470854,0.6970460318378552
Toronto,2024-08-01,0.49581802849335505,0.6761130976996116
Toronto,2024-08-02,0.49703713983381614,0.747161170572623
Toronto,2024-08-03,0.4880410898515858,0.7223376516862764
Toronto,2024-08-04,0.4906415566984164,0.6611154912471081
Toronto,2024-08-05,0.49212418544776704,0.666847919558461
Toronto,2024-08-06,0.4961313626713194,0.6919814111711537
Toronto,2024-08-07,0.4924450860592735,0.6997136894496978
Toronto,2024-08-08,0.48905766891672314,0.7005908332636961
Toronto,2024-08-09,0.49063723986598085,0.7155204450002359
Toronto,2024-08-10,0.4899203301228425,0.7528343924196582
Toronto,2024-08-11,0.48488639334077926,0.7093516289901517
Toronto,2024-08-12,0.4829566653498376,0.6971402861908524
Toronto,2024-08-13,0.4798810945775321,0.6811440031018806
Toronto,2024-08-14,0.48140266308656476,0.7162137529151018
Toronto,2024-08-15,0.4867136863317142,0.7260929064469074
Toronto,2024-08-16,0.49030089956558154,0.7267682519024637
Toronto,2024-08-17,0.4813723178495638,0.7068338675860487
Toronto,2024-08-18,0.4865538336851875,0.6957333054464409
Toronto,2024-08-19,0.49000887147007294,0.682178297672998
Toronto,2024-08-20,0.4957091134599776,0.6751192419585776
Toronto,2024-08-21,0.4955468922352549,0.6861997627271872
Toronto,2024-08-22,0.49482169193858616,0.7046019587719954
Toronto,2024-08-23,0.49900929224804746,0.7186658468940372
Toronto,2024-08-24,0.495108750058396,0.7194361948491381
Toronto,2024-08-25,0.4954240340759374,0.7068502304961167
Toronto,2024-08-26,0.49871409825718843,0.7292607042722686
Toronto,2024-08-27,0.4981740409599553,0.7239081449757483
Toronto,2024-08-28,0.49237113221226936,0.7127853333957013
Toronto,2024-08-29,0.49454156441877756,0.7103877895533574
Toronto,2024-08-30,0.49403371673757296,0.7363953130612573
Toronto,2024-08-31,0.49356028658300494,0.7371063160517098
Toronto,2024-09-01,0.4925014472807506,0.7335099718033821
Toronto,2024-09-02,0.4947277444073041,0.7214822075336288
Toronto,2024-09-03,0.4962964023495816,0.7279967512986345
Toronto,2024-09-04,0.4897770167723859,0.7403834429440531
Toronto,2024-09-05,0.4923412927401153,0.7492326683856453
Toronto,2024-09-06,0.49417399866049194,0.723299998282682
Toronto,2024-09-07,0.49285658533070753,0.7176002089437533
Toronto,2024-09-08,0.4859442239982116,0.7166761143623603
Toronto,2024-09-09,0.48885381368618713,0.7337612985740805
Toronto,2024-09-10,0.4887840704724367,0.723707064320252
Toronto,2024-09-11,0.4884643515298403,0.7475638001132949
Toronto,2024-09-12,0.4832731089739959,0.7494232432044645
Toronto,2024-09-13,0.48772373462765184,0.7240294926777758
Toronto,2024-09-14,0.4860131941709334,0.7119502428777734
Toronto,2024-09-15,0.4816970178700694,0.6963720494514073
Toronto,2024-09-16,0.48990876288420215,0.7044128150267793
Toronto,2024-09-17,0.4926745295771161,0.7333515737221142
Toronto,2024-09-18,0.4964533870024782,0.7432228045577383
Toronto,2024-09-19,0.4875071472975645,0.7522982680828855
Toronto,2024-09-20,0.4753324308391013,0.7099190666462878
Toronto,2024-09-21,0.4778169348765455,0.7236950815596873
Toronto,2024-09-22,0.48203804086345703,0.696540897313903
Toronto,2024-09-23,0.4817007611125258,0.6793919588037235
Toronto,2024-09-24,0.4792518959422304,0.6827043740117432
Toronto,2024-09-25,0.47496302058471673,0.7252247739492051
Toronto,2024-09-26,0.48086215416957556,0.77107732011327
Toronto,2024-09-27,0.47924304600314244,0.7345807266037023
Toronto,2024-09-28,0.48463082765180393,0.7432856302685747
Toronto,2024-09-29,0.4843356484601687,0.7251271664408294
Toronto,2024-09-30,0.4869639986792197,0.7409896131018727
Toronto,2024-10-01,0.48850421660008875,0.7506595650244119
Toronto,2024-10-02,0.4865448665559393,0.7544928071146731
Toronto,2024-10-03,0.48146472318283184,0.7538258298051129
Toronto,2024-10-04,0.4783973973323495,0.7524572947433072
Toronto,2024-10-05,0.47489672902444807,0.7336732019618365
Toronto,2024-10-06,0.4796975240782975,0.7044583818727747
Toronto,2024-10-07,0.48067986873777224,0.738666809439994
Toronto,2024-10-08,0.4850201306128028,0.754424614221881
Toronto,2024-10-09,0.4880653301116216,0.7732809589822442
Toronto,2024-10-10,0.4871021275474813,0.7569257246217742
Toronto,2024-10-11,0.48870447532209416,0.7867727819522655
Toronto,2024-10-12,0.47939891342877605,0.7697203272735165
Toronto,2024-10-13,0.47791082349697833,0.7483658471114851
Toronto,2024-10-14,0.4864352759876716,0.7233118520594004
Toronto,2024-10-15,0.49499584079616904,0.7535690465306245
Toronto,2024-10-16,0.48936931905646663,0.7556572263212724
Toronto,2024-10-17,0.49036236744722383,0.7621907101889466
Toronto,2024-10-18,0.486414057889106,0.7208630602936791
Toronto,2024-10-19,0.48881862041987223,0.7400554562677855
Toronto,2024-10-20,0.48620316853091605,0.7434425547839827
Toronto,2024-10-21,0.4899374727022972,0.8013270360974638
Toronto,2024-10-22,0.47836891418682315,0.8623311655827914
Toronto,2024-10-23,0.4739262538161733,0.8443292514233295
Toronto,2024-10-24,0.47853878406708594,0.8096519916142557
Toronto,2024-10-25,0.47684401221247685,0.7803126596764454
Toronto,2024-10-26,0.4769067586705287,0.7549911512332907
Toronto,2024-10-27,0.4642431103703471,0.7209702611193224
Toronto,2024-10-28,0.47515932375278025,0.7418052466396997
Toronto,2024-10-29,0.48170773573036374,0.7357062400605691
Toronto,2024-10-30,0.4849023319297974,0.7318492275034169
Toronto,2024-10-31,0.48734004691573213,0.7535714697063352
Toronto,2024-11-01,0.48661417014511593,0.7508634124566336
Toronto,2024-11-02,0.4782338457125099,0.7292478464934299
Toronto,2024-11-03,0.475247261663671,0.7227233990863039
Toronto,2024-11-04,0.4773226826275534,0.7499132354363547
Toronto,2024-11-05,0.4828380424831144,0.7724502741805772
Toronto,2024-11-06,0.4846973862012334,0.7080816262977703
Toronto,2024-11-07,0.48968243166827363,0.7663561971542105
Toronto,2024-11-08,0.4842405210514073,0.7618612855702876
Toronto,2024-11-09,0.47792119818069484,0.7294807089632789
Toronto,2024-11-10,0.47478378094471096,0.6904285864350993
Toronto,2024-11-11,0.4826679621638613,0.7228159917697825
Toronto,2024-11-12,0.48084519568335615,0.7152240076546547
Toronto,2024-11-13,0.47880715013179437,0.7434711589903648
Toronto,2024-11-14,0.4807500546388373,0.7295821494918588
Toronto,2024-11-15,0.4712117821162077,0.7284398480913395
Toronto,2024-11-16,0.47539425520078543,0.725841132985597
Toronto,2024-11-17,0.47185708445441665,0.7001492665025052
Toronto,2024-11-18,0.4804848302772145,0.7135545755946825
Toronto,2024-11-19,0.48699066681484343,0.7256819542172857
Toronto,2024-11-20,0.48000862022917284,0.7302531363451333
Toronto,2024-11-21,0.4795017648478228,0.7439726752549068
Toronto,2024-11-22,0.48342946359873523,0.7550971505379364
Toronto,2024-11-23,0.475156545188616,0.724676625632275
Toronto,2024-11-24,0.4729328630435045,0.7080087354861024
Toronto,2024-11-25,0.48104056949982754,0.7445117438025817
Toronto,2024-11-26,0.4814022843841486,0.7541456289633139
Toronto,2024-11-27,0.4806251477857473,0.7643872943666888
Toronto,2024-11-28,0.47565374510868963,0.7577723337508729
Toronto,2024-11-29,0.47853800721024775,0.7213277594538621
Toronto,2024-11-30,0.4757334750195095,0.6912588115702998
Toronto,2024-12-01,0.4811811031021812,0.6943698371378361
Toronto,2024-12-02,0.47898928618921144,0.7062453502204938
Toronto,2024-12-03,0.4858221088587581,0.721238578713855
Toronto,2024-12-04,0.4827595743013721,0.7388194191582819
Toronto,2024-12-05,0.48100938538028165,0.766822952434122
Toronto,2024-12-06,0.4774303965288659,0.7198473343778876
Toronto,2024-12-07,0.47726016919933695,0.7153888889725334
Toronto,2024-12-08,0.47962963509988743,0.7202634323001439
Toronto,2024-12-09,0.48046956614692404,0.7332436052547613
Toronto,2024-12-10,0.48616771200098546,0.7338393562871837
Toronto,2024-12-11,0.48264616185286807,0.7100139688567413
Toronto,2024-12-12,0.4858955763849196,0.8022258491893839
Toronto,2024-12-13,0.4830472600706817,0.7672629251970994
Toronto,2024-12-14,0.48120831255820956,0.7442543063303763
Toronto,2024-12-15,0.4871841409131952,0.721127450757971
Toronto,2024-12-16,0.4962596788365935,0.7728414646372316
Toronto,2024-12-17,0.48522465004550586,0.7595664864158552
Toronto,2024-12-18,0.48069197935871305,0.7863994271194852
Toronto,2024-12-19,0.47579277170044976,0.8473245445820191
Toronto,2024-12-20,0.47242685304339116,0.7740612454054387
Toronto,2024-12-21,0.4755371785870415,0.7300147707552294
Toronto,2024-12-22,0.48324919836723046,0.7304584788268441
Toronto,2024-12-23,0.4889386247185582,0.7684577157832219
Toronto,2024-12-24,0.4900110756859883,0.7761174919013047
Toronto,2024-12-25,0.49196699714960207,0.7372681530283913
Toronto,2024-12-26,0.4922594827183013,0.7585390103664544
Toronto,2024-12-27,0.4911957385196061,0.7574917911607393
Toronto,2024-12-28,0.4846975895697619,0.726100561979319
Toronto,2024-12-29,0.48352983683222045,0.7134423390903916
Toronto,2024-12-30,0.48634783833354106,0.7302413147257507
Toronto,2024-12-31,0.48704579111879226,0.7310486725800518
Toronto,2025-01-01,0.4982962760096555,0.7791543796852409
Toronto,2025-01-02,0.4954853915355958,0.7774035985098049
Toronto,2025-01-03,0.4878027813127956,0.7530207132429358
Toronto,2025-01-04,0.49119491002989313,0.7342843101904086
Toronto,2025-01-05,0.49232376585309223,0.7272169453438861
Toronto,2025-01-06,0.49946069792525677,0.7614247621280176
Toronto,2025-01-07,0.49837839499531195,0.8005256766934629
Toronto,2025-01-08,0.49318099638730406,0.7262030853511419
Toronto,2025-01-09,0.4943682943278933,0.7361683549294122
Toronto,2025-01-10,0.492605793588337,0.7090180884490117
Toronto,2025-01-11,0.49278683456616706,0.7143877626055938
Toronto,2025-01-12,0.49515713846356935,0.6993577959748848
Toronto,2025-01-13,0.4936887654894627,0.722479568304718
Toronto,2025-01-14,0.4949167686209757,0.7360861223098659
Toronto,2025-01-15,0.48990559019769475,0.7020720179915729
Toronto,2025-01-16,0.4893842973641347,0.7123086413740483
Toronto,2025-01-17,0.49555061871076467,0.6942279006689624
Toronto,2025-01-18,0.5030731669901198,0.7109660034067506
Toronto,2025-01-19,0.49949075964303824,0.7088102320670373
Toronto,2025-01-20,0.49790628640450574,0.7077430695517389
Toronto,2025-01-21,0.5089625340475568,0.7304818489974245
Toronto,2025-01-22,0.5047813461849432,0.7044853021459737
Toronto,2025-01-23,0.5007828129077151,0.742739651889865
Toronto,2025-01-24,0.5017169870923432,0.7425918096965373
Toronto,2025-01-25,0.49716048211951,0.7231248532825075
Toronto,2025-01-26,0.5000832630709875,0.7362751783144399
Toronto,2025-01-27,0.5032523571538977,0.7191154876603637
Toronto,2025-01-28,0.5028709688451147,0.7389589959303717
Toronto,2025-01-29,0.5052618682091827,0.7724337138263964
Toronto,2025-01-30,0.4941363140403628,0.7926824697445465
Toronto,2025-01-31,0.4963230874458516,0.8129852633324351
Toronto,2025-02-01,0.4916796066252588,0.809277950310559
Toronto,2025-02-02,0.4924770139257176,0.777913506019382
Toronto,2025-02-03,0.49765526995967235,0.7992523805113785
Toronto,2025-02-04,0.4974913856847698,0.7956997073696852
Toronto,2025-02-05,0.4949592833728167,0.7755667510876857
Toronto,2025-02-06,0.4951997373392535,0.8044226018884758
Toronto,2025-02-07,0.4929075940178144,0.7805224607191146
Toronto,2025-02-08,0.4927229719332525,0.7801682644994828
Toronto,2025-02-09,0.49105633917622316,0.7572341762865739
Toronto,2025-02-10,0.503557316037766,0.7888368262804103
Toronto,2025-02-11,0.5112821853454499,0.7382369122357963
Toronto,2025-02-12,0.5131920423394485,0.7337792591603884
Toronto,2025-02-13,0.5131326146205283,0.7158799891256422
Toronto,2025-02-14,0.5088555508480016,0.7025435769706463
Toronto,2025-02-15,0.5112231693608084,0.6962744615669744
Toronto,2025-02-16,0.5099325442998396,0.6959982777268044
Toronto,2025-02-17,0.5155658020935123,0.7179476918827024
Toronto,2025-02-18,0.516600285850405,0.7121829442591711
Toronto,2025-02-19,0.5064433128039594,0.7435665284124865
Toronto,2025-02-20,0.5054828529198375,0.7461558818922729
Toronto,2025-02-21,0.5017978717875425,0.7532563079801471
Toronto,2025-02-22,0.49299531988186795,0.8348454055585812
Toronto,2025-02-23,0.48975083679237447,0.8081450036030899
Toronto,2025-02-24,0.49426054458088625,0.8106827176501495
Toronto,2025-02-25,0.4979653977447938,0.8427889685094894
Toronto,2025-02-26,0.4950022612719491,0.8069223324091613
Toronto,2025-02-27,0.49361816263377695,0.8275352231315558
Toronto,2025-02-28,0.48358446579860126,0.8222346051060443
Toronto,2025-03-01,0.4816957559640619,0.8169487100635179
Toronto,2025-03-02,0.48063806380638063,0.7830583058305831
Toronto,2025-03-03,0.4868746945608435,0.8077942873779543
Toronto,2025-03-04,0.4864177247667652,0.8071875343626497
Toronto,2025-03-05,0.4823233681040972,0.8817614797290031
Toronto,2025-03-06,0.47817133617496793,0.8122468243251824
Toronto,2025-03-07,0.48093364653040666,0.8256761052375192
Toronto,2025-03-08,0.465459847872358,0.8198764169155378
Toronto,2025-03-09,0.45939044804903234,0.7705748096831397
Toronto,2025-03-10,0.467204803654758,0.7973618346161675
Toronto,2025-03-11,0.4751472087897628,0.8560405861303917
Toronto,2025-03-12,0.48392648419180656,0.8748072827404215
Toronto,2025-03-13,0.4841434621558,0.8650502180834325
Toronto,2025-03-14,0.46737546178711614,0.7901339904179173
Toronto,2025-03-15,0.46825569007263923,0.8239825665859564
Toronto,2025-03-16,0.4751721362699883,0.7990794673372239
Toronto,2025-03-17,0.4767536447209583,0.8514792459838425
Toronto,2025-03-18,0.4807083148366903,0.814594039441113
Toronto,2025-03-19,0.48311994556461074,0.8279204273490904
Toronto,2025-03-20,0.485526919403479,0.8421441517323326
Toronto,2025-03-21,0.48242824278619095,0.8611970200188915
Toronto,2025-03-22,0.47403257764754153,0.8450549215503647
Toronto,2025-03-23,0.4655259407821819,0.820480287116694
Toronto,2025-03-24,0.4796509873180116,0.8114739574307339
Toronto,2025-03-25,0.4843557551562185,0.810852132417758
Toronto,2025-03-26,0.49343632480616556,0.8592436974789915
Toronto,2025-03-27,0.4865419468867486,0.8819306102681626
Toronto,2025-03-28,0.48736524304502465,0.8450766035273466
Toronto,2025-03-29,0.4818603432082766,0.8532154844158397
Toronto,2025-03-30,0.47859076906899656,0.8261809908684856
Toronto,2025-03-31,0.4863289446716312,0.857150525565825
Toronto,2025-04-01,0.48633945074935503,0.8429841545431934
Toronto,2025-04-02,0.47958154276318404,0.8130485896529538
Toronto,2025-04-03,0.48771491190982785,0.9090233863466518
Toronto,2025-04-04,0.4916591402415497,0.9082106651779075
Toronto,2025-04-05,0.4887459954443166,0.9159627662256118
Toronto,2025-04-06,0.47934755389623696,0.8709222118514809
Toronto,2025-04-07,0.4913160559749586,0.9171239182470999
Toronto,2025-04-08,0.491614585151822,0.9237154196198922
Toronto,2025-04-09,0.4909632010614764,0.9282171915259424
Toronto,2025-04-10,0.4937556132867502,0.9272265367485086
Toronto,2025-04-11,0.4881353366385346,0.9256921053627521
Toronto,2025-04-12,0.48069844037585974,0.9238181730117214
Toronto,2025-04-13,0.47462248967164544,0.91801388048838
Toronto,2025-04-14,0.48343818673877254,0.8844547662173398
Toronto,2025-04-15,0.4858906690478305,0.9176932319156993
Toronto,2025-04-16,0.48922657406220504,0.9344155314462843
Toronto,2025-04-17,0.48889149086133704,0.9171815128326986
Toronto,2025-04-18,0.48532414907140137,0.9152100188610842
Toronto,2025-04-19,0.48313781103957953,0.9255447361092585
Toronto,2025-04-20,0.47477549668390273,0.8867972321609068
Toronto,2025-04-21,0.4779674235112034,0.8824319477774862
Toronto,2025-04-22,0.4694792391103332,0.8313732844688593
Toronto,2025-04-23,0.46582829480629123,0.7700007970551254
Toronto,2025-04-24,0.4723968923898866,0.7577732971082595
Toronto,2025-04-25,0.46934281104182113,0.7257668145100262
Toronto,2025-04-26,0.46988130342236245,0.7153269411249812
Toronto,2025-04-27,0.4665662182281477,0.7065216540211255
Toronto,2025-04-28,0.4686976937790258,0.7278196472069185
Toronto,2025-04-29,0.4724622965506943,0.7986298342541437
Toronto,2025-04-30,0.4740940494505811,0.772026021769319
Toronto,2025-05-01,0.4783786284973933,0.7443538883918931
Toronto,2025-05-02,0.4778922166981868,0.7707666476323193
Toronto,2025-05-03,0.4713438704962496,0.7947577155822195
Toronto,2025-05-04,0.46729242005641114,0.8135564589441022
Toronto,2025-05-05,0.4799009338624729,0.7958448283492912
Toronto,2025-05-06,0.4850144896976398,0.7716141551665674
Toronto,2025-05-07,0.4754411940655659,0.7828128738932759
Toronto,2025-05-08,0.4887166270553589,0.7858181489986863
Toronto,2025-05-09,0.48009340190420596,0.7812019149928457
Toronto,2025-05-10,0.46800070188235215,0.783443489869154
Toronto,2025-05-11,0.45821348794016514,0.8342946063298446
Toronto,2025-05-12,0.47801918587091485,0.8947965156694201
Toronto,2025-05-13,0.4878703395943138,0.9010159113468683
Toronto,2025-05-14,0.4968041685658642,0.8190979847787953
Toronto,2025-05-15,0.49115088034467796,0.9031811157883519
Toronto,2025-05-16,0.4897040678430835,0.9157601989854873
Toronto,2025-05-17,0.47109555830574673,0.8797001343258407
Toronto,2025-05-18,0.4727304490520187,0.8740428421967962
Toronto,2025-05-19,0.48328062432638674,0.8781300889759506
Toronto,2025-05-20,0.5074977901250158,0.8951138085616871
Toronto,2025-05-21,0.5072016187944297,0.8638369602323479
Toronto,2025-05-22,0.5159381859285255,0.9419186940578053
Toronto,2025-05-23,0.5153199788016952,0.9103335730403204
Toronto,2025-05-24,0.5096764037426579,0.9453310245083089
Toronto,2025-05-25,0.4955929921350344,0.8772884751161684
Toronto,2025-05-26,0.5047743799015904,0.9036878432162829
Toronto,2025-05-27,0.4922532446821561,0.8746554953098293
Toronto,2025-05-28,0.4939174823254206,0.8436097654912026
Toronto,2025-05-29,0.4966897737222173,0.9211602258761536
Toronto,2025-05-30,0.4937079044546135,0.89744635693342
Toronto,2025-05-31,0.47335693928663963,0.8742093953048876
Toronto,2025-06-01,0.47516497161186527,0.8736819794590733
Toronto,2025-06-02,0.4807329919856764,0.8770208789275055
Toronto,2025-06-03,0.49897419597191317,0.8965292426387725
Toronto,2025-06-04,0.49441018953445676,0.8434201934955262
Toronto,2025-06-05,0.5196548809822332,0.9066506923741328
Toronto,2025-06-06,0.5150024412937936,0.8667108863278336
Toronto,2025-06-07,0.49880762589900846,0.8402540201256863
Toronto,2025-06-08,0.5091709720619279,0.8610394757748402
Toronto,2025-06-09,0.5081938961514272,0.8522042859833209
Toronto,2025-06-10,0.5068566603702962,0.8151861491456377
Toronto,2025-06-11,0.5100782363415541,0.8528649904714258
Toronto,2025-06-12,0.5058985387509353,0.8907467227385389
Toronto,2025-06-13,0.49926982956839205,0.8709441314306777
Toronto,2025-06-14,0.5092098896963595,0.863624886169445
Toronto,2025-06-15,0.514003580473991,0.8546026885769994
Toronto,2025-06-16,0.49940285307400095,0.8552902342974732
Toronto,2025-06-17,0.5056241386906973,0.8771887507577913
Toronto,2025-06-18,0.4850336872726378,0.8904095056227456
Toronto,2025-06-19,0.493778000405232,0.8772991287512101
Toronto,2025-06-20,0.49302075274965523,0.8774861816510264
Toronto,2025-06-21,0.4889242199353067,0.8718603304900834
Toronto,2025-06-22,0.4979703595101848,0.8623010283980825
Toronto,2025-06-23,0.4999957247539596,0.8609390720435961
Toronto,2025-06-24,0.5094427085370429,0.8577806556659873
Toronto,2025-06-25,0.5097452383612041,0.8429547765812528
Toronto,2025-06-26,0.5068983572317718,0.8779484797650592
Toronto,2025-06-27,0.5055747415775327,0.8629867778376421
Toronto,2025-06-28,0.5134334785510762,0.8970236343670827
Toronto,2025-06-29,0.5032073051090483,0.860179253951977
Toronto,2025-06-30,0.5105329476539129,0.8738432527441828
Toronto,2025-07-01,0.5122529987267475,0.8710753223902437
Toronto,2025-07-02,0.5087648494333152,0.8758040796654042
Toronto,2025-07-03,0.5137913039422051,0.8920485355941296
Toronto,2025-07-04,0.5175098012944117,0.8987408322216461
Toronto,2025-07-05,0.5145476847869007,0.8724947489006097
Toronto,2025-07-06,0.509070520611968,0.8471977604040055
Toronto,2025-07-07,0.5157838175429516,0.8785556140089293
Toronto,2025-07-08,0.5200268565106652,0.891875361869735
Toronto,2025-07-09,0.5114247898606462,0.8883603933226618
Toronto,2025-07-10,0.5174039610884185,0.9175649633137185
Toronto,2025-07-11,0.5273956220647054,0.8866348960126308
Toronto,2025-07-12,0.5237693945934481,0.8611858756624904
Toronto,2025-07-13,0.5057457955828292,0.8437881726343821
Toronto,2025-07-14,0.504957511002851,0.8429318792039195
Toronto,2025-07-15,0.5068951941894367,0.8637236330855209
Toronto,2025-07-16,0.5249415368711668,0.899662773326946
Toronto,2025-07-17,0.5149574988942268,0.9114987278133717
Toronto,2025-07-18,0.5060793064423138,0.8962695650317097
Toronto,2025-07-19,0.4838035934164087,0.8968579674411159
Toronto,2025-07-20,0.48087057312238374,0.847849037659375
Toronto,2025-07-21,0.49200078548243636,0.8767947696110707
Toronto,2025-07-22,0.503828641508902,0.8876118919071315
Toronto,2025-07-23,0.5043367082483845,0.8592700738334658
Toronto,2025-07-24,0.49905548394614,0.8491366817410555
Toronto,2025-07-25,0.49028588409418106,0.8582668078439971
Toronto,2025-07-26,0.4932155272390215,0.8802338660508621
Toronto,2025-07-27,0.4946038810462157,0.8651512473093681
Toronto,2025-07-28,0.4923356766845864,0.8438397617158249
Toronto,2025-07-29,0.4981215432395906,0.8555602179767681
Toronto,2025-07-30,0.5003015889428877,0.8594782224060479
Toronto,2025-07-31,0.49991814091939246,0.8800081182559281
Toronto,2025-08-01,0.49539195473872333,0.8424234894005568
Toronto,2025-08-02,0.4930612316901781,0.86756067012037
Toronto,2025-08-03,0.49317096911144936,0.8342083190953994
Toronto,2025-08-04,0.4971995335779654,0.8553331822803838
Toronto,2025-08-05,0.4962415569812309,0.8347299132528759
Toronto,2025-08-06,0.4901381372828254,0.8337427608468623
Toronto,2025-08-07,0.4789773306521556,0.8174691238547495
Toronto,2025-08-08,0.4758963573995426,0.8361952793204835
Toronto,2025-08-09,0.4728155657431891,0.8368862823972201
Toronto,2025-08-10,0.47344154130016425,0.8321404196010794
Toronto,2025-08-11,0.46558351617014593,0.8389139784320458
Toronto,2025-08-12,0.4712743410465879,0.8263017869257812
Toronto,2025-08-13,0.4784891843715373,0.8586967163817258
Toronto,2025-08-14,0.4762398313279376,0.8419660467633239
Toronto,2025-08-15,0.4811602303244598,0.8855416555205688
Toronto,2025-08-16,0.48041858618684047,0.9087370095799059
Toronto,2025-08-17,0.47582378698748284,0.8823580580005013
Toronto,2025-08-18,0.4778681522955391,0.8751224515105953
Toronto,2025-08-19,0.4830886955543208,0.9162220518627403
Toronto,2025-08-20,0.4770349216473624,0.9074003740051897
Toronto,2025-08-21,0.48295470301906895,0.8813360675477454
Toronto,2025-08-22,0.493293149512347,0.9370768702012866
Toronto,2025-08-23,0.4772008221837129,0.891107572945347
Toronto,2025-08-24,0.4724990660017942,0.8056836307586303
Toronto,2025-08-25,0.47321439824198186,0.7990297902958406
Toronto,2025-08-26,0.4760062166204075,0.7992041807919689
Toronto,2025-08-27,0.47520300324446685,0.8019684464714182
Toronto,2025-08-28,0.47335549914966296,0.7978953399588002
Toronto,2025-08-29,0.47286067674258997,0.7933444099363548
Toronto,2025-08-30,0.47114575333242154,0.7862805230876057
Toronto,2025-08-31,0.4665575440943636,0.766194923309005
Toronto,2025-09-01,0.46435203581476425,0.7438656855255114
Toronto,2025-09-02,0.46669571612683086,0.7631823453058608
Toronto,2025-09-03,0.45594482649573387,0.7458379605667069
Toronto,2025-09-04,0.4634002908211193,0.7384784650821634
Toronto,2025-09-05,0.46557755211479673,0.724123308886752
Toronto,2025-09-06,0.46666374507666436,0.7406833233816674
Toronto,2025-09-07,0.4583877036167113,0.6870011526500076
Toronto,2025-09-08,0.4624961391337404,0.7165277744778921
Toronto,2025-09-09,0.46280144945645385,0.6912893775945131
Toronto,2025-09-10,0.45895109945697593,0.7117446155199594
Toronto,2025-09-11,0.46680730814025223,0.7706515752948505
Toronto,2025-09-12,0.46535523288949526,0.7652973538036304
Toronto,2025-09-13,0.4496230085855564,0.7652789383613825
Toronto,2025-09-14,0.4531771943238741,0.7384865408600244
Toronto,2025-09-15,0.4554147470715517,0.7601428682683101
Toronto,2025-09-16,0.4603921080087827,0.761060155410561
Toronto,2025-09-17,0.4618537536520834,0.7461990118998357
Toronto,2025-09-18,0.46332532186213127,0.7570794360332501
Toronto,2025-09-19,0.4619925681162935,0.7631545777563625
Toronto,2025-09-20,0.451532415551718,0.7490728038604929
Toronto,2025-09-21,0.45358685156375733,0.7551851429644333
Toronto,2025-09-22,0.4478940311214527,0.7769524332318795
Toronto,2025-09-23,0.46495728116673146,0.7719354808120845
Toronto,2025-09-24,0.45964772281856897,0.7588477959386705
Toronto,2025-09-25,0.46204978298062704,0.7564311838569004
Toronto,2025-09-26,0.4655587564663096,0.7533904434114843
Toronto,2025-09-27,0.46323772281174663,0.7673399267260198
Toronto,2025-09-28,0.4650918538105232,0.802781039376485
Toronto,2025-09-29,0.47133482744867145,0.7951273480085849
Toronto,2025-09-30,0.47017822993364766,0.8109616828869842
Toronto,2025-10-01,0.46221898314643556,0.7884934259779615
Toronto,2025-10-02,0.46150601748334574,0.7546823512191928
Toronto,2025-10-03,0.46308813810586535,0.7494460860429752
Toronto,2025-10-04,0.4611019016848065,0.7884192328375057
Toronto,2025-10-05,0.464560784988322,0.7869302210927482
Toronto,2025-10-06,0.4590357669857272,0.7649959518928166
Toronto,2025-10-07,0.45794570597941386,0.7980278148817475
Toronto,2025-10-08,0.46765737815784875,0.8252140547775402
Toronto,2025-10-09,0.46344558021508014,0.7835674794418693
Toronto,2025-10-10,0.4594419506733182,0.7688204184870086
Toronto,2025-10-11,0.4682996014505194,0.8629375394521728
Toronto,2025-10-12,0.4604332444759438,0.70717475308728
Toronto,2025-10-13,0.4456528875533446,0.6272796141511578
Toronto,2025-10-14,0.4613513221283804,0.7396980909931882
Toronto,2025-10-15,0.4580387234545462,0.6932729102905278
Toronto,2025-10-16,0.4543323785903533,0.7177960099039957
Toronto,2025-10-17,0.4587787038178256,0.7218741898330153
Toronto,2025-10-18,0.45732597352482257,0.7794499531157082
Toronto,2025-10-19,0.4426426889317063,0.7600941982444872
Toronto,2025-10-20,0.4529431305242726,0.7924729852078136
Toronto,2025-10-21,0.4591215043378541,0.7655485703097621
Toronto,2025-10-22,0.4446102073480801,0.7405879231305319
Toronto,2025-10-23,0.45813554186445815,0.7876509357533196
Toronto,2025-10-24,0.46140545881190564,0.7648836801154424
Toronto,2025-10-25,0.45634369366952254,0.7465742126402859
Toronto,2025-10-26,0.45171202647353204,0.7621444742780533
Toronto,2025-10-27,0.4656837189494012,0.804093942976305
Toronto,2025-10-28,0.46299436259719756,0.8124330314634532
Toronto,2025-10-29,0.46636058626169874,0.7676047935627663
Toronto,2025-10-30,0.46939926185336356,0.7936446607917442
Toronto,2025-10-31,0.46555433470340074,0.8348485465076846
Toronto,2025-11-01,0.4577067773783155,0.7257104059303452
Toronto,2025-11-02,0.45703448911274225,0.8052271121894291
Toronto,2025-11-03,0.45318273793444414,0.7990993837889082
Toronto,2025-11-04,0.4574918607879262,0.7844534739923782
Toronto,2025-11-05,0.45893206108854434,0.8211366552533266
Toronto,2025-11-06,0.4619106004010911,0.8375580964329503
Toronto,2025-11-07,0.46666319960475494,0.8444582682425796
Toronto,2025-11-08,0.46681635318493675,0.824814369905754
Toronto,2025-11-09,0.470800603775852,0.8245257656088073
Toronto,2025-11-10,0.46235431901884666,0.877402425774971
Toronto,2025-11-11,0.47739796177052174,0.8700319424022714
Toronto,2025-11-12,0.4740782833926067,0.795633565105979
Toronto,2025-11-13,0.48295031806852423,0.8775738439790186
Toronto,2025-11-14,0.47677488448452165,0.8062002214508865
Toronto,2025-11-15,0.4809507403371579,0.8541299435933594
Toronto,2025-11-16,0.4706294421837244,0.816427126541728
Toronto,2025-11-17,0.47687703033178813,0.8270463275283468
Toronto,2025-11-18,0.4562336906122625,0.7927149604261468
Toronto,2025-11-19,0.47182533680750327,0.8259628473132937
Toronto,2025-11-20,0.47162711453801354,0.837872346340427
Toronto,2025-11-21,0.46341837668124386,0.7695547568602225
Toronto,2025-11-22,0.46001242028024053,0.7865916080447808
Toronto,2025-11-23,0.4660722237966074,0.7714829359135258
Toronto,2025-11-24,0.48315128979781546,0.8177037971769315
Toronto,2025-11-25,0.49531088262504513,0.8471799554874506
Toronto,2025-11-26,0.49461768071568046,0.83612754152875
Toronto,2025-11-27,0.49802610640266587,0.8611150338396815
Toronto,2025-11-28,0.4952111024237686,0.8253119465143368
Toronto,2025-11-29,0.4770594410918504,0.7494626499651383
Toronto,2025-11-30,0.47004297332812445,0.7390076391390452
Toronto,2025-12-01,0.47166385504744285,0.7452964728050921
Toronto,2025-12-02,0.47700982406210435,0.7580695267013399
Toronto,2025-12-03,0.46378430715376306,0.7503090902320039
Toronto,2025-12-04,0.4762342462472571,0.7381397787516102
Toronto,2025-12-05,0.4752020671508926,0.7427563062282374
Toronto,2025-12-06,0.47591362251118957,0.7705566004687826
Toronto,2025-12-07,0.4815398452313075,0.7871324393204066
Toronto,2025-12-08,0.47231244916775195,0.7338470184923261
Toronto,2025-12-09,0.4774189881754328,0.7456748561628493
Toronto,2025-12-10,0.47206517063788656,0.7745636946164879
Toronto,2025-12-11,0.47436293320291834,0.7927185689510994
Toronto,2025-12-12,0.47593370641003546,0.778359864579166
Toronto,2025-12-13,0.4481565505236424,0.7114206118197642
Toronto,2025-12-14,0.43975805723571365,0.6733821924216435
Toronto,2025-12-15,0.4281627052175228,0.6699316807198946
Toronto,2025-12-16,0.43171578370901126,0.6292996048672672
Toronto,2025-12-17,0.44934723356068784,0.6582127432649514
Toronto,2025-12-18,0.43817223810837097,0.7294193733599769
Toronto,2025-12-19,0.43229571788328464,0.6857451494599685
Toronto,2025-12-20,0.4440360471696054,0.716861471607061
Toronto,2025-12-21,0.4299030736989172,0.6782745371987425
Toronto,2025-12-22,0.45283263617357844,0.7015240928640378
Toronto,2025-12-23,0.45627468864108,0.7378960113643225
Toronto,2025-12-24,0.4561132078686625,0.7297068420559394
Toronto,2025-12-25,0.446592273430649,0.7249410012204366
Toronto,2025-12-26,0.4314469110371338,0.7205973772783285
Toronto,2025-12-27,0.4496095010002724,0.7164290358109227
Toronto,2025-12-28,0.4508475598923329,0.7386458483476186
Toronto,2025-12-29,0.4565547770523502,0.7539306414172067
Toronto,2025-12-30,0.4573469206123176,0.7459796122353972
Toronto,2025-12-31,0.45292596977456967,0.7435514967551038
Vancouver,2023-02-28,0.23551191835832444,0.32454039715580446
Vancouver,2023-03-01,0.2560909976872391,0.438173646162126
Vancouver,2023-03-02,0.25602168081634913,0.4660960703520367
Vancouver,2023-03-03,0.255447247706422,0.4592889908256881
Vancouver,2023-03-04,0.2506959345821493,0.4385837731253262
Vancouver,2023-03-05,0.24702528665419515,0.40538820804540654
Vancouver,2023-03-06,0.25878765931100545,0.4280691097274628
Vancouver,2023-03-07,0.29296768616863816,0.46307413590991436
Vancouver,2023-03-08,0.29528404354745,0.4650913132435778
Vancouver,2023-03-09,0.2576508963615148,0.43696297867826456
Vancouver,2023-03-10,0.2651819003502429,0.43524742966896396
Vancouver,2023-03-11,0.266257894253115,0.4238147131809409
Vancouver,2023-03-12,0.2592946012405035,0.41648621866627517
Vancouver,2023-03-13,0.2657924016451851,0.4211598804865547
Vancouver,2023-03-14,0.2760462829183007,0.4439857703094836
Vancouver,2023-03-15,0.2625371142164474,0.42976219661681786
Vancouver,2023-03-16,0.2508438889074563,0.45040272718157814
Vancouver,2023-03-17,0.25376076555023924,0.4780287081339713
Vancouver,2023-03-18,0.24774912391050408,0.4436157785964597
Vancouver,2023-03-19,0.23994010855324724,0.4196825072737482
Vancouver,2023-03-20,0.2504570986179973,0.4669653593371658
Vancouver,2023-03-21,0.2504255984435257,0.4596984331028732
Vancouver,2023-03-22,0.2500880853036625,0.45513212795549374
Vancouver,2023-03-23,0.2571428571428571,0.47478991596638653
Vancouver,2023-03-24,0.2647063370591964,0.5149111822271695
Vancouver,2023-03-25,0.2585682930947155,0.507732567955428
Vancouver,2023-03-26,0.24645065176908754,0.4285586592178771
Vancouver,2023-03-27,0.2575246552533834,0.4692823293344149
Vancouver,2023-03-28,0.257764592540486,0.4355206214732464
Vancouver,2023-03-29,0.25600699621516226,0.4432704438582406
Vancouver,2023-03-30,0.25705516360202213,0.4606688517304594
Vancouver,2023-03-31,0.26049801316374904,0.44742938676567606
Vancouver,2023-04-01,0.27359627824846766,0.48000747066913424
Vancouver,2023-04-02,0.2618825944758767,0.46403590441404663
Vancouver,2023-04-03,0.2749556667938674,0.45157018114884734
Vancouver,2023-04-04,0.2550967646624317,0.43150760821391637
Vancouver,2023-04-05,0.2575803687270747,0.4503692076051961
Vancouver,2023-04-06,0.2763267479486094,0.4851385115301121
Vancouver,2023-04-07,0.28137535816618914,0.5250459187421939
Vancouver,2023-04-08,0.2700189046350853,0.4665995115152686
Vancouver,2023-04-09,0.25058023425271225,0.4191990068548605
Vancouver,2023-04-10,0.2585044767968267,0.46381914603124413
Vancouver,2023-04-11,0.25843928940354277,0.44718350273551577
Vancouver,2023-04-12,0.2599702339938814,0.47126753576054903
Vancouver,2023-04-13,0.2626867049177806,0.5026380962635942
Vancouver,2023-04-14,0.26784577400270193,0.5420581064923369
Vancouver,2023-04-15,0.26312564734715316,0.5116194255204306
Vancouver,2023-04-16,0.2519835669708659,0.48555837802239155
Vancouver,2023-04-17,0.25820934652946187,0.5012781018548863
Vancouver,2023-04-18,0.2660610981426977,0.4902229439426232
Vancouver,2023-04-19,0.26853602351259037,0.40552863611089046
Vancouver,2023-04-20,0.28189790642266943,0.5104171947077609
Vancouver,2023-04-21,0.27871108683779355,0.5065428727471327
Vancouver,2023-04-22,0.2762793315438566,0.4965581435622132
Vancouver,2023-04-23,0.26959194703418454,0.4546007296311309
Vancouver,2023-04-24,0.2833424891655985,0.5044253189281572
Vancouver,2023-04-25,0.28866450886574724,0.5263509710104137
Vancouver,2023-04-26,0.2916940912922484,0.525813789679103
Vancouver,2023-04-27,0.2908902119762728,0.5237548188978117
Vancouver,2023-04-28,0.28259147051969236,0.5022605453274295
Vancouver,2023-04-29,0.26906065506692906,0.430781520955517
Vancouver,2023-04-30,0.2691422721851257,0.45982775946430754
Vancouver,2023-05-01,0.2750446332071061,0.4864018830009527
Vancouver,2023-05-02,0.28306593344293896,0.5200165218306836
Vancouver,2023-05-03,0.282799828658966,0.5069153531730762
Vancouver,2023-05-04,0.2872279313206102,0.5432676964319908
Vancouver,2023-05-05,0.289595216613399,0.5622467236554372
Vancouver,2023-05-06,0.2845612957582343,0.5534295545634218
Vancouver,2023-05-07,0.27391048060675127,0.5148897708963729
Vancouver,2023-05-08,0.2849295127183573,0.546276432730616
Vancouver,2023-05-09,0.2906609067426739,0.5437487010480686
Vancouver,2023-05-10,0.2877865533759124,0.5476377166970803
Vancouver,2023-05-11,0.2913565924685751,0.5638747355168708
Vancouver,2023-05-12,0.2904282014465721,0.559251754538989
Vancouver,2023-05-13,0.2853306095043536,0.5472396231401653
Vancouver,2023-05-14,0.27562760740686526,0.5159555002561663
Vancouver,2023-05-15,0.28606053773744433,0.5391113804182402
Vancouver,2023-05-16,0.2908344893899691,0.562650929616336
Vancouver,2023-05-17,0.28835291193992757,0.5420486677816062
Vancouver,2023-05-18,0.2946299653865172,0.567535849678589
Vancouver,2023-05-19,0.2936795076906736,0.5711412202845251
Vancouver,2023-05-20,0.28868693499637577,0.5588561112706684
Vancouver,2023-05-21,0.27949655172413795,0.5317241379310345
Vancouver,2023-05-22,0.280733351805671,0.5166514929607199
Vancouver,2023-05-23,0.2828841057462349,0.5253571197724776
Vancouver,2023-05-24,0.2839132530120482,0.5346120481927711
Vancouver,2023-05-25,0.2839638729236405,0.5324701572664687
Vancouver,2023-05-26,0.2846388619298156,0.5305971292843643
Vancouver,2023-05-27,0.28422512526843235,0.5341739952960426
Vancouver,2023-05-28,0.2711854296735197,0.4763324982436606
Vancouver,2023-05-29,0.2788414727189496,0.5029028578071979
Vancouver,2023-05-30,0.2778781272708398,0.48947022388317935
Vancouver,2023-05-31,0.27936218317401135,0.5087197387383814
Vancouver,2023-06-01,0.28003302877934494,0.5083343962513678
Vancouver,2023-06-02,0.28532759282151837,0.545860153175043
Vancouver,2023-06-03,0.2775737498501019,0.5150797457728744
Vancouver,2023-06-04,0.2669698659501894,0.4794869752250458
Vancouver,2023-06-05,0.2785823657011612,0.5208179150185019
Vancouver,2023-06-06,0.2827720215452583,0.5417961555258777
Vancouver,2023-06-07,0.2837639587617816,0.5453479725882409
Vancouver,2023-06-08,0.28318157762609747,0.5377647809154193
Vancouver,2023-06-09,0.28223998239267095,0.5404555896391873
Vancouver,2023-06-10,0.2798342733792911,0.5295522595919504
Vancouver,2023-06-11,0.2698315813270035,0.47510643909423156
Vancouver,2023-06-12,0.2737831601443328,0.48755671875241974
Vancouver,2023-06-13,0.2733203840912295,0.48383433324456837
Vancouver,2023-06-14,0.2797641539139744,0.5223959317337363
Vancouver,2023-06-15,0.2820911610717585,0.5149214659685863
Vancouver,2023-06-16,0.2907524141630901,0.5254224785407725
Vancouver,2023-06-17,0.2935690355294593,0.5253219661352223
Vancouver,2023-06-18,0.28394749594420915,0.49632345195204686
Vancouver,2023-06-19,0.29276501452850306,0.5094592052177185
Vancouver,2023-06-20,0.29580312219739463,0.5232264733153966
Vancouver,2023-06-21,0.30068262372555027,0.5453405096340378
Vancouver,2023-06-22,0.29894315543591277,0.5518808130011822
Vancouver,2023-06-23,0.2967040393595956,0.5298271935337807
Vancouver,2023-06-24,0.2982593479462148,0.5317409151909059
Vancouver,2023-06-25,0.3001218386560827,0.5412294628022891
Vancouver,2023-06-26,0.3021885964582754,0.5428365352106327
Vancouver,2023-06-27,0.2960477158877533,0.520956916659628
Vancouver,2023-06-28,0.300768774295068,0.5503503823868675
Vancouver,2023-06-29,0.298081502791061,0.5540525951469196
Vancouver,2023-06-30,0.2970427575814654,0.5583334540765319
Vancouver,2023-07-01,0.2918367485090338,0.5374450830270168
Vancouver,2023-07-02,0.2863422129154808,0.5151151709249331
Vancouver,2023-07-03,0.29204318068849494,0.5342017053058207
Vancouver,2023-07-04,0.304327260520614,0.5792669901431231
Vancouver,2023-07-05,0.3005249529523297,0.556973667454332
Vancouver,2023-07-06,0.2951196260939796,0.5562845075271096
Vancouver,2023-07-07,0.2961051338671463,0.5595707123249055
Vancouver,2023-07-08,0.293857184446957,0.5574166728728986
Vancouver,2023-07-09,0.28658839325049124,0.5299958742124291
Vancouver,2023-07-10,0.2909956588713065,0.545095058048426
Vancouver,2023-07-11,0.29881522233533325,0.5584988484336532
Vancouver,2023-07-12,0.2939797329076579,0.5377264370109602
Vancouver,2023-07-13,0.29857945354548393,0.5544983971059675
Vancouver,2023-07-14,0.30087095369429523,0.5601030628538249
Vancouver,2023-07-15,0.30487388520180864,0.5730416607682636
Vancouver,2023-07-16,0.2946418617096393,0.543655188304111
Vancouver,2023-07-17,0.28657238589518497,0.5267954184432739
Vancouver,2023-07-18,0.2860910478707649,0.5796839754836064
Vancouver,2023-07-19,0.2784713638236506,0.47959929954676556
Vancouver,2023-07-20,0.2716709523241887,0.4934182517923131
Vancouver,2023-07-21,0.2749087887256604,0.5054271419708466
Vancouver,2023-07-22,0.27053304745498036,0.4972548241972065
Vancouver,2023-07-23,0.26330304236831625,0.4681476450336089
Vancouver,2023-07-24,0.27602223607867177,0.5305270500206085
Vancouver,2023-07-25,0.2730852013229041,0.4955211201733329
Vancouver,2023-07-26,0.2739812989542115,0.5032910594872725
Vancouver,2023-07-27,0.2727485871428781,0.4992013754902871
Vancouver,2023-07-28,0.2713926984740197,0.4921371677896579
Vancouver,2023-07-29,0.26975576975576976,0.486019236019236
Vancouver,2023-07-30,0.2622319675683945,0.4540628744805079
Vancouver,2023-07-31,0.2638907591104727,0.4738443277426176
Vancouver,2023-08-01,0.2657663754254578,0.4829140161711556
Vancouver,2023-08-02,0.2643020055053087,0.46646742692358106
Vancouver,2023-08-03,0.2677673614087817,0.4793922309240087
Vancouver,2023-08-04,0.270538895525321,0.4754495105415846
Vancouver,2023-08-05,0.2673492540049962,0.4649290674489492
Vancouver,2023-08-06,0.2591052981400746,0.4433911250802663
Vancouver,2023-08-07,0.2609691349466755,0.4568346247259321
Vancouver,2023-08-08,0.2690821959783597,0.4794371913820558
Vancouver,2023-08-09,0.26624903384123105,0.474128565328548
Vancouver,2023-08-10,0.2656429987311351,0.46800647881229573
Vancouver,2023-08-11,0.27799030525350454,0.49577492466919953
Vancouver,2023-08-12,0.2736276103538827,0.4714392897336501
Vancouver,2023-08-13,0.2641931829040228,0.44306346151221043
Vancouver,2023-08-14,0.2661527744920222,0.4556751570591173
Vancouver,2023-08-15,0.2736287066027454,0.4822883133736936
Vancouver,2023-08-16,0.2632549157303371,0.4620246326707001
Vancouver,2023-08-17,0.25879404855129207,0.47089271730618637
Vancouver,2023-08-18,0.26148499492870353,0.4756726925601098
Vancouver,2023-08-19,0.2624055208675649,0.4924807911991612
Vancouver,2023-08-20,0.25470199912810615,0.44669770193685
Vancouver,2023-08-21,0.2660690552272149,0.5102437575997512
Vancouver,2023-08-22,0.2606263982102908,0.4759824405892533
Vancouver,2023-08-23,0.2623693201354901,0.47950456876559194
Vancouver,2023-08-24,0.25983742642144075,0.466669541531009
Vancouver,2023-08-25,0.2608820046043089,0.48399803052683404
Vancouver,2023-08-26,0.2570112567529756,0.4796782964923986
Vancouver,2023-08-27,0.2415896872734581,0.4370348040165658
Vancouver,2023-08-28,0.24415661946971565,0.44346099438049136
Vancouver,2023-08-29,0.24778723404255318,0.45247517730496456
Vancouver,2023-08-30,0.24132186550681814,0.40506252779641344
Vancouver,2023-08-31,0.24722482647779467,0.4454380007720852
Vancouver,2023-09-01,0.24344628016706818,0.4177060911462417
Vancouver,2023-09-02,0.24542135220423722,0.43203632308892015
Vancouver,2023-09-03,0.23539696296017182,0.3923131994423302
Vancouver,2023-09-04,0.23763128750425258,0.42080042851662314
Vancouver,2023-09-05,0.242073474173603,0.4207415587868376
Vancouver,2023-09-06,0.2515269083981544,0.45633833125526113
Vancouver,2023-09-07,0.25150366700728227,0.43945234184010035
Vancouver,2023-09-08,0.24963946091170636,0.42023118425194544
Vancouver,2023-09-09,0.24891170971134743,0.4260108682949632
Vancouver,2023-09-10,0.24099264993966368,0.39670736103057563
Vancouver,2023-09-11,0.24997589136209422,0.42457503046455153
Vancouver,2023-09-12,0.24895251102287194,0.4243068025662426
Vancouver,2023-09-13,0.25389457561267187,0.42484496413628214
Vancouver,2023-09-14,0.25102745085119876,0.4429445629524696
Vancouver,2023-09-15,0.25287518379020724,0.43118021846697147
Vancouver,2023-09-16,0.2531399338316383,0.4471648695012866
Vancouver,2023-09-17,0.24463516009852218,0.43476754926108374
Vancouver,2023-09-18,0.24663917715406902,0.4339485261431396
Vancouver,2023-09-19,0.2498464736170816,0.4628544884815847
Vancouver,2023-09-20,0.24802948189898114,0.41952742250162584
Vancouver,2023-09-21,0.2531809697505094,0.4495533106307795
Vancouver,2023-09-22,0.25732325846185694,0.47212158851740677
Vancouver,2023-09-23,0.25278973728143395,0.4482734381864511
Vancouver,2023-09-24,0.24703379856855173,0.4307421388034069
Vancouver,2023-09-25,0.24933659399552527,0.44042725576624325
Vancouver,2023-09-26,0.2580530578984392,0.4557839238328725
Vancouver,2023-09-27,0.2618735874055023,0.4706959706959707
Vancouver,2023-09-28,0.2574017137814217,0.4465582030916389
Vancouver,2023-09-29,0.2550731785149621,0.439194383603371
Vancouver,2023-09-30,0.2532370983046795,0.4385493017730258
Vancouver,2023-10-01,0.24725583012620417,0.4309038177349634
Vancouver,2023-10-02,0.24817058297422553,0.42690462639238963
Vancouver,2023-10-03,0.2579547728637182,0.47878727236341806
Vancouver,2023-10-04,0.25587134282786456,0.4614955629448383
Vancouver,2023-10-05,0.25850156252060286,0.45295955906591595
Vancouver,2023-10-06,0.25928137376424704,0.4563367294494664
Vancouver,2023-10-07,0.25890377423793487,0.4618819695933683
Vancouver,2023-10-08,0.25172621078455265,0.4383763058276876
Vancouver,2023-10-09,0.2550895673301843,0.4753406878650227
Vancouver,2023-10-10,0.2573754574650833,0.4604186611804806
Vancouver,2023-10-11,0.25945887747476154,0.4742232130416609
Vancouver,2023-10-12,0.2604162694387456,0.49945468550988814
Vancouver,2023-10-13,0.2572649705969521,0.48228797828698
Vancouver,2023-10-14,0.2562736260085132,0.4304807638057386
Vancouver,2023-10-15,0.26261268882175226,0.4319226586102719
Vancouver,2023-10-16,0.2668443782441067,0.43738845722433894
Vancouver,2023-10-17,0.26891254049051366,0.4431096714484035
Vancouver,2023-10-18,0.2762208776025537,0.4468769355376626
Vancouver,2023-10-19,0.2667288806986872,0.4243745127223758
Vancouver,2023-10-20,0.2595886343764758,0.40936443590355026
Vancouver,2023-10-21,0.26075837027211435,0.4215601605107333
Vancouver,2023-10-22,0.25908172906066623,0.40413369275975347
Vancouver,2023-10-23,0.2716826761451845,0.4306581198841123
Vancouver,2023-10-24,0.27111728377306704,0.43982955782830047
Vancouver,2023-10-25,0.2715289949445097,0.45311755234703105
Vancouver,2023-10-26,0.27635878504331296,0.4622647026572609
Vancouver,2023-10-27,0.2666555357813692,0.44017971320262134
Vancouver,2023-10-28,0.262708438032549,0.40874825711230434
Vancouver,2023-10-29,0.2575170532060027,0.4053925337963537
Vancouver,2023-10-30,0.2568486567020714,0.438338059306964
Vancouver,2023-10-31,0.2598414870566769,0.42794503364123615
Vancouver,2023-11-01,0.2583424507658643,0.42805156502711444
Vancouver,2023-11-02,0.26038838612368026,0.4387254901960784
Vancouver,2023-11-03,0.2599095062670782,0.4326939032889715
Vancouver,2023-11-04,0.2582823804213986,0.43708878754089003
Vancouver,2023-11-05,0.26481762748704973,0.41876416955811024
Vancouver,2023-11-06,0.2741958602735799,0.4175676879748037
Vancouver,2023-11-07,0.27590375385499244,0.42164939816237046
Vancouver,2023-11-08,0.2754973589376512,0.42368893057543894
Vancouver,2023-11-09,0.2723684155153331,0.4271135369892645
Vancouver,2023-11-10,0.2663493090539354,0.42810505573365487
Vancouver,2023-11-11,0.256857632801892,0.34644193562781683
Vancouver,2023-11-12,0.2737516107442887,0.4216953520662478
Vancouver,2023-11-13,0.27571927185776546,0.4308978363993984
Vancouver,2023-11-14,0.2630969670181642,0.41679821515017573
Vancouver,2023-11-15,0.2651383692588543,0.40459592565473385
Vancouver,2023-11-16,0.2664141047599694,0.4019411463020486
Vancouver,2023-11-17,0.26823648420816004,0.41044478731339473
Vancouver,2023-11-18,0.2615484644377394,0.3965387624069164
Vancouver,2023-11-19,0.2584755107359811,0.3833677499548908
Vancouver,2023-11-20,0.26739460792643555,0.40883336812821347
Vancouver,2023-11-21,0.26483972090201235,0.41918293052887046
Vancouver,2023-11-22,0.26381697027211026,0.42001217172446514
Vancouver,2023-11-23,0.2721555924520107,0.4225815353851583
Vancouver,2023-11-24,0.2783318139117316,0.43168387392348595
Vancouver,2023-11-25,0.27373796768151926,0.42925976741147265
Vancouver,2023-11-26,0.26546229802513466,0.4068503141831239
Vancouver,2023-11-27,0.27086251971804576,0.422379844020606
Vancouver,2023-11-28,0.26461633387954925,0.41293924864963283
Vancouver,2023-11-29,0.2685452418096724,0.4220505070202808
Vancouver,2023-11-30,0.27429931064701357,0.42864203066168716
Vancouver,2023-12-01,0.2771992989181582,0.42736636706642145
Vancouver,2023-12-02,0.2777370942553886,0.4187231451990012
Vancouver,2023-12-03,0.2611934295413228,0.38922406165033707
Vancouver,2023-12-04,0.2587747693588291,0.39698027700062427
Vancouver,2023-12-05,0.2649073901392829,0.3976285593694481
Vancouver,2023-12-06,0.2707936042247323,0.40591378696116853
Vancouver,2023-12-07,0.27401673060036047,0.4216111290844387
Vancouver,2023-12-08,0.28374971668046645,0.43130715537937064
Vancouver,2023-12-09,0.28594415477759316,0.43236119864779693
Vancouver,2023-12-10,0.2790665449836827,0.4085824728721803
Vancouver,2023-12-11,0.27806039760858603,0.420131635813585
Vancouver,2023-12-12,0.2767639653654842,0.4278191718011176
Vancouver,2023-12-13,0.278367129584215,0.42319819504197087
Vancouver,2023-12-14,0.2796015761821366,0.4185639229422067
Vancouver,2023-12-15,0.28265240955537146,0.41241197183098594
Vancouver,2023-12-16,0.2878943652963277,0.413769087540923
Vancouver,2023-12-17,0.2778130589866531,0.3997184559531748
Vancouver,2023-12-18,0.27465879280257943,0.38535900428748077
Vancouver,2023-12-19,0.26538092571130717,0.3824173630480711
Vancouver,2023-12-20,0.27835586469961293,0.4226501000355266
Vancouver,2023-12-21,0.27816014546434104,0.42678070352661235
Vancouver,2023-12-22,0.2732100690965173,0.41032265372450266
Vancouver,2023-12-23,0.27641392239751367,0.3976683760994899
Vancouver,2023-12-24,0.29392177072208414,0.41955312212889595
Vancouver,2023-12-25,0.284044588087857,0.4122947035155992
Vancouver,2023-12-26,0.28481613065233163,0.41151113260542027
Vancouver,2023-12-27,0.27099003284469153,0.40238775693980366
Vancouver,2023-12-28,0.276231835492621,0.41170317304339554
Vancouver,2023-12-29,0.28996717509034614,0.44375239456162696
Vancouver,2023-12-30,0.29570717535143604,0.44138634511086117
Vancouver,2023-12-31,0.28824132084538456,0.4142329975610419
Vancouver,2024-01-01,0.27565553976916163,0.4286926355635659
Vancouver,2024-01-02,0.2666515813012459,0.403218507081248
Vancouver,2024-01-03,0.27257026938119083,0.4300184582769838
Vancouver,2024-01-04,0.2813661307403485,0.44711177433330124
Vancouver,2024-01-05,0.28695591849678903,0.44480892729723304
Vancouver,2024-01-06,0.2985494513296326,0.44675035387352846
Vancouver,2024-01-07,0.2814665052669534,0.40442647298701073
Vancouver,2024-01-08,0.27894304334260567,0.4256039093158258
Vancouver,2024-01-09,0.28174939219275,0.4258084909599647
Vancouver,2024-01-10,0.2784569990768061,0.4209981355103814
Vancouver,2024-01-11,0.2854341427380141,0.43714325967839585
Vancouver,2024-01-12,0.2845600671671757,0.4367610495276801
Vancouver,2024-01-13,0.2869288973139699,0.4316885683074155
Vancouver,2024-01-14,0.2815235778822392,0.41167941252134055
Vancouver,2024-01-15,0.27930020258185917,0.4222941759834544
Vancouver,2024-01-16,0.28412987826215075,0.421109821905446
Vancouver,2024-01-17,0.29002534315807976,0.4339246736885282
Vancouver,2024-01-18,0.2878208917412599,0.438759640826437
Vancouver,2024-01-19,0.28046607215998504,0.4186960614531161
Vancouver,2024-01-20,0.2971568371467507,0.4358312200670284
Vancouver,2024-01-21,0.28621076624975245,0.42625433449696537
Vancouver,2024-01-22,0.2834872036366813,0.43651188491438075
Vancouver,2024-01-23,0.27938606169505537,0.4225904637812127
Vancouver,2024-01-24,0.2788840630522979,0.40537146618774017
Vancouver,2024-01-25,0.28297009267490214,0.4097552170077689
Vancouver,2024-01-26,0.2782281307231509,0.4140587947728251
Vancouver,2024-01-27,0.28404012038897036,0.40778983366581634
Vancouver,2024-01-28,0.27574787790686894,0.39584221787935314
Vancouver,2024-01-29,0.28382187575978607,0.42094426209579383
Vancouver,2024-01-30,0.2885460032879939,0.4470894710582924
Vancouver,2024-01-31,0.282445043190675,0.4269998573801897
Vancouver,2024-02-01,0.28397504592774037,0.4204340171463564
Vancouver,2024-02-02,0.28245112408595435,0.40513147040214004
Vancouver,2024-02-03,0.28364432820654,0.4067845329813808
Vancouver,2024-02-04,0.2859354209003252,0.4031218187987784
Vancouver,2024-02-05,0.28903760725252453,0.42124669140168985
Vancouver,2024-02-06,0.28363980657542,0.4021250584953367
Vancouver,2024-02-07,0.27957239296808567,0.3605365912916717
Vancouver,2024-02-08,0.2836827832528606,0.3961505390568159
Vancouver,2024-02-09,0.2790205027508005,0.40285517168179164
Vancouver,2024-02-10,0.2783606014539653,0.39333448727404086
Vancouver,2024-02-11,0.2830345121991265,0.38970708961350276
Vancouver,2024-02-12,0.2886973859701908,0.3998374370742266
Vancouver,2024-02-13,0.29249787264366467,0.4172678456901647
Vancouver,2024-02-14,0.28508152688579347,0.4116548149933711
Vancouver,2024-02-15,0.2769169860201952,0.39902214398007385
Vancouver,2024-02-16,0.2765089464479317,0.3978221473057778
Vancouver,2024-02-17,0.27912993484093523,0.3946275712278012
Vancouver,2024-02-18,0.27050356163707884,0.3688647564399249
Vancouver,2024-02-19,0.27325849076873493,0.39190672048373976
Vancouver,2024-02-20,0.27102691619770536,0.3873802149224214
Vancouver,2024-02-21,0.27429258672722384,0.402657842053366
Vancouver,2024-02-22,0.2797225399938261,0.3941457391367507
Vancouver,2024-02-23,0.27262075826240745,0.38958770863269593
Vancouver,2024-02-24,0.2710325563552227,0.3794591656909484
Vancouver,2024-02-25,0.2635104678511338,0.3606912218220443
Vancouver,2024-02-26,0.26273823950644487,0.3721080753552936
Vancouver,2024-02-27,0.25707227635219004,0.3614993956012753
Vancouver,2024-02-28,0.26825208655147226,0.3823687897402737
Vancouver,2024-02-29,0.27195577232835055,0.3758448870222343
Vancouver,2024-03-01,0.27385146044327024,0.38591296051665935
Vancouver,2024-03-02,0.26673353231907,0.38103351741528
Vancouver,2024-03-03,0.2708351604544548,0.3714450867052023
Vancouver,2024-03-04,0.27468824206919107,0.3814822187779942
Vancouver,2024-03-05,0.2780047928637922,0.38593395418740023
Vancouver,2024-03-06,0.2808531902222648,0.403482171582687
Vancouver,2024-03-07,0.2775752557718772,0.40114306742257844
Vancouver,2024-03-08,0.2815924308693034,0.40850301258036253
Vancouver,2024-03-09,0.27573401460189007,0.40806890195163553
Vancouver,2024-03-10,0.27559152014617866,0.3906400909887569
Vancouver,2024-03-11,0.27944099623582164,0.397162002929684
Vancouver,2024-03-12,0.27563584005202063,0.4045610952202168
Vancouver,2024-03-13,0.26808916897495066,0.3996292474922831
Vancouver,2024-03-14,0.2620481073673267,0.41090213127924013
Vancouver,2024-03-15,0.272043409702254,0.3712828123550691
Vancouver,2024-03-16,0.26536108289433274,0.32212208546927784
Vancouver,2024-03-17,0.2659323401372871,0.3512427894053336
Vancouver,2024-03-18,0.2677567456757448,0.37519637253747823
Vancouver,2024-03-19,0.2725635570455376,0.3908881868781295
Vancouver,2024-03-20,0.2805814877910278,0.3765633162975582
Vancouver,2024-03-21,0.28258008111324284,0.37858513247686815
Vancouver,2024-03-22,0.27448826466059223,0.3768451405984876
Vancouver,2024-03-23,0.27372615125277755,0.37282456005925474
Vancouver,2024-03-24,0.2645159421968666,0.36079464828704644
Vancouver,2024-03-25,0.2767164070062647,0.3653266607002612
Vancouver,2024-03-26,0.2942715364348158,0.4029149714647476
Vancouver,2024-03-27,0.2936073987050499,0.40252983420046107
Vancouver,2024-03-28,0.3013133678297151,0.4111332735909963
Vancouver,2024-03-29,0.28892980163914955,0.38175555291602326
Vancouver,2024-03-30,0.28697597607650166,0.398983474486437
Vancouver,2024-03-31,0.29255923656362254,0.3864297013757617
Vancouver,2024-04-01,0.29360049069719896,0.3960590881210386
Vancouver,2024-04-02,0.29434947985885157,0.38836187362836005
Vancouver,2024-04-03,0.2951082494553588,0.4036033589977309
Vancouver,2024-04-04,0.3025655487120984,0.4307340302123323
Vancouver,2024-04-05,0.3011912269232327,0.4273837555757404
Vancouver,2024-04-06,0.306890147134654,0.41526615902958214
Vancouver,2024-04-07,0.30241636631301083,0.409863444844916
Vancouver,2024-04-08,0.301357397845178,0.4188872675974435
Vancouver,2024-04-09,0.3022133187902612,0.435536212789624
Vancouver,2024-04-10,0.2982572295074965,0.42292084917346545
Vancouver,2024-04-11,0.287402398776463,0.39056588585687835
Vancouver,2024-04-12,0.28694690050760435,0.3579241602205119
Vancouver,2024-04-13,0.2900421473881391,0.36004938481842563
Vancouver,2024-04-14,0.3063412370963199,0.4225668726836893
Vancouver,2024-04-15,0.295610821120257,0.42357207388074686
Vancouver,2024-04-16,0.29632058470164196,0.4077593111734081
Vancouver,2024-04-17,0.30572909619413324,0.44217480765372535
Vancouver,2024-04-18,0.300632603406326,0.42124435175530067
Vancouver,2024-04-19,0.2982893175705379,0.4399701256895435
Vancouver,2024-04-20,0.29923018826719566,0.43817847620954165
Vancouver,2024-04-21,0.29105355494934537,0.425351641330913
Vancouver,2024-04-22,0.29988431357569273,0.4494635860608773
Vancouver,2024-04-23,0.2965312340739295,0.438171605781638
Vancouver,2024-04-24,0.2920565062981198,0.4448050406066459
Vancouver,2024-04-25,0.2866151953423941,0.4318941382750971
Vancouver,2024-04-26,0.2933643034366257,0.4388639603019585
Vancouver,2024-04-27,0.2986860260000349,0.4477757919065722
Vancouver,2024-04-28,0.28918335798569794,0.41886962420899276
Vancouver,2024-04-29,0.2953092034063207,0.4346283765318058
Vancouver,2024-04-30,0.29537910212790197,0.4358133826339584
Vancouver,2024-05-01,0.29318828504503935,0.4262679934812113
Vancouver,2024-05-02,0.28272887152489357,0.41524836305517204
Vancouver,2024-05-03,0.28377173301828384,0.43348461009786604
Vancouver,2024-05-04,0.285864897681168,0.43870642935410314
Vancouver,2024-05-05,0.2879574130652798,0.42601511299764444
Vancouver,2024-05-06,0.29906144353294406,0.41537625002955153
Vancouver,2024-05-07,0.3013919233019663,0.42992876659384077
Vancouver,2024-05-08,0.29251559374944364,0.4324528033140056
Vancouver,2024-05-09,0.28991218789674145,0.4194033008887008
Vancouver,2024-05-10,0.29742344325124276,0.4298182370128638
Vancouver,2024-05-11,0.29267916520151266,0.4108970443987933
Vancouver,2024-05-12,0.29394146336217325,0.4134022337056176
Vancouver,2024-05-13,0.30311035527126634,0.42948316796682795
Vancouver,2024-05-14,0.2964095208681223,0.41332649332837784
Vancouver,2024-05-15,0.2943874126333676,0.4257530311351443
Vancouver,2024-05-16,0.2914430260390223,0.4372869369696091
Vancouver,2024-05-17,0.2899875186747102,0.43120614988937006
Vancouver,2024-05-18,0.286290626243935,0.43813944981764585
Vancouver,2024-05-19,0.28049548387096773,0.41187612903225806
Vancouver,2024-05-20,0.28231242035445786,0.42596866891508056
Vancouver,2024-05-21,0.28807917607513683,0.4351505121480297
Vancouver,2024-05-22,0.29036427683552823,0.44512721401109223
Vancouver,2024-05-23,0.29263360928427,0.4650401364761754
Vancouver,2024-05-24,0.2893383836942384,0.46055866559570746
Vancouver,2024-05-25,0.2885177083465045,0.46794036946653683
Vancouver,2024-05-26,0.28197078134377157,0.42825216542309724
Vancouver,2024-05-27,0.28877875915166124,0.4417171844363296
Vancouver,2024-05-28,0.28805437343931345,0.453210178313931
Vancouver,2024-05-29,0.285982445467976,0.4551751108021205
Vancouver,2024-05-30,0.2974429912810195,0.454011569416499
Vancouver,2024-05-31,0.3014506854270354,0.44275634389019863
Vancouver,2024-06-01,0.2994141869699495,0.4313201627530761
Vancouver,2024-06-02,0.28748497631013537,0.4109182200813948
Vancouver,2024-06-03,0.29206831636008984,0.4302841978724852
Vancouver,2024-06-04,0.2935730765710873,0.43200986460255
Vancouver,2024-06-05,0.29816959072555116,0.4584417837931633
Vancouver,2024-06-06,0.293612726397274,0.43445127597318417
Vancouver,2024-06-07,0.2980263008471689,0.4283949215289923
Vancouver,2024-06-08,0.29436958063556706,0.4103868768445858
Vancouver,2024-06-09,0.2888290765447398,0.4065410607439537
Vancouver,2024-06-10,0.28654889972281394,0.42101979518534033
Vancouver,2024-06-11,0.28405729886767356,0.4182694831901153
Vancouver,2024-06-12,0.2963047538269571,0.4396250112137795
Vancouver,2024-06-13,0.29340315961141844,0.43737421103083673
Vancouver,2024-06-14,0.2849533171312325,0.42239057924773377
Vancouver,2024-06-15,0.289008045317589,0.40899666171269045
Vancouver,2024-06-16,0.29037956502822754,0.4152517940357811
Vancouver,2024-06-17,0.2901412416123129,0.4235512176810098
Vancouver,2024-06-18,0.2950102516564759,0.42364228340236265
Vancouver,2024-06-19,0.30019262300264277,0.44481582796279046
Vancouver,2024-06-20,0.29115727505266326,0.4266664158892567
Vancouver,2024-06-21,0.28969861359550514,0.4278929985897153
Vancouver,2024-06-22,0.3042048499407827,0.44782575827572596
Vancouver,2024-06-23,0.3121323544153558,0.45815205841429724
Vancouver,2024-06-24,0.30153802383183825,0.45806416521622706
Vancouver,2024-06-25,0.2965339827156877,0.45947158341877836
Vancouver,2024-06-26,0.2997444899146222,0.46407278921456613
Vancouver,2024-06-27,0.2945887395466934,0.4632020312609192
Vancouver,2024-06-28,0.296426578352713,0.46727108053464095
Vancouver,2024-06-29,0.29638443024918115,0.4604286929299144
Vancouver,2024-06-30,0.2950618281055392,0.4414556491207189
Vancouver,2024-07-01,0.29724962435487035,0.4639135689553799
Vancouver,2024-07-02,0.296913400258258,0.476565168492523
Vancouver,2024-07-03,0.28928433301741246,0.4368335380443791
Vancouver,2024-07-04,0.28605375677522926,0.45883998537663123
Vancouver,2024-07-05,0.2948320984233838,0.4783201231041106
Vancouver,2024-07-06,0.29708821755221154,0.47324616463146224
Vancouver,2024-07-07,0.2948488529376827,0.4555295415965759
Vancouver,2024-07-08,0.2895680926909454,0.4409045870932718
Vancouver,2024-07-09,0.28302603702907675,0.44138598053363626
Vancouver,2024-07-10,0.2905197122924666,0.44489886972040454
Vancouver,2024-07-11,0.29179865495957086,0.45826335296327003
Vancouver,2024-07-12,0.2906195887717747,0.4566884036855802
Vancouver,2024-07-13,0.2841633466135458,0.43962994177137604
Vancouver,2024-07-14,0.2803908408513512,0.4190051099188425
Vancouver,2024-07-15,0.2849583734740535,0.42831466490287146
Vancouver,2024-07-16,0.2834786039409371,0.42753395533020144
Vancouver,2024-07-17,0.2768883964390784,0.4054475137652458
Vancouver,2024-07-18,0.28273785201771734,0.41804913129464066
Vancouver,2024-07-19,0.27785885331419774,0.4180863844162965
Vancouver,2024-07-20,0.276262006089253,0.39663829500916753
Vancouver,2024-07-21,0.2822694915469307,0.4043811304314724
Vancouver,2024-07-22,0.29047543102724666,0.4183986099686068
Vancouver,2024-07-23,0.2897698859677168,0.4199683562463622
Vancouver,2024-07-24,0.2833888637270685,0.42294877601445735
Vancouver,2024-07-25,0.2827154093526986,0.41964423131444867
Vancouver,2024-07-26,0.28241814784390545,0.3996470450175575
Vancouver,2024-07-27,0.2907885994650675,0.4168469650249578
Vancouver,2024-07-28,0.2854413401626585,0.40669313669880885
Vancouver,2024-07-29,0.3039814105424451,0.44692575161857934
Vancouver,2024-07-30,0.30289868211751325,0.424817235496287
Vancouver,2024-07-31,0.2964744635871994,0.4092604960155061
Vancouver,2024-08-01,0.2873257909325868,0.38748946066140205
Vancouver,2024-08-02,0.280908247898006,0.42420129409265867
Vancouver,2024-08-03,0.280878717389717,0.4177454181313695
Vancouver,2024-08-04,0.27172495150807063,0.36418289681144295
Vancouver,2024-08-05,0.2846450539839124,0.3830444154491012
Vancouver,2024-08-06,0.28309534400275965,0.39890067992628836
Vancouver,2024-08-07,0.2829737077413586,0.40748936477686354
Vancouver,2024-08-08,0.28224561466862874,0.4041862648622785
Vancouver,2024-08-09,0.28815744353918077,0.4153814767710879
Vancouver,2024-08-10,0.28989681322779826,0.443951763292031
Vancouver,2024-08-11,0.27409694020954284,0.3991344970293767
Vancouver,2024-08-12,0.2747917226552002,0.39279052120713914
Vancouver,2024-08-13,0.26909241479257784,0.39377862891747106
Vancouver,2024-08-14,0.27572335215631405,0.40407359285726185
Vancouver,2024-08-15,0.276588216634335,0.4020472652294328
Vancouver,2024-08-16,0.27872404176366194,0.4133404015027543
Vancouver,2024-08-17,0.2741489998746652,0.39415939802156685
Vancouver,2024-08-18,0.271465637482565,0.38156967239750234
Vancouver,2024-08-19,0.2730528428570701,0.3690186908746351
Vancouver,2024-08-20,0.27814714823620007,0.3749490716489145
Vancouver,2024-08-21,0.2750256648652837,0.3747070331415732
Vancouver,2024-08-22,0.2813930968832576,0.39395033563656057
Vancouver,2024-08-23,0.27524619139803047,0.39686474202508204
Vancouver,2024-08-24,0.2781747513841633,0.39710813506314413
Vancouver,2024-08-25,0.2694821936492623,0.3805036677256774
Vancouver,2024-08-26,0.27479435108126343,0.39254843996015554
Vancouver,2024-08-27,0.2754540800655268,0.396023343913177
Vancouver,2024-08-28,0.27704462274774777,0.40104606559684686
Vancouver,2024-08-29,0.28106681508478687,0.40159519556181944
Vancouver,2024-08-30,0.2867413336150954,0.4197990684241576
Vancouver,2024-08-31,0.2869883739448957,0.4186308860221904
Vancouver,2024-09-01,0.2850674793208533,0.41126870288476963
Vancouver,2024-09-02,0.27542336561891584,0.3967942987987804
Vancouver,2024-09-03,0.2765868667449197,0.4120023553910768
Vancouver,2024-09-04,0.2720428579324285,0.40470268691127587
Vancouver,2024-09-05,0.27232743409214,0.4146691940809588
Vancouver,2024-09-06,0.27639320533015455,0.40088977819404825
Vancouver,2024-09-07,0.28142361190104603,0.40726366031331473
Vancouver,2024-09-08,0.27003797048023753,0.3983772311868061
Vancouver,2024-09-09,0.27070572801278875,0.404992137340249
Vancouver,2024-09-10,0.27656108270568114,0.4189302008637457
Vancouver,2024-09-11,0.2806134811187009,0.4339167418481763
Vancouver,2024-09-12,0.2792115882671806,0.4294254050472806
Vancouver,2024-09-13,0.2797817976057857,0.4203799975244461
Vancouver,2024-09-14,0.2784581749233344,0.4128333865397452
Vancouver,2024-09-15,0.2730760388528076,0.3927955629633887
Vancouver,2024-09-16,0.27930052544345313,0.3987419332087315
Vancouver,2024-09-17,0.2784390699848113,0.41861899754644233
Vancouver,2024-09-18,0.2831650043270788,0.43205519321978175
Vancouver,2024-09-19,0.27741142118052836,0.43139550834835777
Vancouver,2024-09-20,0.27734496877535053,0.4095349183263012
Vancouver,2024-09-21,0.2915069824830345,0.4342552952833187
Vancouver,2024-09-22,0.29276281371830976,0.4109351614708197
Vancouver,2024-09-23,0.2870085186845747,0.4041940388701534
Vancouver,2024-09-24,0.28035345932987676,0.40451023025032057
Vancouver,2024-09-25,0.2783534571587096,0.42652117625300534
Vancouver,2024-09-26,0.27725727336430406,0.44117204328981857
Vancouver,2024-09-27,0.28504902849506086,0.4325903517723296
Vancouver,2024-09-28,0.2941460476737993,0.44050232196986666
Vancouver,2024-09-29,0.2893751139833619,0.4193044559895626
Vancouver,2024-09-30,0.2891431950483004,0.43627401084759565
Vancouver,2024-10-01,0.2899829254410928,0.44657594113342547
Vancouver,2024-10-02,0.29106714033381625,0.4508702641554369
Vancouver,2024-10-03,0.28125531204023374,0.4384272257814927
Vancouver,2024-10-04,0.2860512091985661,0.4347232550138178
Vancouver,2024-10-05,0.28343659094441853,0.42613749916727733
Vancouver,2024-10-06,0.27831221693516023,0.4006134265894628
Vancouver,2024-10-07,0.2754545100128653,0.41854556795883097
Vancouver,2024-10-08,0.28843457415532137,0.4449828124293274
Vancouver,2024-10-09,0.2893371874024313,0.45002971124696595
Vancouver,2024-10-10,0.281879097430748,0.42578038253951395
Vancouver,2024-10-11,0.29283920516884065,0.4658539558698037
Vancouver,2024-10-12,0.2961458777805767,0.47133699021689396
Vancouver,2024-10-13,0.2936621336717259,0.44709785074089986
Vancouver,2024-10-14,0.29815611400397457,0.41958091213241766
Vancouver,2024-10-15,0.2890267708523428,0.43837063335379445
Vancouver,2024-10-16,0.2829691902628297,0.42614747409426146
Vancouver,2024-10-17,0.28582315042285944,0.43089565203489455
Vancouver,2024-10-18,0.2890840594977728,0.42051505192886834
Vancouver,2024-10-19,0.2982230541765009,0.43817584981416674
Vancouver,2024-10-20,0.2839873603762493,0.4197959533607682
Vancouver,2024-10-21,0.28014859366707945,0.450026534583407
Vancouver,2024-10-22,0.2709315878443571,0.4761603359242935
Vancouver,2024-10-23,0.266993035923602,0.4529062952492588
Vancouver,2024-10-24,0.2723569871611316,0.4367728098830652
Vancouver,2024-10-25,0.27760726370535166,0.43534475227573194
Vancouver,2024-10-26,0.28175173466867265,0.4298160914378102
Vancouver,2024-10-27,0.2628339556373928,0.39804158923385563
Vancouver,2024-10-28,0.2704277636293003,0.411447317304787
Vancouver,2024-10-29,0.27200691239383784,0.4137531348127542
Vancouver,2024-10-30,0.2792580902956916,0.4198203392916755
Vancouver,2024-10-31,0.27893403750808365,0.42906876482000433
Vancouver,2024-11-01,0.2793314842941733,0.42814611811838255
Vancouver,2024-11-02,0.27682058474484844,0.4112471679792858
Vancouver,2024-11-03,0.27362999919530057,0.41038062283737026
Vancouver,2024-11-04,0.2774330027651303,0.43385517370423504
Vancouver,2024-11-05,0.2816773162939297,0.44542598509052184
Vancouver,2024-11-06,0.28807616241524053,0.416133556667743
Vancouver,2024-11-07,0.28583885319872043,0.4351509930504851
Vancouver,2024-11-08,0.2875644883920894,0.4403321152192605
Vancouver,2024-11-09,0.2851833785095373,0.4283056157625559
Vancouver,2024-11-10,0.2757877740754453,0.40711773417252867
Vancouver,2024-11-11,0.27871253474096735,0.4094935316817627
Vancouver,2024-11-12,0.2765458278959085,0.4102489061180625
Vancouver,2024-11-13,0.28039490877413736,0.43644678894642597
Vancouver,2024-11-14,0.2823920423747349,0.4228486929067965
Vancouver,2024-11-15,0.2760651949503272,0.42677406218333
Vancouver,2024-11-16,0.27923449854654725,0.4258837139761859
Vancouver,2024-11-17,0.27551549272873244,0.3976331541346125
Vancouver,2024-11-18,0.2819826753513742,0.42304374551258545
Vancouver,2024-11-19,0.2811453948894707,0.4210386769628476
Vancouver,2024-11-20,0.2746058017264447,0.4159175825809457
Vancouver,2024-11-21,0.2736985515560017,0.424089856794575
Vancouver,2024-11-22,0.2763199664258005,0.43754068988523437
Vancouver,2024-11-23,0.2741365618993912,0.43282388279568657
Vancouver,2024-11-24,0.2740131691563295,0.4056134384735647
Vancouver,2024-11-25,0.27957433619175537,0.4279748342858386
Vancouver,2024-11-26,0.27998405241900537,0.4334159602928346
Vancouver,2024-11-27,0.27876876223624103,0.44395321757156203
Vancouver,2024-11-28,0.27695047970437026,0.43413390084374764
Vancouver,2024-11-29,0.27607023806399117,0.4158009396572088
Vancouver,2024-11-30,0.2787918352240893,0.4028261104228885
Vancouver,2024-12-01,0.28469143282020215,0.41090518547076804
Vancouver,2024-12-02,0.28060626618971257,0.417396488631224
Vancouver,2024-12-03,0.2820087303021369,0.42204543941569744
Vancouver,2024-12-04,0.28477706016823134,0.44252391415318376
Vancouver,2024-12-05,0.28374533206095226,0.4471809352000732
Vancouver,2024-12-06,0.2793320691297666,0.4084201349881818
Vancouver,2024-12-07,0.2940000399066185,0.43143843406428956
Vancouver,2024-12-08,0.28692045079108697,0.4248294033911302
Vancouver,2024-12-09,0.28170264794866534,0.4330114503476158
Vancouver,2024-12-10,0.2833471484063907,0.42744648690818665
Vancouver,2024-12-11,0.28873958569715047,0.43006613284922357
Vancouver,2024-12-12,0.2924820548016039,0.48416074761083244
Vancouver,2024-12-13,0.29440769751010876,0.4722687221500074
Vancouver,2024-12-14,0.29663958740949786,0.4625007889350729
Vancouver,2024-12-15,0.2965925862548395,0.4426129922354602
Vancouver,2024-12-16,0.2990734501347709,0.47476415094339625
Vancouver,2024-12-17,0.2909125632877959,0.4609139448512381
Vancouver,2024-12-18,0.2861980693238416,0.4873080605097019
Vancouver,2024-12-19,0.28506937698749474,0.5246935040235585
Vancouver,2024-12-20,0.28344342303847586,0.46759540563319546
Vancouver,2024-12-21,0.2912975241916012,0.45047918872234916
Vancouver,2024-12-22,0.28712962193783637,0.43464688110738503
Vancouver,2024-12-23,0.2972792836688071,0.46163463615762595
Vancouver,2024-12-24,0.2953907663178537,0.46575828782986495
Vancouver,2024-12-25,0.2871763087481671,0.4341015252981814
Vancouver,2024-12-26,0.28439568394925535,0.4508454564258136
Vancouver,2024-12-27,0.29153293471708563,0.45719219928640087
Vancouver,2024-12-28,0.2842173504624056,0.43490379229897375
Vancouver,2024-12-29,0.2817889218400821,0.4181037915735522
Vancouver,2024-12-30,0.28212160870251257,0.43538551499457023
Vancouver,2024-12-31,0.28156727860428493,0.428892296216485
Vancouver,2025-01-01,0.2879241727488785,0.46845453224392597
Vancouver,2025-01-02,0.2854808329104561,0.4648696534700302
Vancouver,2025-01-03,0.28112466069764613,0.45647701747041375
Vancouver,2025-01-04,0.28894874393300973,0.44617046242466263
Vancouver,2025-01-05,0.291933181154569,0.4302209280753688
Vancouver,2025-01-06,0.29619962272174144,0.45660169096658326
Vancouver,2025-01-07,0.28310820030017736,0.4526856779005776
Vancouver,2025-01-08,0.28320578272324576,0.4280971636475936
Vancouver,2025-01-09,0.2838759088889099,0.4282958746607918
Vancouver,2025-01-10,0.2854350904265692,0.4190485073044997
Vancouver,2025-01-11,0.28643273324079505,0.41805087355865983
Vancouver,2025-01-12,0.28368378603507316,0.4083835396677788
Vancouver,2025-01-13,0.2857905444029725,0.4253589562527321
Vancouver,2025-01-14,0.28807018384908556,0.4315659531628275
Vancouver,2025-01-15,0.2869811604620451,0.4236263185169088
Vancouver,2025-01-16,0.2945489838767183,0.4260309788852355
Vancouver,2025-01-17,0.3006877126532708,0.42272661616485846
Vancouver,2025-01-18,0.3015984834900223,0.4245288657769125
Vancouver,2025-01-19,0.292467438220167,0.4165629443359169
Vancouver,2025-01-20,0.29440325697810726,0.4157953933403035
Vancouver,2025-01-21,0.30006722531423924,0.42679085110374587
Vancouver,2025-01-22,0.30105254535774256,0.42622353278453534
Vancouver,2025-01-23,0.29429020675412454,0.43598601300133766
Vancouver,2025-01-24,0.2985952303168899,0.44122559598032496
Vancouver,2025-01-25,0.29920952300638687,0.4280515030602689
Vancouver,2025-01-26,0.287348568653374,0.4229986779267733
Vancouver,2025-01-27,0.29605821108284164,0.4142306790090041
Vancouver,2025-01-28,0.29114239069841524,0.4382117543999363
Vancouver,2025-01-29,0.2900005291658582,0.45986276965410194
Vancouver,2025-01-30,0.2767422123031465,0.4618363562065822
Vancouver,2025-01-31,0.28403907591734223,0.4808529236148301
Vancouver,2025-02-01,0.28270493151031456,0.4759369110709181
Vancouver,2025-02-02,0.2692894692216381,0.4323589434721337
Vancouver,2025-02-03,0.27914054574304814,0.4518846083812398
Vancouver,2025-02-04,0.2799854892205638,0.4522439883913765
Vancouver,2025-02-05,0.28357135405513734,0.45459487061226506
Vancouver,2025-02-06,0.27896153886604336,0.4522837941587876
Vancouver,2025-02-07,0.28171181434826975,0.4538381378673592
Vancouver,2025-02-08,0.2783793282345656,0.4487027150659102
Vancouver,2025-02-09,0.27120061589928496,0.4183407274479504
Vancouver,2025-02-10,0.28499160067194623,0.4369090472762179
Vancouver,2025-02-11,0.29797243335810014,0.4275690258700498
Vancouver,2025-02-12,0.30768040458937196,0.4284231582125604
Vancouver,2025-02-13,0.3106485744566256,0.42571016557499525
Vancouver,2025-02-14,0.302271650746033,0.4128707139285808
Vancouver,2025-02-15,0.3070241012223653,0.41804753796530864
Vancouver,2025-02-16,0.3022801096229431,0.41093135874544395
Vancouver,2025-02-17,0.30725548770490163,0.4260674480822526
Vancouver,2025-02-18,0.3021837153275166,0.4241274905586665
Vancouver,2025-02-19,0.2960459899046551,0.4478855860908581
Vancouver,2025-02-20,0.2997406686543345,0.44848148287927886
Vancouver,2025-02-21,0.2941614501011285,0.45289717560809223
Vancouver,2025-02-22,0.28113384107509554,0.4903043851212602
Vancouver,2025-02-23,0.26998572911261026,0.46046315516346653
Vancouver,2025-02-24,0.2747016721131892,0.45699093477096914
Vancouver,2025-02-25,0.28258883883883884,0.4935372872872873
Vancouver,2025-02-26,0.2829633827650263,0.4575548628821511
Vancouver,2025-02-27,0.2840073135980334,0.47528603139465914
Vancouver,2025-02-28,0.2786112140260099,0.47264312671510295
Vancouver,2025-03-01,0.2816407266040395,0.46605612247984174
Vancouver,2025-03-02,0.27548608554155335,0.44025037710973597
Vancouver,2025-03-03,0.2783514010342399,0.4524083586739281
Vancouver,2025-03-04,0.29230405485281946,0.49138196004255824
Vancouver,2025-03-05,0.29264621810502733,0.5365297336397895
Vancouver,2025-03-06,0.28732939443517397,0.4695804366850204
Vancouver,2025-03-07,0.28602779402344947,0.4962987718272203
Vancouver,2025-03-08,0.27759110149082894,0.4919565500711133
Vancouver,2025-03-09,0.2701202746242472,0.458263749486907
Vancouver,2025-03-10,0.2782219765308943,0.4857652586878408
Vancouver,2025-03-11,0.28753528494443237,0.5178053258058786
Vancouver,2025-03-12,0.2962715346007015,0.5405112105885317
Vancouver,2025-03-13,0.29475075800031614,0.5359457401100717
Vancouver,2025-03-14,0.28514645543651695,0.489253286224451
Vancouver,2025-03-15,0.28700518741886766,0.5083569469489189
Vancouver,2025-03-16,0.2793415272573218,0.4768783066114577
Vancouver,2025-03-17,0.281865526465105,0.5071684769392883
Vancouver,2025-03-18,0.2833780954706258,0.4798414537218375
Vancouver,2025-03-19,0.2885363017986501,0.4942210671955473
Vancouver,2025-03-20,0.2926376352760316,0.513523797926909
Vancouver,2025-03-21,0.2890734256811245,0.5237487622878025
Vancouver,2025-03-22,0.2837197996152952,0.5048246633832886
Vancouver,2025-03-23,0.27471056336005056,0.48134677813209226
Vancouver,2025-03-24,0.27889875535647785,0.4797725758823437
Vancouver,2025-03-25,0.28535127651452563,0.4765464313998074
Vancouver,2025-03-26,0.28983703408676026,0.5177818712868001
Vancouver,2025-03-27,0.2838041393771691,0.5118879355536533
Vancouver,2025-03-28,0.2878594587194215,0.4911352703602522
Vancouver,2025-03-29,0.28843071496160305,0.5045799512072662
Vancouver,2025-03-30,0.2790425773765061,0.4803611444902731
Vancouver,2025-03-31,0.2868488639212843,0.5053771456064621
Vancouver,2025-04-01,0.2880298505477256,0.5072597755887968
Vancouver,2025-04-02,0.2819904950758289,0.48869490079650824
Vancouver,2025-04-03,0.2885676322734314,0.5391416692689677
Vancouver,2025-04-04,0.2966371129320584,0.564114407745558
Vancouver,2025-04-05,0.29166927850561025,0.560195574500094
Vancouver,2025-04-06,0.2826544012923035,0.52973346239927
Vancouver,2025-04-07,0.29602196175668755,0.5612139689929345
Vancouver,2025-04-08,0.29888131379712984,0.5497633306966991
Vancouver,2025-04-09,0.2980615197387212,0.5517900828293616
Vancouver,2025-04-10,0.30415075182517043,0.562406324034231
Vancouver,2025-04-11,0.29791943896117,0.5644507230564507
Vancouver,2025-04-12,0.2906385432119559,0.542473456114325
Vancouver,2025-04-13,0.28864121687048305,0.5240892388788068
Vancouver,2025-04-14,0.28670566750239884,0.5159501036926982
Vancouver,2025-04-15,0.29422701083783853,0.5578250717023274
Vancouver,2025-04-16,0.296762665671983,0.5332306563107263
Vancouver,2025-04-17,0.29430534515047774,0.5284792384860377
Vancouver,2025-04-18,0.29390828367871674,0.5461312354641351
Vancouver,2025-04-19,0.29884986586907586,0.5505041472665043
Vancouver,2025-04-20,0.2809632586014399,0.5204945908140087
Vancouver,2025-04-21,0.2809589220303506,0.4983058608058608
Vancouver,2025-04-22,0.2683852568448865,0.4865269147158944
Vancouver,2025-04-23,0.27462429659053295,0.4621471918790687
Vancouver,2025-04-24,0.2812197105582727,0.45553834898635975
Vancouver,2025-04-25,0.2813273880980964,0.4386177328074087
Vancouver,2025-04-26,0.285739890913024,0.4307853953244024
Vancouver,2025-04-27,0.2863336286205288,0.4287476170949374
Vancouver,2025-04-28,0.2847885312243764,0.44223953236173197
Vancouver,2025-04-29,0.28917969899939605,0.4636829630259089
Vancouver,2025-04-30,0.28849313268055465,0.4557345760319551
Vancouver,2025-05-01,0.29052874946554974,0.43649463966175234
Vancouver,2025-05-02,0.29377963976475774,0.46864808116976076
Vancouver,2025-05-03,0.29265611819738757,0.47991274933326517
Vancouver,2025-05-04,0.28430589197521156,0.5165937903048224
Vancouver,2025-05-05,0.3037785632498631,0.4895024823834502
Vancouver,2025-05-06,0.3014979920838991,0.46707884320919885
Vancouver,2025-05-07,0.28757659522599466,0.46623612195736697
Vancouver,2025-05-08,0.30391764423325973,0.48908625975408176
Vancouver,2025-05-09,0.29966503584776455,0.48097469618091365
Vancouver,2025-05-10,0.28313286016685346,0.482938612875109
Vancouver,2025-05-11,0.2586191244352265,0.48065279785473364
Vancouver,2025-05-12,0.279981322638625,0.5282559054362636
Vancouver,2025-05-13,0.28612354629945014,0.5252603279645759
Vancouver,2025-05-14,0.3076774728559582,0.5164840992806587
Vancouver,2025-05-15,0.2752284623801183,0.5111958124219838
Vancouver,2025-05-16,0.2778909063982609,0.5189906223719634
Vancouver,2025-05-17,0.27723408776963127,0.511072149612156
Vancouver,2025-05-18,0.27227024995301635,0.49605859383156886
Vancouver,2025-05-19,0.28178687006378705,0.5112121622043475
Vancouver,2025-05-20,0.30863384294861973,0.5358211546513885
Vancouver,2025-05-21,0.31275687490659093,0.533669294574802
Vancouver,2025-05-22,0.31773602045622773,0.565586938967768
Vancouver,2025-05-23,0.31268638047626046,0.5349134559258568
Vancouver,2025-05-24,0.3115708316668227,0.5423875211682311
Vancouver,2025-05-25,0.30241338372927146,0.5233682497199837
Vancouver,2025-05-26,0.30801510517172725,0.5342601222591246
Vancouver,2025-05-27,0.300037809599378,0.5235990478371312
Vancouver,2025-05-28,0.3064171459099337,0.5094238081769901
Vancouver,2025-05-29,0.3009178844351737,0.5420262465545026
Vancouver,2025-05-30,0.29681691896842316,0.523807691419688
Vancouver,2025-05-31,0.28752113683009806,0.5116096926172717
Vancouver,2025-06-01,0.28445738275334254,0.5080248642898614
Vancouver,2025-06-02,0.28918643693485524,0.5130563519100921
Vancouver,2025-06-03,0.28440928672520044,0.5013154567274631
Vancouver,2025-06-04,0.28032696650153643,0.4691041793981632
Vancouver,2025-06-05,0.2817427619011948,0.49052867148582346
Vancouver,2025-06-06,0.2768282969801073,0.47030966615167596
Vancouver,2025-06-07,0.2791496283577706,0.4667781216817658
Vancouver,2025-06-08,0.2919322503805542,0.48347714700579497
Vancouver,2025-06-09,0.28985134671934476,0.48542782919305083
Vancouver,2025-06-10,0.297902058437619,0.4800293457864812
Vancouver,2025-06-11,0.2968483259497806,0.4978523767171502
Vancouver,2025-06-12,0.29169023069370986,0.5086074677983432
Vancouver,2025-06-13,0.28032529471044554,0.4990742693758935
Vancouver,2025-06-14,0.28608864125508526,0.47499151563057124
Vancouver,2025-06-15,0.28787727155211956,0.4746303385123471
Vancouver,2025-06-16,0.2909611404635715,0.49929154773068074
Vancouver,2025-06-17,0.281387349875046,0.4761525538781253
Vancouver,2025-06-18,0.27633485023631493,0.5012803441565092
Vancouver,2025-06-19,0.2817951911301989,0.5011361310488137
Vancouver,2025-06-20,0.27958955106711836,0.4986549807580256
Vancouver,2025-06-21,0.28029179323091064,0.4939029540854769
Vancouver,2025-06-22,0.2837897971812575,0.4821864374960889
Vancouver,2025-06-23,0.2778799871644026,0.47349805683317286
Vancouver,2025-06-24,0.2803361566675111,0.46685244132127635
Vancouver,2025-06-25,0.28306684305755675,0.47106685779774254
Vancouver,2025-06-26,0.2835211074916158,0.4918043697702709
Vancouver,2025-06-27,0.2902021155459667,0.49334771664868754
Vancouver,2025-06-28,0.2852273693471888,0.4947968074763315
Vancouver,2025-06-29,0.2825710390950376,0.48059934176338126
Vancouver,2025-06-30,0.28610421208275943,0.48802461235896155
Vancouver,2025-07-01,0.2901853744744104,0.49145764767991734
Vancouver,2025-07-02,0.2897185409377973,0.4919090820553928
Vancouver,2025-07-03,0.2881544067709969,0.4931537860475985
Vancouver,2025-07-04,0.29363945068481634,0.49915014785599665
Vancouver,2025-07-05,0.28053814520427495,0.46914185448447854
Vancouver,2025-07-06,0.2744326114484236,0.4514269943829345
Vancouver,2025-07-07,0.27380656968268247,0.47142823908930176
Vancouver,2025-07-08,0.2800042015072907,0.48839146043643156
Vancouver,2025-07-09,0.2768446389332894,0.48453426867660654
Vancouver,2025-07-10,0.28697924005895503,0.49936969909320456
Vancouver,2025-07-11,0.29080694940527796,0.48490172733332565
Vancouver,2025-07-12,0.2844321535087027,0.4699034258572533
Vancouver,2025-07-13,0.26957443816488097,0.45299892440832956
Vancouver,2025-07-14,0.2799238634422509,0.454773002199733
Vancouver,2025-07-15,0.2824633820620309,0.4681240046562449
Vancouver,2025-07-16,0.30088498694194893,0.4947996884394836
Vancouver,2025-07-17,0.31084357071588925,0.5224455911698678
Vancouver,2025-07-18,0.3002166462521794,0.5216187424941848
Vancouver,2025-07-19,0.27440494603516297,0.5036760499519042
Vancouver,2025-07-20,0.2781284211923166,0.4799290050758053
Vancouver,2025-07-21,0.28016743474673483,0.49175102131170634
Vancouver,2025-07-22,0.2943872624632902,0.5012640578862388
Vancouver,2025-07-23,0.28537078642353164,0.4699728819471842
Vancouver,2025-07-24,0.29076313311921026,0.48978524410418933
Vancouver,2025-07-25,0.2849308005109395,0.4996699205856273
Vancouver,2025-07-26,0.2933904488891784,0.5324573262101766
Vancouver,2025-07-27,0.29544495321521,0.5105434999004579
Vancouver,2025-07-28,0.2816933517340205,0.48432074188965285
Vancouver,2025-07-29,0.2813884092402774,0.4827306089292202
Vancouver,2025-07-30,0.2905848486416971,0.497107410047022
Vancouver,2025-07-31,0.2877173623530307,0.5002739621779994
Vancouver,2025-08-01,0.28036948563751773,0.46949239446248503
Vancouver,2025-08-02,0.28255593945376767,0.4909633102994406
Vancouver,2025-08-03,0.2684806174296644,0.4517800490528448
Vancouver,2025-08-04,0.27310195801395504,0.46875979856973937
Vancouver,2025-08-05,0.28619003472032867,0.4616567595571795
Vancouver,2025-08-06,0.2609147928526596,0.4467219410708721
Vancouver,2025-08-07,0.2578603108024479,0.44067162896238743
Vancouver,2025-08-08,0.26326971037980634,0.45949599872362223
Vancouver,2025-08-09,0.26539301310043667,0.46320960698689956
Vancouver,2025-08-10,0.251252136464038,0.4417632619394136
Vancouver,2025-08-11,0.25027890785555507,0.44889485383550726
Vancouver,2025-08-12,0.264131806347533,0.45511683996997143
Vancouver,2025-08-13,0.27486192120775277,0.49512025789448083
Vancouver,2025-08-14,0.27050689307330195,0.46929219905850705
Vancouver,2025-08-15,0.2822560345800314,0.5193254116360417
Vancouver,2025-08-16,0.2881728917238983,0.5356108735098685
Vancouver,2025-08-17,0.27629662125250387,0.5083599582829804
Vancouver,2025-08-18,0.2688705104709992,0.49965540466456776
Vancouver,2025-08-19,0.28059511124027253,0.5352893215796442
Vancouver,2025-08-20,0.28027753054454246,0.5204628206165547
Vancouver,2025-08-21,0.28112855716631324,0.5030899594881146
Vancouver,2025-08-22,0.28849673669455284,0.549927234091944
Vancouver,2025-08-23,0.2707190191640751,0.5107828451405962
Vancouver,2025-08-24,0.25767812710001997,0.4366618839184632
Vancouver,2025-08-25,0.25407021509115296,0.4283691818588247
Vancouver,2025-08-26,0.267465714332306,0.4449325701612772
Vancouver,2025-08-27,0.26090090672528327,0.4389778733170629
Vancouver,2025-08-28,0.26810224011745604,0.4486336522908053
Vancouver,2025-08-29,0.26890728564261007,0.45127280889381816
Vancouver,2025-08-30,0.26906165751205113,0.43910219778003373
Vancouver,2025-08-31,0.2491914123331248,0.411125234590249
Vancouver,2025-09-01,0.24246060055775343,0.39260652441792593
Vancouver,2025-09-02,0.24838367725700972,0.41623401034311086
Vancouver,2025-09-03,0.24595052313318858,0.41134442285647
Vancouver,2025-09-04,0.252212575416763,0.4115950864358441
Vancouver,2025-09-05,0.25769699687495623,0.39745512128813465
Vancouver,2025-09-06,0.26154375913518424,0.4153885040460395
Vancouver,2025-09-07,0.25177173949551607,0.3734964938404296
Vancouver,2025-09-08,0.25270773988118306,0.39352619446186793
Vancouver,2025-09-09,0.25607102200732906,0.3910232945426168
Vancouver,2025-09-10,0.2582270776187126,0.40822352039082077
Vancouver,2025-09-11,0.2647953062599635,0.4460203461140237
Vancouver,2025-09-12,0.25497844040356543,0.43836726468130843
Vancouver,2025-09-13,0.2500877756369086,0.428649111539285
Vancouver,2025-09-14,0.2514732965009208,0.4141204259748579
Vancouver,2025-09-15,0.25370727327657006,0.4338009710183779
Vancouver,2025-09-16,0.26188261741564367,0.4424745994313799
Vancouver,2025-09-17,0.2594495614591527,0.42642494058342423
Vancouver,2025-09-18,0.26387149192592846,0.43789566336030333
Vancouver,2025-09-19,0.26635226483592794,0.44085407125464793
Vancouver,2025-09-20,0.26453269884082,0.4368592620588652
Vancouver,2025-09-21,0.252565445026178,0.41087260034904016
Vancouver,2025-09-22,0.24531366018662856,0.4168573624493589
Vancouver,2025-09-23,0.2652885030457096,0.4421445981712661
Vancouver,2025-09-24,0.26128682221522825,0.4334957088702139
Vancouver,2025-09-25,0.252603224939034,0.4183472882880377
Vancouver,2025-09-26,0.2658904452108111,0.43545457547637134
Vancouver,2025-09-27,0.25588687550878886,0.43263384287595097
Vancouver,2025-09-28,0.24855863028319963,0.42242850018809985
Vancouver,2025-09-29,0.2622402419850981,0.4391533939435368
Vancouver,2025-09-30,0.2560636161781423,0.4407821347753567
Vancouver,2025-10-01,0.2632591428098627,0.43679670693364225
Vancouver,2025-10-02,0.2636265418665738,0.42842513274517535
Vancouver,2025-10-03,0.2578066781114932,0.42214297937171213
Vancouver,2025-10-04,0.26447696821087663,0.439503240213679
Vancouver,2025-10-05,0.26281012177400476,0.4221366324651175
Vancouver,2025-10-06,0.25651103862723423,0.4164881106728718
Vancouver,2025-10-07,0.266222970321568,0.44777876453458354
Vancouver,2025-10-08,0.25331542569472043,0.43212228358938515
Vancouver,2025-10-09,0.25870374319111406,0.42928450966328724
Vancouver,2025-10-10,0.26048008728859795,0.43918166939443537
Vancouver,2025-10-11,0.26584898790338896,0.46313028468167167
Vancouver,2025-10-12,0.2496246304753295,0.3617886812450319
Vancouver,2025-10-13,0.23536142876800625,0.3284037167667316
Vancouver,2025-10-14,0.24690929197266567,0.382886267615618
Vancouver,2025-10-15,0.253347777506792,0.397122130780269
Vancouver,2025-10-16,0.24843793714445583,0.39283549379837734
Vancouver,2025-10-17,0.25962444043950933,0.41877216440904597
Vancouver,2025-10-18,0.2569162538672008,0.4265097730646113
Vancouver,2025-10-19,0.2419717813741414,0.4152120310757128
Vancouver,2025-10-20,0.25613252005918863,0.4295376741596628
Vancouver,2025-10-21,0.2595238320363839,0.44193039021945707
Vancouver,2025-10-22,0.24485887556426975,0.4118770233915462
Vancouver,2025-10-23,0.2559941944847605,0.44171843251088533
Vancouver,2025-10-24,0.260234159454807,0.4268222227462447
Vancouver,2025-10-25,0.26531436590834945,0.43006064121220283
Vancouver,2025-10-26,0.23354875207348527,0.398300940619217
Vancouver,2025-10-27,0.2580428745280369,0.456111336474553
Vancouver,2025-10-28,0.26352025348641617,0.4652988310155756
Vancouver,2025-10-29,0.27020793856587216,0.44366460556497456
Vancouver,2025-10-30,0.2749713153555328,0.4714752371577436
Vancouver,2025-10-31,0.2651745675848815,0.48154228058936577
Vancouver,2025-11-01,0.24827109266943292,0.4142461964038728
Vancouver,2025-11-02,0.24877084796609564,0.44104236854323164
Vancouver,2025-11-03,0.25368523698689616,0.4579801128881866
Vancouver,2025-11-04,0.25665052596426785,0.45391885122724995
Vancouver,2025-11-05,0.26863750780702916,0.47474938647791004
Vancouver,2025-11-06,0.27520291870179564,0.4856738802334011
Vancouver,2025-11-07,0.27379958189370496,0.479048289639588
Vancouver,2025-11-08,0.25235547748323217,0.46009376283250447
Vancouver,2025-11-09,0.25549297714857927,0.451682464329425
Vancouver,2025-11-10,0.2500205223224233,0.47519730747129807
Vancouver,2025-11-11,0.2658156743836802,0.4816494041716582
Vancouver,2025-11-12,0.26414139062827346,0.43110873158127516
Vancouver,2025-11-13,0.26809963734547476,0.47601053551102523
Vancouver,2025-11-14,0.2559842988819963,0.4435916307433498
Vancouver,2025-11-15,0.2568069306930693,0.46613464412478983
Vancouver,2025-11-16,0.24507720142633807,0.4283288540696891
Vancouver,2025-11-17,0.26120533478430236,0.452931101644088
Vancouver,2025-11-18,0.25138998476980384,0.43308194334856354
Vancouver,2025-11-19,0.2599028524640952,0.4565878864325389
Vancouver,2025-11-20,0.2680610893614068,0.4738357804160137
Vancouver,2025-11-21,0.2724007091993786,0.46112975229998904
Vancouver,2025-11-22,0.25938552112233365,0.4564829758040631
Vancouver,2025-11-23,0.2522151917121326,0.426984375998652
Vancouver,2025-11-24,0.2676128634858712,0.45373174550214307
Vancouver,2025-11-25,0.2901373163752858,0.47597990224936
Vancouver,2025-11-26,0.2896097637220934,0.47116862479485244
Vancouver,2025-11-27,0.29356074696823153,0.4919276839520869
Vancouver,2025-11-28,0.2868879056047198,0.44365290068829893
Vancouver,2025-11-29,0.286398626926082,0.42809080390574633
Vancouver,2025-11-30,0.2664677302838149,0.401996288829187
Vancouver,2025-12-01,0.2588677254363639,0.39596390868722003
Vancouver,2025-12-02,0.2647970005954153,0.39937481393271806
Vancouver,2025-12-03,0.24793577385746576,0.37926680350229935
Vancouver,2025-12-04,0.26167517571773263,0.3931225303353499
Vancouver,2025-12-05,0.27309493401447427,0.40994081753603956
Vancouver,2025-12-06,0.268082848229505,0.42519618563663847
Vancouver,2025-12-07,0.26161605060385146,0.3929288118759489
Vancouver,2025-12-08,0.2784140167353996,0.42083255499834754
Vancouver,2025-12-09,0.26330929233972156,0.40683495362194916
Vancouver,2025-12-10,0.26304859992364066,0.43137903098140373
Vancouver,2025-12-11,0.2629081086116157,0.4341437287504075
Vancouver,2025-12-12,0.26272775745095517,0.42782547941679383
Vancouver,2025-12-13,0.24611505167219616,0.37397513633070206
Vancouver,2025-12-14,0.2397830113553871,0.3599538921128235
Vancouver,2025-12-15,0.23418438292931176,0.35647557473324065
Vancouver,2025-12-16,0.23655884490394768,0.3279628131470334
Vancouver,2025-12-17,0.24255919646377655,0.35956170751447486
Vancouver,2025-12-18,0.2550829977408899,0.41116231001481873
Vancouver,2025-12-19,0.24561217315167355,0.3824274665357726
Vancouver,2025-12-20,0.262193311908726,0.40272238785422665
Vancouver,2025-12-21,0.22955651562865992,0.3460036957030945
Vancouver,2025-12-22,0.24871324535946995,0.3970870065159065
Vancouver,2025-12-23,0.24008565424887812,0.38119702257995586
Vancouver,2025-12-24,0.23768704343034236,0.3764182802130776
Vancouver,2025-12-25,0.2400886656884302,0.3864316520451535
Vancouver,2025-12-26,0.2225956528758237,0.3630333005562323
Vancouver,2025-12-27,0.23306733144958458,0.3667765273668475
Vancouver,2025-12-28,0.23321982488613832,0.37460613510802143
Vancouver,2025-12-29,0.23446258155896627,0.38055587805047947
Vancouver,2025-12-30,0.23902380838780476,0.37847225535569445
Vancouver,2025-12-31,0.23721495336150522,0.3795797452913756
Winnipeg,2023-02-28,0.9133098992969789,1.171907657229717
Winnipeg,2023-03-01,0.9230191647597255,1.8674199084668193
Winnipeg,2023-03-02,0.9247790665561999,2.0109431096382213
Winnipeg,2023-03-03,0.9198083514023921,1.9886339791564664
Winnipeg,2023-03-04,0.9162487273275765,1.962517440325804
Winnipeg,2023-03-05,0.9143146478505161,1.7052463086371357
Winnipeg,2023-03-06,0.9185576077396658,1.7608912342421577
Winnipeg,2023-03-07,1.0362653142281018,1.8771501023494546
Winnipeg,2023-03-08,1.0556973331632002,1.9926630088043895
Winnipeg,2023-03-09,0.9196811382475307,1.9430876234636516
Winnipeg,2023-03-10,0.9206585273060561,1.8084944488638328
Winnipeg,2023-03-11,0.9156828548430372,1.6887241749396298
Winnipeg,2023-03-12,0.9117071380512569,1.65958162578751
Winnipeg,2023-03-13,0.9165778418709637,1.733494262963195
Winnipeg,2023-03-14,0.921152228763667,1.7461852697344706
Winnipeg,2023-03-15,0.9192443841598571,1.763191848347504
Winnipeg,2023-03-16,0.9200685962857621,1.991425464279739
Winnipeg,2023-03-17,0.9184995407743994,2.031324019915889
Winnipeg,2023-03-18,0.9150844883235238,1.9900797417884943
Winnipeg,2023-03-19,0.9134354874528092,1.8473906284699089
Winnipeg,2023-03-20,0.9221365591855859,2.0463006346637136
Winnipeg,2023-03-21,0.9264468928275922,2.09576274876976
Winnipeg,2023-03-22,0.9234179960480023,2.070316641765868
Winnipeg,2023-03-23,0.9248824420180123,2.059496293934805
Winnipeg,2023-03-24,0.9279698761033282,2.208478419305207
Winnipeg,2023-03-25,0.9199698166807226,2.1439921878467754
Winnipeg,2023-03-26,0.9178560583054965,1.7600592165198907
Winnipeg,2023-03-27,0.9344138339141298,1.9880005260043396
Winnipeg,2023-03-28,0.9339539007092199,1.9144844517184942
Winnipeg,2023-03-29,0.9311893329648693,1.869252823931742
Winnipeg,2023-03-30,0.9291074249605056,2.019187730384413
Winnipeg,2023-03-31,0.9256637168141593,1.837721238938053
Winnipeg,2023-04-01,0.9262611027316909,1.9816909669850846
Winnipeg,2023-04-02,0.9334728743565085,1.8698308536516377
Winnipeg,2023-04-03,0.9357047338860658,1.8600695373094411
Winnipeg,2023-04-04,0.9287647748804475,1.794008842371199
Winnipeg,2023-04-05,0.9214864812444238,1.880716862562551
Winnipeg,2023-04-06,0.9228690739376074,1.995262659227287
Winnipeg,2023-04-07,0.9216516675489677,2.1630114194963324
Winnipeg,2023-04-08,0.9273683850910458,1.9207406648218373
Winnipeg,2023-04-09,0.9194764787446312,1.7365822313909838
Winnipeg,2023-04-10,0.9251325848887665,1.9291962256353743
Winnipeg,2023-04-11,0.929147027520146,1.8855405199939181
Winnipeg,2023-04-12,0.9232886955339542,1.9420501665420433
Winnipeg,2023-04-13,0.9280653296505345,2.106721108042112
Winnipeg,2023-04-14,0.9294768934531451,2.3192795250320923
Winnipeg,2023-04-15,0.9238612391593093,2.2330650832096257
Winnipeg,2023-04-16,0.920701135132967,2.0356584172315593
Winnipeg,2023-04-17,0.9257610446875265,2.2144492495548205
Winnipeg,2023-04-18,0.9327574750830565,2.2080177187153933
Winnipeg,2023-04-19,0.9405532918721853,1.737550932875831
Winnipeg,2023-04-20,0.9494348204133503,2.042338305130092
Winnipeg,2023-04-21,0.9449457452884066,2.0832095945174185
Winnipeg,2023-04-22,0.9395725014442519,1.9564991334488735
Winnipeg,2023-04-23,0.9282572614107883,1.6770124481327802
Winnipeg,2023-04-24,0.9365819093560079,1.9537786498787235
Winnipeg,2023-04-25,0.94195479718605,2.1505762610387666
Winnipeg,2023-04-26,0.9431638320527209,2.0910817577484244
Winnipeg,2023-04-27,0.9426154486201637,2.1063098044654
Winnipeg,2023-04-28,0.9420201136860515,2.054511004226789
Winnipeg,2023-04-29,0.9273694880892043,1.7341611758743032
Winnipeg,2023-04-30,0.9288497618703998,1.7817626401116082
Winnipeg,2023-05-01,0.9328446050593702,1.9907898812596798
Winnipeg,2023-05-02,0.9380467664132123,2.115321723489494
Winnipeg,2023-05-03,0.9377405857740586,2.016550441655044
Winnipeg,2023-05-04,0.9418811456139993,2.1696956068442463
Winnipeg,2023-05-05,0.9404141014077879,2.2010313321046233
Winnipeg,2023-05-06,0.9354211400559089,2.0680832961957623
Winnipeg,2023-05-07,0.9329360650510204,1.9460100446428572
Winnipeg,2023-05-08,0.9408450704225352,2.101330743079165
Winnipeg,2023-05-09,0.9410165908533248,2.085370227062532
Winnipeg,2023-05-10,0.9411988893123536,2.1191266946153426
Winnipeg,2023-05-11,0.9400253072402974,2.1442859371479086
Winnipeg,2023-05-12,0.9396355154827593,2.1837217802997335
Winnipeg,2023-05-13,0.9323936752330276,2.0578512396694215
Winnipeg,2023-05-14,0.9232933158999961,1.946966995522802
Winnipeg,2023-05-15,0.9320403147446035,2.1518471240497647
Winnipeg,2023-05-16,0.9348646271136741,2.1841657706969015
Winnipeg,2023-05-17,0.9305813403225219,2.07282224891704
Winnipeg,2023-05-18,0.9332072072072072,2.1643603603603605
Winnipeg,2023-05-19,0.9331998641474358,2.216792091950736
Winnipeg,2023-05-20,0.9272524733781436,2.119345215618156
Winnipeg,2023-05-21,0.9220054117916079,1.9927207591752734
Winnipeg,2023-05-22,0.9248326178741145,1.9760100340947233
Winnipeg,2023-05-23,0.9318273701233071,2.0668755474698473
Winnipeg,2023-05-24,0.9328897306538391,2.1204096341115934
Winnipeg,2023-05-25,0.933262128469151,2.177784082375127
Winnipeg,2023-05-26,0.931551957740923,2.1182190817569073
Winnipeg,2023-05-27,0.9278236624756694,2.1032318024795273
Winnipeg,2023-05-28,0.9206649982123704,1.831283518055059
Winnipeg,2023-05-29,0.9327829964892305,2.0095644748078567
Winnipeg,2023-05-30,0.9309128325738645,1.969057768631486
Winnipeg,2023-05-31,0.9282748997034711,2.004151404151404
Winnipeg,2023-06-01,0.9317329332333083,2.044383188820461
Winnipeg,2023-06-02,0.9343900009057151,2.133973371977176
Winnipeg,2023-06-03,0.9260321212003797,2.00377782513513
Winnipeg,2023-06-04,0.9186290876951783,1.8733379161347343
Winnipeg,2023-06-05,0.9268191612796287,2.079462953754351
Winnipeg,2023-06-06,0.9306269270298048,2.194790596094553
Winnipeg,2023-06-07,0.9321598268486109,2.1920390943370704
Winnipeg,2023-06-08,0.929553264604811,2.1770269810486202
Winnipeg,2023-06-09,0.9292772949160615,2.199819706427636
Winnipeg,2023-06-10,0.9246054835581415,2.100502512562814
Winnipeg,2023-06-11,0.9188848336613609,1.8651137905336976
Winnipeg,2023-06-12,0.9251284039151081,1.9652679523209613
Winnipeg,2023-06-13,0.9280167491435097,1.9875904073087172
Winnipeg,2023-06-14,0.9306470208899225,2.116467668497059
Winnipeg,2023-06-15,0.9273084479371316,2.084960899880581
Winnipeg,2023-06-16,0.9289619365264932,2.098803424681085
Winnipeg,2023-06-17,0.9247395597427304,1.998115771356101
Winnipeg,2023-06-18,0.9190424614028968,1.8824922438639327
Winnipeg,2023-06-19,0.9280341605474264,1.9491165067624305
Winnipeg,2023-06-20,0.9307193688425476,2.027355442345432
Winnipeg,2023-06-21,0.9343225538502199,2.1198957920371524
Winnipeg,2023-06-22,0.9329327853443669,2.178403582815754
Winnipeg,2023-06-23,0.927649194879507,2.074973407181895
Winnipeg,2023-06-24,0.9248281103628683,2.006628135107906
Winnipeg,2023-06-25,0.9251353746184897,1.9531357684355617
Winnipeg,2023-06-26,0.9296684256123494,2.0298298810742694
Winnipeg,2023-06-27,0.930236559139785,2.002890322580645
Winnipeg,2023-06-28,0.9341394985439306,2.167376944385255
Winnipeg,2023-06-29,0.9307012745926773,2.196393350239504
Winnipeg,2023-06-30,0.9296586293951923,2.203523471515861
Winnipeg,2023-07-01,0.9253132359868111,2.1098257183231275
Winnipeg,2023-07-02,0.9182545866685556,1.9359814408160374
Winnipeg,2023-07-03,0.9268251157722691,2.0968911740670118
Winnipeg,2023-07-04,0.933799837909427,2.249145071062879
Winnipeg,2023-07-05,0.9341169669525002,2.2249735041911554
Winnipeg,2023-07-06,0.9317674937273488,2.2213723166991914
Winnipeg,2023-07-07,0.9303294816298787,2.2119450506206846
Winnipeg,2023-07-08,0.9276383882365538,2.1808772618580248
Winnipeg,2023-07-09,0.9221946625389307,1.9824509054288433
Winnipeg,2023-07-10,0.9303532679454909,2.119989584237479
Winnipeg,2023-07-11,0.9353673149599041,2.1700064522075766
Winnipeg,2023-07-12,0.9335765200722116,2.1058606763320986
Winnipeg,2023-07-13,0.935387730928682,2.1732800947595665
Winnipeg,2023-07-14,0.9336184384816258,2.2030995723422775
Winnipeg,2023-07-15,0.933032660738714,2.182263166894665
Winnipeg,2023-07-16,0.9266853547135044,2.0169172563856272
Winnipeg,2023-07-17,0.9348308140223776,2.0059921796976825
Winnipeg,2023-07-18,0.9431734103207648,2.2519839254885463
Winnipeg,2023-07-19,0.9407455853499019,1.916769130150425
Winnipeg,2023-07-20,0.9401648405468565,1.9798916922043575
Winnipeg,2023-07-21,0.9387226052351325,2.033980718569587
Winnipeg,2023-07-22,0.9343873156925698,1.9407933778663704
Winnipeg,2023-07-23,0.9289097466649285,1.812439345876968
Winnipeg,2023-07-24,0.9359161889701522,2.0822165118271068
Winnipeg,2023-07-25,0.9372061186834117,1.9947384084280697
Winnipeg,2023-07-26,0.9425650982183645,1.9750913659205116
Winnipeg,2023-07-27,0.94120614215163,1.9858646052060482
Winnipeg,2023-07-28,0.9359830743027464,1.946348733233979
Winnipeg,2023-07-29,0.932836013193156,1.8782467532467533
Winnipeg,2023-07-30,0.9300193228391035,1.7575660607254064
Winnipeg,2023-07-31,0.9346076101989432,1.8480678983888317
Winnipeg,2023-08-01,0.9387675919720645,1.9351345631547388
Winnipeg,2023-08-02,0.9384948725208977,1.8947050930086546
Winnipeg,2023-08-03,0.93713885906607,1.9324342256052691
Winnipeg,2023-08-04,0.9363192343928199,1.9331705261070065
Winnipeg,2023-08-05,0.9310236220472441,1.862419470293486
Winnipeg,2023-08-06,0.9281245655498401,1.7400806339496733
Winnipeg,2023-08-07,0.9334407876652423,1.8509383512007398
Winnipeg,2023-08-08,0.9352007308281073,1.9477803565256038
Winnipeg,2023-08-09,0.9347498213954966,1.9642394094144418
Winnipeg,2023-08-10,0.9344590884129599,1.9448380010982977
Winnipeg,2023-08-11,0.9371967303872081,1.9906861627641905
Winnipeg,2023-08-12,0.935547114324225,1.8451170199730424
Winnipeg,2023-08-13,0.933320197691411,1.7229528923041557
Winnipeg,2023-08-14,0.935798222986529,1.8180471959491735
Winnipeg,2023-08-15,0.9378166743436205,1.9408478328702397
Winnipeg,2023-08-16,0.9356998385048371,1.9067875005879678
Winnipeg,2023-08-17,0.9387627883099263,1.9795387041179275
Winnipeg,2023-08-18,0.9366753698868582,1.9869625761531766
Winnipeg,2023-08-19,0.9347300110658889,1.9803252246000338
Winnipeg,2023-08-20,0.9258314918692278,1.7569833984928325
Winnipeg,2023-08-21,0.9350416052332774,2.016370939041131
Winnipeg,2023-08-22,0.9336121711019646,1.9421272766659445
Winnipeg,2023-08-23,0.9346515093751083,1.9572141545073303
Winnipeg,2023-08-24,0.9362741700741563,1.8841049275764086
Winnipeg,2023-08-25,0.9342487162313017,1.9503237329761107
Winnipeg,2023-08-26,0.9322905947725869,1.9666083556287302
Winnipeg,2023-08-27,0.930372722771432,1.7829397804299203
Winnipeg,2023-08-28,0.9400611978976033,1.943604234074638
Winnipeg,2023-08-29,0.9425830330184085,1.914531995714425
Winnipeg,2023-08-30,0.9354077853099448,1.6580473827660913
Winnipeg,2023-08-31,0.9425291512248034,1.885040224170659
Winnipeg,2023-09-01,0.9382901817111268,1.7313423071261511
Winnipeg,2023-09-02,0.9350443271585774,1.7582703784194005
Winnipeg,2023-09-03,0.9300188753160725,1.6458919477189358
Winnipeg,2023-09-04,0.9363742609652138,1.7638697923827857
Winnipeg,2023-09-05,0.9366214469227119,1.7669083113780295
Winnipeg,2023-09-06,0.9361711725257872,1.8788530358163174
Winnipeg,2023-09-07,0.9356869730800534,1.852546875719836
Winnipeg,2023-09-08,0.9360948840502744,1.6950433705080545
Winnipeg,2023-09-09,0.9338738549015478,1.7017830191990453
Winnipeg,2023-09-10,0.9325603719249375,1.5864970166952135
Winnipeg,2023-09-11,0.9402745327102804,1.6898990320427236
Winnipeg,2023-09-12,0.931609577002695,1.6588681013943678
Winnipeg,2023-09-13,0.9334968165763009,1.6297104546783954
Winnipeg,2023-09-14,0.9311805512922832,1.8177911474000858
Winnipeg,2023-09-15,0.9294516788903857,1.8250927173244191
Winnipeg,2023-09-16,0.9317175615847428,1.8037423846823324
Winnipeg,2023-09-17,0.9290862677378181,1.7408213829867107
Winnipeg,2023-09-18,0.9324135136130862,1.759330214051505
Winnipeg,2023-09-19,0.9333497434343817,1.932592354155227
Winnipeg,2023-09-20,0.9326209247370292,1.7607018130868484
Winnipeg,2023-09-21,0.9329562982005142,1.8938646101113967
Winnipeg,2023-09-22,0.93901248416111,1.9571259425437777
Winnipeg,2023-09-23,0.9332461013749759,1.808382848194942
Winnipeg,2023-09-24,0.9291927809336156,1.7157020982245792
Winnipeg,2023-09-25,0.932615790824746,1.8621694964978548
Winnipeg,2023-09-26,0.9271664455008147,1.8558446575848688
Winnipeg,2023-09-27,0.9313509051467624,1.9099460559405657
Winnipeg,2023-09-28,0.928063022596918,1.822386151613572
Winnipeg,2023-09-29,0.9297930427124614,1.7788463232056362
Winnipeg,2023-09-30,0.9305330286051312,1.7507372456502506
Winnipeg,2023-10-01,0.9324220105656885,1.7207611923032429
Winnipeg,2023-10-02,0.9298119994005295,1.7546167551995737
Winnipeg,2023-10-03,0.9372722149164006,1.9735675371031374
Winnipeg,2023-10-04,0.9350504686991243,1.9359930080715644
Winnipeg,2023-10-05,0.9379559634238933,1.9119433532499257
Winnipeg,2023-10-06,0.9398325581395349,1.881953488372093
Winnipeg,2023-10-07,0.9353628989781945,1.8648267144211523
Winnipeg,2023-10-08,0.9321498451002772,1.7490216859611936
Winnipeg,2023-10-09,0.9353931530991039,1.8878848100791181
Winnipeg,2023-10-10,0.9367767428732713,1.8853549252046289
Winnipeg,2023-10-11,0.9351120099564406,1.9335096453018046
Winnipeg,2023-10-12,0.9415087633976169,2.0915433680627
Winnipeg,2023-10-13,0.9380377996312231,2.0356484326982174
Winnipeg,2023-10-14,0.9319521063189569,1.776579739217653
Winnipeg,2023-10-15,0.9315129590167996,1.7194484364933842
Winnipeg,2023-10-16,0.9352777187138234,1.8020294374748977
Winnipeg,2023-10-17,0.9364762285257691,1.7629815649791678
Winnipeg,2023-10-18,0.9378746784313269,1.7472848545520157
Winnipeg,2023-10-19,0.9359232511762087,1.699907064996418
Winnipeg,2023-10-20,0.9329705235085589,1.6429539368840995
Winnipeg,2023-10-21,0.9320000459226433,1.6349264663674041
Winnipeg,2023-10-22,0.9247939671424724,1.5762456234850526
Winnipeg,2023-10-23,0.9280131826741996,1.6924482109227872
Winnipeg,2023-10-24,0.9305878412986092,1.7145207044639692
Winnipeg,2023-10-25,0.9304535138669846,1.79098549832673
Winnipeg,2023-10-26,0.9297428938594678,1.787116834565993
Winnipeg,2023-10-27,0.931687189497738,1.7673811880730126
Winnipeg,2023-10-28,0.9261346087249516,1.5892571342998605
Winnipeg,2023-10-29,0.925145701079311,1.586102540459387
Winnipeg,2023-10-30,0.9329154498183632,1.7652111973787308
Winnipeg,2023-10-31,0.9349027111518353,1.7351506494906483
Winnipeg,2023-11-01,0.932465089356776,1.731075898994284
Winnipeg,2023-11-02,0.9330666348220683,1.7477012180558873
Winnipeg,2023-11-03,0.9256719235895158,1.6986061750333186
Winnipeg,2023-11-04,0.9245822137754768,1.6784061865128777
Winnipeg,2023-11-05,0.9249962869448982,1.6130653840441453
Winnipeg,2023-11-06,0.9287725498572732,1.6462706565430996
Winnipeg,2023-11-07,0.9299703029884467,1.6287972217015105
Winnipeg,2023-11-08,0.9295165605491839,1.62712321380426
Winnipeg,2023-11-09,0.9326539278131635,1.6546602972399151
Winnipeg,2023-11-10,0.9333469994362733,1.6875006405985753
Winnipeg,2023-11-11,0.9276214797067558,1.4341993888354878
Winnipeg,2023-11-12,0.9249935283458453,1.589153507636552
Winnipeg,2023-11-13,0.9333469810457359,1.692649502661304
Winnipeg,2023-11-14,0.935726253383168,1.6715556128367057
Winnipeg,2023-11-15,0.9357013937631605,1.6031535144891207
Winnipeg,2023-11-16,0.9351284439650946,1.5941758995979998
Winnipeg,2023-11-17,0.9342939406850783,1.608591238331332
Winnipeg,2023-11-18,0.9338921846788755,1.540585504255868
Winnipeg,2023-11-19,0.931253529079616,1.538368153585545
Winnipeg,2023-11-20,0.9322835847472718,1.6405331840960546
Winnipeg,2023-11-21,0.9329755708842792,1.6868914510546107
Winnipeg,2023-11-22,0.9325779471570709,1.659961122336752
Winnipeg,2023-11-23,0.9346828388788723,1.6815744491535345
Winnipeg,2023-11-24,0.9346729522687095,1.6806364172068355
Winnipeg,2023-11-25,0.9316763560723239,1.6208864472771882
Winnipeg,2023-11-26,0.9285979440319817,1.537378640776699
Winnipeg,2023-11-27,0.9341572015144244,1.6174878686076894
Winnipeg,2023-11-28,0.9339869042846557,1.6322630805301457
Winnipeg,2023-11-29,0.9372182374002308,1.6561395996146022
Winnipeg,2023-11-30,0.9390839396454905,1.6666463206211242
Winnipeg,2023-12-01,0.9380140530529986,1.6384552535541153
Winnipeg,2023-12-02,0.9370742783003568,1.556525029732944
Winnipeg,2023-12-03,0.9342883069743324,1.5098781436349495
Winnipeg,2023-12-04,0.9341477249145719,1.5729839658010873
Winnipeg,2023-12-05,0.9340771421819222,1.5741756533203974
Winnipeg,2023-12-06,0.9337346154260302,1.5836608556138216
Winnipeg,2023-12-07,0.9370864730748024,1.6660999816210256
Winnipeg,2023-12-08,0.9357120347351098,1.6704483116822484
Winnipeg,2023-12-09,0.9315084270741352,1.6186892924329097
Winnipeg,2023-12-10,0.9291690119224275,1.5266975387606816
Winnipeg,2023-12-11,0.9330932956565334,1.6249829087097216
Winnipeg,2023-12-12,0.9322131733821887,1.6420549371949154
Winnipeg,2023-12-13,0.9355819544618866,1.645677179088295
Winnipeg,2023-12-14,0.9333392805370325,1.6137402707464483
Winnipeg,2023-12-15,0.9312318786707308,1.5411599774844142
Winnipeg,2023-12-16,0.9299629113939648,1.526596596719938
Winnipeg,2023-12-17,0.9301824547229516,1.4807378980677304
Winnipeg,2023-12-18,0.9308834133797739,1.4982380712662757
Winnipeg,2023-12-19,0.9316210758748928,1.476676787192934
Winnipeg,2023-12-20,0.9347135489014241,1.6640495718030173
Winnipeg,2023-12-21,0.93653603034134,1.6724784257681526
Winnipeg,2023-12-22,0.9323341691360839,1.6256553453385
Winnipeg,2023-12-23,0.9289716164282076,1.5109737463536603
Winnipeg,2023-12-24,0.9304764103374118,1.4976367811622906
Winnipeg,2023-12-25,0.9318358123376842,1.5635490797890879
Winnipeg,2023-12-26,0.9317828764291063,1.5177415929994746
Winnipeg,2023-12-27,0.9341561334747025,1.5743557975244518
Winnipeg,2023-12-28,0.9355733934810491,1.586429171642121
Winnipeg,2023-12-29,0.933603813269281,1.6433274010279897
Winnipeg,2023-12-30,0.9321423192334874,1.6147162072920649
Winnipeg,2023-12-31,0.9332197930786787,1.5227949439829458
Winnipeg,2024-01-01,0.93671826625387,1.6998513931888546
Winnipeg,2024-01-02,0.9398120931624571,1.5875990038158556
Winnipeg,2024-01-03,0.9389237628374332,1.7043342279795044
Winnipeg,2024-01-04,0.9359408577034476,1.7606278613472859
Winnipeg,2024-01-05,0.9351000606428138,1.7158762886597938
Winnipeg,2024-01-06,0.9326056748397508,1.6380160473351562
Winnipeg,2024-01-07,0.9327383849856672,1.5310725296122019
Winnipeg,2024-01-08,0.9356477922965241,1.660304039627637
Winnipeg,2024-01-09,0.935321557227432,1.6457124093371835
Winnipeg,2024-01-10,0.9336311015906295,1.6584476550749738
Winnipeg,2024-01-11,0.9362431886703731,1.6745867101854157
Winnipeg,2024-01-12,0.9365106502805881,1.6722750769354546
Winnipeg,2024-01-13,0.9326199754110317,1.611483881722895
Winnipeg,2024-01-14,0.9299437126216629,1.5481178907868507
Winnipeg,2024-01-15,0.9325828040496473,1.604396817274214
Winnipeg,2024-01-16,0.9371163099386096,1.579300554910311
Winnipeg,2024-01-17,0.9420918093739945,1.599862357441636
Winnipeg,2024-01-18,0.9406431837073982,1.6508641590468274
Winnipeg,2024-01-19,0.9331717483313594,1.5739297288860734
Winnipeg,2024-01-20,0.9353267422232939,1.5783361466120087
Winnipeg,2024-01-21,0.9357325451350056,1.5389039782712894
Winnipeg,2024-01-22,0.9377949702547029,1.6385449868061401
Winnipeg,2024-01-23,0.9396134248536657,1.6178380427001307
Winnipeg,2024-01-24,0.9391424383925833,1.5536742901939398
Winnipeg,2024-01-25,0.9373753997811278,1.572299939767724
Winnipeg,2024-01-26,0.9390045364747202,1.6213964293553815
Winnipeg,2024-01-27,0.9349319580643339,1.5643810348397298
Winnipeg,2024-01-28,0.9318918325124956,1.4836869953679124
Winnipeg,2024-01-29,0.9368607470262899,1.6044397302825972
Winnipeg,2024-01-30,0.9397899376834632,1.645527154991662
Winnipeg,2024-01-31,0.9380795605080652,1.6385490532221616
Winnipeg,2024-02-01,0.9377204752045921,1.59310828942341
Winnipeg,2024-02-02,0.9389546087936197,1.524336130135294
Winnipeg,2024-02-03,0.9371009130512622,1.5463487895605816
Winnipeg,2024-02-04,0.9337374919302776,1.4782016623628147
Winnipeg,2024-02-05,0.9383589329021828,1.5986642029487623
Winnipeg,2024-02-06,0.9399546558126249,1.523493287632105
Winnipeg,2024-02-07,0.9316355822121013,1.3244383148644097
Winnipeg,2024-02-08,0.9347231605700865,1.4554043474997052
Winnipeg,2024-02-09,0.935025270365741,1.5039182653116678
Winnipeg,2024-02-10,0.9311516504607189,1.456371238604428
Winnipeg,2024-02-11,0.9355361435439561,1.4085143372252746
Winnipeg,2024-02-12,0.9365170834948608,1.41533690265394
Winnipeg,2024-02-13,0.9417743732315913,1.489534963966362
Winnipeg,2024-02-14,0.941852339881808,1.4982430921578023
Winnipeg,2024-02-15,0.9370100543296637,1.5215743189695505
Winnipeg,2024-02-16,0.9358770634312314,1.5045708623880654
Winnipeg,2024-02-17,0.9330906238371567,1.45567366970724
Winnipeg,2024-02-18,0.9358361633824334,1.3760335270497641
Winnipeg,2024-02-19,0.941066366704162,1.5181822272215972
Winnipeg,2024-02-20,0.939417781274587,1.4933815201321101
Winnipeg,2024-02-21,0.9367688674994142,1.5137709764054867
Winnipeg,2024-02-22,0.940449715838893,1.5310873103107452
Winnipeg,2024-02-23,0.9404631646573445,1.4848472680914284
Winnipeg,2024-02-24,0.9418811133239804,1.4559742565903717
Winnipeg,2024-02-25,0.9418143293379588,1.3964249361224788
Winnipeg,2024-02-26,0.9434721143699102,1.4782071959062582
Winnipeg,2024-02-27,0.9384016828310281,1.4284982966920456
Winnipeg,2024-02-28,0.9438862980235398,1.4684610259826782
Winnipeg,2024-02-29,0.9430331969875182,1.4790039148219019
Winnipeg,2024-03-01,0.9424369270564794,1.492707395723187
Winnipeg,2024-03-02,0.9414756820877818,1.490979833926453
Winnipeg,2024-03-03,0.9408977579931794,1.4249782677225529
Winnipeg,2024-03-04,0.9411527304830369,1.4490351872871736
Winnipeg,2024-03-05,0.9408316085878998,1.4563187862529647
Winnipeg,2024-03-06,0.9416237059390586,1.4977660421643824
Winnipeg,2024-03-07,0.9400993258052881,1.503121271814222
Winnipeg,2024-03-08,0.938108877294122,1.5266993833692122
Winnipeg,2024-03-09,0.9367306863355525,1.5601992432587768
Winnipeg,2024-03-10,0.9368038212084667,1.4791894176075664
Winnipeg,2024-03-11,0.9373435832114889,1.498040024757582
Winnipeg,2024-03-12,0.9383449014321498,1.5587487332453775
Winnipeg,2024-03-13,0.9415331183329199,1.5341304887124783
Winnipeg,2024-03-14,0.9440662883821983,1.7462296749141926
Winnipeg,2024-03-15,0.9385169939619981,1.5280010916161604
Winnipeg,2024-03-16,0.9317728475473235,1.238795033584368
Winnipeg,2024-03-17,0.9374372923680632,1.3445742569842367
Winnipeg,2024-03-18,0.938314704530564,1.497785079355766
Winnipeg,2024-03-19,0.9397305699481865,1.5560932642487046
Winnipeg,2024-03-20,0.9424339041733776,1.454414971129299
Winnipeg,2024-03-21,0.9425676438065579,1.4386523142193035
Winnipeg,2024-03-22,0.9455518075573274,1.4616852362942518
Winnipeg,2024-03-23,0.9435599221516168,1.4508757943114405
Winnipeg,2024-03-24,0.9416155617837223,1.47318034242584
Winnipeg,2024-03-25,0.942995190744706,1.4002555967848616
Winnipeg,2024-03-26,0.9483538838377548,1.4216797442603895
Winnipeg,2024-03-27,0.9430635779982691,1.4393402700907683
Winnipeg,2024-03-28,0.9444384215091067,1.4501300954032958
Winnipeg,2024-03-29,0.9429077002111993,1.3388549574747417
Winnipeg,2024-03-30,0.9424369074478184,1.4164909814944953
Winnipeg,2024-03-31,0.937146752250845,1.346488113834531
Winnipeg,2024-04-01,0.9360662413465454,1.3993731258560904
Winnipeg,2024-04-02,0.9378277153558052,1.3281850068366923
Winnipeg,2024-04-03,0.9413327174038573,1.4065856334449705
Winnipeg,2024-04-04,0.9441874852698562,1.4954483855762433
Winnipeg,2024-04-05,0.9447032610897306,1.5331982985618797
Winnipeg,2024-04-06,0.9398562508534329,1.450252616159986
Winnipeg,2024-04-07,0.9394628686638923,1.4129294078114094
Winnipeg,2024-04-08,0.9411673593721764,1.5212200222009964
Winnipeg,2024-04-09,0.9409364392760425,1.499111595818986
Winnipeg,2024-04-10,0.9413686669261999,1.5210221900895389
Winnipeg,2024-04-11,0.9373017353983952,1.4631834297443553
Winnipeg,2024-04-12,0.9335963023013818,1.2744960433656802
Winnipeg,2024-04-13,0.9282430541674995,1.2348340995402758
Winnipeg,2024-04-14,0.9348579944401456,1.4157280829965895
Winnipeg,2024-04-15,0.9378371512679129,1.5147711480701125
Winnipeg,2024-04-16,0.9333832425709697,1.4078268954441722
Winnipeg,2024-04-17,0.9335993792262499,1.569658451268029
Winnipeg,2024-04-18,0.9368861048098293,1.4978754764344853
Winnipeg,2024-04-19,0.9386132924727064,1.5765777628806743
Winnipeg,2024-04-20,0.9327409601382204,1.6081835259917452
Winnipeg,2024-04-21,0.932567964967703,1.4931104005342168
Winnipeg,2024-04-22,0.9315539521709107,1.6368991417821057
Winnipeg,2024-04-23,0.9335581259692404,1.6272141363267745
Winnipeg,2024-04-24,0.935674282859622,1.6148870717534773
Winnipeg,2024-04-25,0.9363041780554471,1.5852328192112457
Winnipeg,2024-04-26,0.9326630694978197,1.5665929117658477
Winnipeg,2024-04-27,0.9310198714202221,1.5897574517825832
Winnipeg,2024-04-28,0.9262256995968045,1.5318284695055233
Winnipeg,2024-04-29,0.9307093705585185,1.5830741736205902
Winnipeg,2024-04-30,0.9376660535458818,1.5874846719803801
Winnipeg,2024-05-01,0.934556053931029,1.5639599110909985
Winnipeg,2024-05-02,0.9371314577404876,1.5499603954586794
Winnipeg,2024-05-03,0.9349944207059848,1.6006994529570258
Winnipeg,2024-05-04,0.9339604921266005,1.6414550918824156
Winnipeg,2024-05-05,0.927781173594132,1.5136308068459658
Winnipeg,2024-05-06,0.9347797183779537,1.4617755484377832
Winnipeg,2024-05-07,0.9377694797781031,1.4967830326800897
Winnipeg,2024-05-08,0.9396727559664716,1.5598433754671193
Winnipeg,2024-05-09,0.9416938551517794,1.562328035963976
Winnipeg,2024-05-10,0.9397753736403031,1.523464905816113
Winnipeg,2024-05-11,0.9336957531827897,1.4312021807143078
Winnipeg,2024-05-12,0.9338126367577706,1.4197393277973336
Winnipeg,2024-05-13,0.9397250527278733,1.491957411124946
Winnipeg,2024-05-14,0.9354808186217524,1.3991592094947147
Winnipeg,2024-05-15,0.9361945740077858,1.4545082016608213
Winnipeg,2024-05-16,0.936194634763984,1.580105790052895
Winnipeg,2024-05-17,0.9354057081628677,1.5918444379505163
Winnipeg,2024-05-18,0.9347044125319202,1.569510420384964
Winnipeg,2024-05-19,0.9290589634065789,1.5178710349787896
Winnipeg,2024-05-20,0.9330079552191477,1.582440611600557
Winnipeg,2024-05-21,0.9360253070338668,1.6437290658727206
Winnipeg,2024-05-22,0.9379528689862262,1.6493678873729791
Winnipeg,2024-05-23,0.9353098126345233,1.683383092472649
Winnipeg,2024-05-24,0.9361091021799772,1.729300547577229
Winnipeg,2024-05-25,0.9354192433891098,1.691641708660854
Winnipeg,2024-05-26,0.931285093014805,1.5890585987410473
Winnipeg,2024-05-27,0.932438028090202,1.6153097196575457
Winnipeg,2024-05-28,0.9325183860067581,1.6777976545418405
Winnipeg,2024-05-29,0.933387737337468,1.703596104673304
Winnipeg,2024-05-30,0.9347747747747748,1.690182754182754
Winnipeg,2024-05-31,0.9321597521664504,1.6079771423786997
Winnipeg,2024-06-01,0.9306040310662516,1.5653240260352796
Winnipeg,2024-06-02,0.9281406188577526,1.4856292469253665
Winnipeg,2024-06-03,0.9329868739475181,1.611515685465434
Winnipeg,2024-06-04,0.9302036968532595,1.5847543585398742
Winnipeg,2024-06-05,0.9307660794756247,1.6798735881079183
Winnipeg,2024-06-06,0.9278381193274811,1.598354182642235
Winnipeg,2024-06-07,0.9300521459152367,1.5726834731279382
Winnipeg,2024-06-08,0.92736759085118,1.4965600922162228
Winnipeg,2024-06-09,0.9250410902172929,1.4524324114457285
Winnipeg,2024-06-10,0.9313310141333425,1.5874005442083148
Winnipeg,2024-06-11,0.9292032499017167,1.6036561394312672
Winnipeg,2024-06-12,0.9305983831985999,1.6226560546712225
Winnipeg,2024-06-13,0.9287146820737169,1.6395207465214636
Winnipeg,2024-06-14,0.9300056839931792,1.619450856658972
Winnipeg,2024-06-15,0.9256404892710478,1.4675709299893205
Winnipeg,2024-06-16,0.9260255810326002,1.4764207351947174
Winnipeg,2024-06-17,0.9288275432011417,1.5729532672174986
Winnipeg,2024-06-18,0.9339146961820113,1.554899659008329
Winnipeg,2024-06-19,0.9368939688409375,1.648047568521573
Winnipeg,2024-06-20,0.9343681948924575,1.6083402233530912
Winnipeg,2024-06-21,0.93140017882811,1.583387094948672
Winnipeg,2024-06-22,0.9323649187623326,1.6255615265124481
Winnipeg,2024-06-23,0.9289170578382514,1.616462292437809
Winnipeg,2024-06-24,0.9342982230234355,1.655112026783415
Winnipeg,2024-06-25,0.9345778636935803,1.7119110771443984
Winnipeg,2024-06-26,0.9342643087560025,1.7141716315186668
Winnipeg,2024-06-27,0.9353834131991129,1.7510026315487066
Winnipeg,2024-06-28,0.9355779156693476,1.7060338275498281
Winnipeg,2024-06-29,0.9335792504538674,1.6895315625758855
Winnipeg,2024-06-30,0.927881740671022,1.57494186690289
Winnipeg,2024-07-01,0.9332179967521785,1.6760138828449218
Winnipeg,2024-07-02,0.9337511467535279,1.7310772783029078
Winnipeg,2024-07-03,0.9315941771899288,1.6496446666740578
Winnipeg,2024-07-04,0.9344641932363373,1.7295707487712646
Winnipeg,2024-07-05,0.932740655769047,1.7789312685211738
Winnipeg,2024-07-06,0.9319148494719588,1.6915471917339253
Winnipeg,2024-07-07,0.9288459437719098,1.619442485873462
Winnipeg,2024-07-08,0.9316937447210215,1.6427286729269142
Winnipeg,2024-07-09,0.9326635500450071,1.6382879874560818
Winnipeg,2024-07-10,0.934802085377612,1.6198793484474858
Winnipeg,2024-07-11,0.9340149188240456,1.6708380868802106
Winnipeg,2024-07-12,0.9315152404041102,1.6703793493171368
Winnipeg,2024-07-13,0.9313022528100133,1.6050239487046583
Winnipeg,2024-07-14,0.9311991413582749,1.5296527100879451
Winnipeg,2024-07-15,0.9333218391847624,1.5573452146532245
Winnipeg,2024-07-16,0.9331064951722664,1.5916467737912852
Winnipeg,2024-07-17,0.9320339621063198,1.4822870048935548
Winnipeg,2024-07-18,0.9353989938324878,1.560738417496369
Winnipeg,2024-07-19,0.9388401633917021,1.578380140370178
Winnipeg,2024-07-20,0.9366933351337362,1.4706253024114146
Winnipeg,2024-07-21,0.935328235403978,1.4109193911536746
Winnipeg,2024-07-22,0.937984985174437,1.4969192269678044
Winnipeg,2024-07-23,0.9381761978361669,1.5252481086797365
Winnipeg,2024-07-24,0.9388985444275473,1.5541060178144688
Winnipeg,2024-07-25,0.9374543848192679,1.558137748242615
Winnipeg,2024-07-26,0.9398865957034147,1.4344730807406647
Winnipeg,2024-07-27,0.9411428629727496,1.4745605354173255
Winnipeg,2024-07-28,0.9387849411571402,1.422364394421738
Winnipeg,2024-07-29,0.937587385019711,1.5504336399474377
Winnipeg,2024-07-30,0.9408830407595877,1.4769504079973503
Winnipeg,2024-07-31,0.9420776052174729,1.451930746492751
Winnipeg,2024-08-01,0.9387658206383873,1.421164724554716
Winnipeg,2024-08-02,0.9422235872235872,1.6242874692874694
Winnipeg,2024-08-03,0.9432354790585277,1.5570172734782448
Winnipeg,2024-08-04,0.9393743567650368,1.346557047461765
Winnipeg,2024-08-05,0.9395132717662775,1.3978393448335946
Winnipeg,2024-08-06,0.94435425870749,1.4692489468817425
Winnipeg,2024-08-07,0.942987126125254,1.5305391540025166
Winnipeg,2024-08-08,0.9415124295410713,1.5266332086649832
Winnipeg,2024-08-09,0.9410626301088992,1.5629177868672393
Winnipeg,2024-08-10,0.9399496498156611,1.6169925906482288
Winnipeg,2024-08-11,0.9382218700829139,1.475432703574338
Winnipeg,2024-08-12,0.9426074741633297,1.5121544088806997
Winnipeg,2024-08-13,0.94356514477696,1.511506418348125
Winnipeg,2024-08-14,0.941674935503076,1.5655189521730501
Winnipeg,2024-08-15,0.9423306461979176,1.5738656187450648
Winnipeg,2024-08-16,0.9433739718592126,1.5550081416224792
Winnipeg,2024-08-17,0.9422750795960568,1.5072374971279774
Winnipeg,2024-08-18,0.9427149178255373,1.4337750586960447
Winnipeg,2024-08-19,0.9429300358554749,1.395800772271766
Winnipeg,2024-08-20,0.9431434717450479,1.398321932122868
Winnipeg,2024-08-21,0.9438104067431774,1.4134352056093689
Winnipeg,2024-08-22,0.9454555795700148,1.4803207826185871
Winnipeg,2024-08-23,0.9467587457440755,1.5308789629529607
Winnipeg,2024-08-24,0.9451979259373912,1.5124308323337075
Winnipeg,2024-08-25,0.9430973816166671,1.4510982636791594
Winnipeg,2024-08-26,0.9461522134347228,1.5159789961332952
Winnipeg,2024-08-27,0.9466649601404228,1.5496324873838954
Winnipeg,2024-08-28,0.9442313948559204,1.5168725415775308
Winnipeg,2024-08-29,0.945167603839821,1.5274886866113682
Winnipeg,2024-08-30,0.9427724345912463,1.6047151357078817
Winnipeg,2024-08-31,0.9406928889828036,1.5864803131383263
Winnipeg,2024-09-01,0.9403045876159438,1.536746887273335
Winnipeg,2024-09-02,0.94103918776129,1.509073367942298
Winnipeg,2024-09-03,0.9433732676013492,1.5765565864700672
Winnipeg,2024-09-04,0.9425970746080186,1.5855431618085516
Winnipeg,2024-09-05,0.9431643775355589,1.614008504814507
Winnipeg,2024-09-06,0.939662233316432,1.551357307227271
Winnipeg,2024-09-07,0.9395557938586542,1.5235920067641417
Winnipeg,2024-09-08,0.9378186953568849,1.481172044285853
Winnipeg,2024-09-09,0.9395600505689001,1.5678685208596712
Winnipeg,2024-09-10,0.936692453296025,1.577555345239075
Winnipeg,2024-09-11,0.9391717997194609,1.6736842105263159
Winnipeg,2024-09-12,0.9373134328358209,1.6671641791044776
Winnipeg,2024-09-13,0.9373529129883821,1.6082613649674677
Winnipeg,2024-09-14,0.936364556734198,1.5406256679078034
Winnipeg,2024-09-15,0.9333147645242903,1.464812106863496
Winnipeg,2024-09-16,0.9361982207690185,1.5076965540669653
Winnipeg,2024-09-17,0.9405170268252302,1.5995260407085583
Winnipeg,2024-09-18,0.9389321697014005,1.6282584359507437
Winnipeg,2024-09-19,0.9381511649933699,1.693656469028225
Winnipeg,2024-09-20,0.9300343345578526,1.568885207327907
Winnipeg,2024-09-21,0.930475143520215,1.589898619763039
Winnipeg,2024-09-22,0.9283899478608498,1.4757787758739027
Winnipeg,2024-09-23,0.9314053116912485,1.4946481067363502
Winnipeg,2024-09-24,0.9354957964783526,1.5223457567708192
Winnipeg,2024-09-25,0.9353751833304705,1.6503441988293275
Winnipeg,2024-09-26,0.9364062083581862,1.7433151008287118
Winnipeg,2024-09-27,0.931808504976316,1.6701128319761562
Winnipeg,2024-09-28,0.9320880064666061,1.634409416995049
Winnipeg,2024-09-29,0.9312840170530635,1.5537331220129496
Winnipeg,2024-09-30,0.9344904084562182,1.6788345414209958
Winnipeg,2024-10-01,0.9322145764327707,1.6816309568915995
Winnipeg,2024-10-02,0.9335963025889006,1.675110197583376
Winnipeg,2024-10-03,0.9324019707093204,1.6954984139839373
Winnipeg,2024-10-04,0.9327640374794126,1.6740481364095607
Winnipeg,2024-10-05,0.9313425462130673,1.603246922559662
Winnipeg,2024-10-06,0.9286673589477328,1.4930425752855658
Winnipeg,2024-10-07,0.9327901323489691,1.6483598931604693
Winnipeg,2024-10-08,0.935567641060503,1.6814547926580556
Winnipeg,2024-10-09,0.9352610283233002,1.7058003552748446
Winnipeg,2024-10-10,0.9370384810784627,1.664918063776746
Winnipeg,2024-10-11,0.9366049784189676,1.7785726955596286
Winnipeg,2024-10-12,0.9337943684314892,1.7008229228633749
Winnipeg,2024-10-13,0.9302524869906482,1.6015722997056596
Winnipeg,2024-10-14,0.9313700753343186,1.5353782936236167
Winnipeg,2024-10-15,0.9379081511249768,1.6371784364011315
Winnipeg,2024-10-16,0.9356413782661905,1.6306791657729722
Winnipeg,2024-10-17,0.9369238108745825,1.6297819668115063
Winnipeg,2024-10-18,0.9348610289769367,1.5334861028976936
Winnipeg,2024-10-19,0.9346129537523014,1.5634497540600698
Winnipeg,2024-10-20,0.9339427807811456,1.5459059709651948
Winnipeg,2024-10-21,0.9381886329122104,1.7429803870884357
Winnipeg,2024-10-22,0.940584686774942,1.9389327146171693
Winnipeg,2024-10-23,0.9336140823717679,1.8114714057104355
Winnipeg,2024-10-24,0.9354568798868981,1.7795089298594882
Winnipeg,2024-10-25,0.9334869607534423,1.7154553001459938
Winnipeg,2024-10-26,0.932583506527025,1.6117337028132088
Winnipeg,2024-10-27,0.9255870561282933,1.5333046964490264
Winnipeg,2024-10-28,0.9321363816067509,1.640396439136777
Winnipeg,2024-10-29,0.9350576643153062,1.6160937558317472
Winnipeg,2024-10-30,0.9368405537199219,1.599658531192807
Winnipeg,2024-10-31,0.9368975710062973,1.6402775992802983
Winnipeg,2024-11-01,0.9354909190222587,1.6273521780690974
Winnipeg,2024-11-02,0.9330790084122859,1.542396802772421
Winnipeg,2024-11-03,0.9321059898744165,1.5156289039384574
Winnipeg,2024-11-04,0.9340441640378548,1.6406687697160884
Winnipeg,2024-11-05,0.9364315546447378,1.704233572855327
Winnipeg,2024-11-06,0.9331954524691671,1.501383038116023
Winnipeg,2024-11-07,0.93646851676653,1.65279091769158
Winnipeg,2024-11-08,0.9355218397940838,1.6470968659863154
Winnipeg,2024-11-09,0.9352135519913498,1.5684293180238396
Winnipeg,2024-11-10,0.9296870959400052,1.4784199637962245
Winnipeg,2024-11-11,0.9351117968370889,1.5645087036046237
Winnipeg,2024-11-12,0.9354120531009084,1.5752164181755741
Winnipeg,2024-11-13,0.935884388357419,1.658265585900552
Winnipeg,2024-11-14,0.9341742169893759,1.5979050728970243
Winnipeg,2024-11-15,0.9371533756902797,1.6433228430615758
Winnipeg,2024-11-16,0.9340907130623359,1.5757359192675924
Winnipeg,2024-11-17,0.9319682790626515,1.4799066731264503
Winnipeg,2024-11-18,0.9338942619337776,1.591204916119999
Winnipeg,2024-11-19,0.9360050028662255,1.5555135754859555
Winnipeg,2024-11-20,0.9360969858641673,1.590763477867359
Winnipeg,2024-11-21,0.9337917294329171,1.6243014723747509
Winnipeg,2024-11-22,0.9363266377839045,1.689575948536169
Winnipeg,2024-11-23,0.9330549123387364,1.6239938251185357
Winnipeg,2024-11-24,0.9305999806145198,1.512995195170246
Winnipeg,2024-11-25,0.9356149979482971,1.6421573656134592
Winnipeg,2024-11-26,0.934119230176196,1.6767917466814315
Winnipeg,2024-11-27,0.9345401600096066,1.6891520691673796
Winnipeg,2024-11-28,0.9304156216929299,1.6770270074368305
Winnipeg,2024-11-29,0.9348979372004094,1.6122421500511661
Winnipeg,2024-11-30,0.930718255107099,1.5044613738944403
Winnipeg,2024-12-01,0.9290234331822703,1.4919862937990493
Winnipeg,2024-12-02,0.9315540635770754,1.5869155765115892
Winnipeg,2024-12-03,0.9343608792652405,1.578011574047859
Winnipeg,2024-12-04,0.9357197258187357,1.6724730714829725
Winnipeg,2024-12-05,0.9341501604090705,1.7458967031282506
Winnipeg,2024-12-06,0.9299031225766992,1.5455826297797048
Winnipeg,2024-12-07,0.9292140434869339,1.5284061440255337
Winnipeg,2024-12-08,0.9315334816507326,1.511685005912653
Winnipeg,2024-12-09,0.9335780419657043,1.6271407439872898
Winnipeg,2024-12-10,0.9392742888434159,1.578023075962379
Winnipeg,2024-12-11,0.9352655538694993,1.5719777440566516
Winnipeg,2024-12-12,0.9385744904008391,1.8328127137580372
Winnipeg,2024-12-13,0.9394378857793492,1.7474920596871817
Winnipeg,2024-12-14,0.9357326779026217,1.6923338014981273
Winnipeg,2024-12-15,0.9321521127387189,1.5402805120847098
Winnipeg,2024-12-16,0.9373153186199589,1.6898983106111554
Winnipeg,2024-12-17,0.9371631740339653,1.6697297242229443
Winnipeg,2024-12-18,0.9387238423396924,1.7989536935876964
Winnipeg,2024-12-19,0.9397868740688367,2.002083280725234
Winnipeg,2024-12-20,0.9319034029101985,1.7722648101460219
Winnipeg,2024-12-21,0.9354343092184854,1.673893055891604
Winnipeg,2024-12-22,0.9342619066160847,1.5577892242482227
Winnipeg,2024-12-23,0.9374053152634731,1.723244589024204
Winnipeg,2024-12-24,0.9350910834132311,1.6910514541387025
Winnipeg,2024-12-25,0.9386624829880539,1.5698245879328596
Winnipeg,2024-12-26,0.9391139758543073,1.6224780028647432
Winnipeg,2024-12-27,0.9407457569729547,1.6458606678799679
Winnipeg,2024-12-28,0.9388909001852759,1.5367996251890026
Winnipeg,2024-12-29,0.938194867945771,1.4766618192053291
Winnipeg,2024-12-30,0.9380054503127861,1.5791122830632083
Winnipeg,2024-12-31,0.9372209484735128,1.5512952013193355
Winnipeg,2025-01-01,0.9460496785315451,1.65616427959624
Winnipeg,2025-01-02,0.9426956020588645,1.6551302688845169
Winnipeg,2025-01-03,0.9414027506982137,1.6453496337671918
Winnipeg,2025-01-04,0.9413351671603893,1.5698264917477782
Winnipeg,2025-01-05,0.9390986601705238,1.5298309720708592
Winnipeg,2025-01-06,0.9419325199256394,1.577341396183679
Winnipeg,2025-01-07,0.9432351119369967,1.6673966905583577
Winnipeg,2025-01-08,0.9437803384294334,1.5796965022909768
Winnipeg,2025-01-09,0.9441684069033388,1.6393509517294351
Winnipeg,2025-01-10,0.9435163264394515,1.5803814713896458
Winnipeg,2025-01-11,0.9439907187245138,1.5573474849811044
Winnipeg,2025-01-12,0.9416273907290562,1.4944284667621683
Winnipeg,2025-01-13,0.9434959185322881,1.5852157924513053
Winnipeg,2025-01-14,0.9415388377364169,1.5751596490073076
Winnipeg,2025-01-15,0.9403878184697004,1.5633752133412844
Winnipeg,2025-01-16,0.9408608409444486,1.5983871138439396
Winnipeg,2025-01-17,0.9416629478061889,1.462205300088303
Winnipeg,2025-01-18,0.9452296078842525,1.4596456280142587
Winnipeg,2025-01-19,0.9423213359170663,1.451983862257378
Winnipeg,2025-01-20,0.9409352728692766,1.4905984574831592
Winnipeg,2025-01-21,0.9440932287302917,1.4970675603625563
Winnipeg,2025-01-22,0.9442402841364019,1.4899299924038678
Winnipeg,2025-01-23,0.9426259341939242,1.6028341259827235
Winnipeg,2025-01-24,0.9429861830541619,1.6175022407431119
Winnipeg,2025-01-25,0.9420981459336828,1.5255534818225505
Winnipeg,2025-01-26,0.942917061290759,1.555946421323231
Winnipeg,2025-01-27,0.9399961412309473,1.481551679132004
Winnipeg,2025-01-28,0.9405289268169035,1.5894238777505523
Winnipeg,2025-01-29,0.947719703663427,1.6722218446272004
Winnipeg,2025-01-30,0.9477298963950141,1.7699940087384742
Winnipeg,2025-01-31,0.9485953974119359,1.8234295415959254
Winnipeg,2025-02-01,0.9439310931645494,1.7758139396020243
Winnipeg,2025-02-02,0.9441052774386107,1.6430470763804097
Winnipeg,2025-02-03,0.9511182036307665,1.760944361446874
Winnipeg,2025-02-04,0.9497862286228623,1.7450832583258327
Winnipeg,2025-02-05,0.9489421548245077,1.7091842974195914
Winnipeg,2025-02-06,0.9507117869142045,1.7763730617805642
Winnipeg,2025-02-07,0.9484216170581725,1.7057716221920527
Winnipeg,2025-02-08,0.9478178368121443,1.6917469315206688
Winnipeg,2025-02-09,0.9469152826908088,1.6061034834222676
Winnipeg,2025-02-10,0.9504679415775721,1.6678916082824098
Winnipeg,2025-02-11,0.9458687957278245,1.5278648783958262
Winnipeg,2025-02-12,0.9468862382633882,1.4922786519779343
Winnipeg,2025-02-13,0.9474220045505379,1.4850796344144075
Winnipeg,2025-02-14,0.9479375891479638,1.4664003143830233
Winnipeg,2025-02-15,0.9457863781259821,1.4323994672174083
Winnipeg,2025-02-16,0.9448693464152856,1.4286451309251198
Winnipeg,2025-02-17,0.946984214701452,1.4901375308619966
Winnipeg,2025-02-18,0.9474959683460085,1.464552288128872
Winnipeg,2025-02-19,0.9462418933307521,1.5768439647662376
Winnipeg,2025-02-20,0.9450904473972017,1.6039673660259715
Winnipeg,2025-02-21,0.9449212372589684,1.6684243039315183
Winnipeg,2025-02-22,0.9456905148164134,1.8805012725297297
Winnipeg,2025-02-23,0.9419651551241143,1.7566850928048177
Winnipeg,2025-02-24,0.9443010215411948,1.7960248723073506
Winnipeg,2025-02-25,0.9461709610277758,1.9522285222134501
Winnipeg,2025-02-26,0.94549254405784,1.7772396068685044
Winnipeg,2025-02-27,0.94484756275967,1.8995552694715898
Winnipeg,2025-02-28,0.9424837183081876,1.9140297001795066
Winnipeg,2025-03-01,0.9399974394355378,1.815169921902784
Winnipeg,2025-03-02,0.9364017206961509,1.6813900525768268
Winnipeg,2025-03-03,0.9409190079104818,1.8165865802893817
Winnipeg,2025-03-04,0.9396498370215517,1.8439257863538214
Winnipeg,2025-03-05,0.9401575931232091,2.1037535816618913
Winnipeg,2025-03-06,0.9376331041919396,1.8799029518803074
Winnipeg,2025-03-07,0.9426970499344727,1.9602556901762551
Winnipeg,2025-03-08,0.9378674414480773,1.962652262279876
Winnipeg,2025-03-09,0.9334229450903958,1.8123395389475099
Winnipeg,2025-03-10,0.9374170827604505,1.8843259280700484
Winnipeg,2025-03-11,0.9418705514692777,2.0258683175493424
Winnipeg,2025-03-12,0.9416293941083652,2.0740547402389398
Winnipeg,2025-03-13,0.9404029915178103,2.0822550723961313
Winnipeg,2025-03-14,0.934500011690164,1.8722732692712352
Winnipeg,2025-03-15,0.9339862260693751,1.955531686358754
Winnipeg,2025-03-16,0.9313771767557568,1.8264846590546662
Winnipeg,2025-03-17,0.9379785230302585,1.977434505026785
Winnipeg,2025-03-18,0.9373795401698561,1.8740503102423496
Winnipeg,2025-03-19,0.9409690279055505,1.9397040785035264
Winnipeg,2025-03-20,0.9397801222638533,2.0047574442910667
Winnipeg,2025-03-21,0.9396862637431206,2.1119042567795234
Winnipeg,2025-03-22,0.9366787229059873,2.0315760714006923
Winnipeg,2025-03-23,0.9326222865815452,1.9245742770019076
Winnipeg,2025-03-24,0.9363416495298698,1.9351776406834025
Winnipeg,2025-03-25,0.940113682501015,1.8768980917580187
Winnipeg,2025-03-26,0.9441079347108218,1.9479384847627135
Winnipeg,2025-03-27,0.9422785043003664,1.9545127017952688
Winnipeg,2025-03-28,0.9411474466160467,1.8273758943011431
Winnipeg,2025-03-29,0.9418556210200559,1.885065166934476
Winnipeg,2025-03-30,0.9388779573307717,1.8162155462249974
Winnipeg,2025-03-31,0.9446073639622027,1.9490760135921426
Winnipeg,2025-04-01,0.9449218690795557,1.9020900589581533
Winnipeg,2025-04-02,0.9387781088445769,1.8557567423026968
Winnipeg,2025-04-03,0.941326568678654,2.0799224054316197
Winnipeg,2025-04-04,0.9420166998686051,2.069243702228062
Winnipeg,2025-04-05,0.938075263300842,2.024247819657784
Winnipeg,2025-04-06,0.9356408386779959,1.8928140950283479
Winnipeg,2025-04-07,0.9379432346541009,2.088592138015248
Winnipeg,2025-04-08,0.9380881094952951,2.0789594280826105
Winnipeg,2025-04-09,0.9380473944755265,2.0207240985383286
Winnipeg,2025-04-10,0.9388386056098217,2.04413477910207
Winnipeg,2025-04-11,0.9390321990486644,2.083775460422003
Winnipeg,2025-04-12,0.9363476078056361,1.9768998595463647
Winnipeg,2025-04-13,0.9337967505363112,1.9756705968436632
Winnipeg,2025-04-14,0.9342141188605406,1.9399781573279131
Winnipeg,2025-04-15,0.9411303706435552,2.1103786342123056
Winnipeg,2025-04-16,0.9374259771022503,2.001746181177685
Winnipeg,2025-04-17,0.937901996370236,1.9939165154264973
Winnipeg,2025-04-18,0.9396204120818256,2.0468503064766264
Winnipeg,2025-04-19,0.9360912938783447,1.9763539282990084
Winnipeg,2025-04-20,0.9309136101462668,1.9055957426468244
Winnipeg,2025-04-21,0.9393320964749536,1.9391929499072356
Winnipeg,2025-04-22,0.9377531550229304,1.8422655910019081
Winnipeg,2025-04-23,0.9349406152752803,1.7488289956820897
Winnipeg,2025-04-24,0.9340473071885353,1.7034055011942368
Winnipeg,2025-04-25,0.9302676248082855,1.604077271708973
Winnipeg,2025-04-26,0.929003466843697,1.5350077450763444
Winnipeg,2025-04-27,0.9275258240482822,1.5110259981429899
Winnipeg,2025-04-28,0.9291026076272694,1.6206492393746867
Winnipeg,2025-04-29,0.9318077360361886,1.7401646548457066
Winnipeg,2025-04-30,0.9315505946607374,1.708549087490487
Winnipeg,2025-05-01,0.9311150215965446,1.6192209246520557
Winnipeg,2025-05-02,0.9348755258432461,1.7193451302067966
Winnipeg,2025-05-03,0.933982917868586,1.7279637685925564
Winnipeg,2025-05-04,0.9298940162480928,1.7739150755357609
Winnipeg,2025-05-05,0.935023147388121,1.7447001783935823
Winnipeg,2025-05-06,0.9329307630770819,1.67224071636861
Winnipeg,2025-05-07,0.9341410288769854,1.7260472464499723
Winnipeg,2025-05-08,0.9340118744698898,1.7259541984732825
Winnipeg,2025-05-09,0.9367331214485216,1.739863237985168
Winnipeg,2025-05-10,0.9317093961051734,1.7578956571153803
Winnipeg,2025-05-11,0.9260479679994754,1.9097198314726471
Winnipeg,2025-05-12,0.931799111166361,2.0717593311993037
Winnipeg,2025-05-13,0.9283050383745878,2.0251702737339268
Winnipeg,2025-05-14,0.9375096452743668,1.7899424590489208
Winnipeg,2025-05-15,0.9383705769205943,2.02224287724462
Winnipeg,2025-05-16,0.9378377322621388,2.0519798434875454
Winnipeg,2025-05-17,0.9320841280478375,1.966390020104129
Winnipeg,2025-05-18,0.9283693790828946,1.8735586985475994
Winnipeg,2025-05-19,0.9307098262417571,1.9369656244515208
Winnipeg,2025-05-20,0.9287479558839803,1.8920460832892747
Winnipeg,2025-05-21,0.9323862653520152,1.842306694343539
Winnipeg,2025-05-22,0.931628532974428,2.038406460296097
Winnipeg,2025-05-23,0.9298179021286372,1.9500953941125352
Winnipeg,2025-05-24,0.9244604695786023,1.8998534543652676
Winnipeg,2025-05-25,0.9199618636722587,1.8245440012326894
Winnipeg,2025-05-26,0.9266361299989568,1.877891262909329
Winnipeg,2025-05-27,0.9295488624154339,1.85894423651369
Winnipeg,2025-05-28,0.9298722896575411,1.7489990148317531
Winnipeg,2025-05-29,0.9243863654896844,2.005361657017043
Winnipeg,2025-05-30,0.922773115864949,1.947415593113501
Winnipeg,2025-05-31,0.9209788747124033,1.9579062957540263
Winnipeg,2025-06-01,0.9171519402533178,1.88387747893223
Winnipeg,2025-06-02,0.9214341185607041,1.9392660148549354
Winnipeg,2025-06-03,0.9256104424625509,1.9399298640574942
Winnipeg,2025-06-04,0.9208631594302564,1.7695289300115657
Winnipeg,2025-06-05,0.9243426956209619,1.8554154702081838
Winnipeg,2025-06-06,0.9262053095358366,1.7483190211595667
Winnipeg,2025-06-07,0.9216447028565776,1.722464636250728
Winnipeg,2025-06-08,0.9226616190404491,1.7336982824448006
Winnipeg,2025-06-09,0.9269294935674217,1.7572751396804425
Winnipeg,2025-06-10,0.9290988715915993,1.6629372715745505
Winnipeg,2025-06-11,0.9305376998341462,1.778452751307693
Winnipeg,2025-06-12,0.9278090284955771,1.87233023969361
Winnipeg,2025-06-13,0.9294676275068432,1.8488352605999665
Winnipeg,2025-06-14,0.9292832017192616,1.7148316725293218
Winnipeg,2025-06-15,0.9234587426045369,1.6847746348713357
Winnipeg,2025-06-16,0.9248495000785217,1.8073601005077737
Winnipeg,2025-06-17,0.9236819525216894,1.7938983697206596
Winnipeg,2025-06-18,0.924579480247433,1.9507998603489485
Winnipeg,2025-06-19,0.9263643470118803,1.9259090635764662
Winnipeg,2025-06-20,0.9262352951183621,1.8975102710886929
Winnipeg,2025-06-21,0.9240157931814086,1.8491865856255836
Winnipeg,2025-06-22,0.9178731943546113,1.7509328822329469
Winnipeg,2025-06-23,0.9263393043202828,1.7616467587460094
Winnipeg,2025-06-24,0.9250477402928071,1.724412878153372
Winnipeg,2025-06-25,0.9176179306750065,1.7176353053600903
Winnipeg,2025-06-26,0.9228344717436368,1.8179902810344242
Winnipeg,2025-06-27,0.9213476093116683,1.7985401198034363
Winnipeg,2025-06-28,0.9187072750006845,1.8447251453448574
Winnipeg,2025-06-29,0.9177542653561774,1.769652863562311
Winnipeg,2025-06-30,0.9181155162282673,1.7835366907469496
Winnipeg,2025-07-01,0.9181040251987614,1.8113215965164318
Winnipeg,2025-07-02,0.920943496291917,1.807284013945522
Winnipeg,2025-07-03,0.9195297360148141,1.8220317815770208
Winnipeg,2025-07-04,0.918894049601262,1.830908772237315
Winnipeg,2025-07-05,0.9144649634108696,1.7459189046866772
Winnipeg,2025-07-06,0.9150798115138828,1.679794915301126
Winnipeg,2025-07-07,0.9214316655837124,1.7799166125189516
Winnipeg,2025-07-08,0.9270742932281394,1.8224063116370808
Winnipeg,2025-07-09,0.934268793682975,1.8549147237190773
Winnipeg,2025-07-10,0.9326377803451895,1.878372300175505
Winnipeg,2025-07-11,0.932485073380055,1.7516949078022914
Winnipeg,2025-07-12,0.9293771876426723,1.7172899863034545
Winnipeg,2025-07-13,0.9259747753688896,1.6947306716493098
Winnipeg,2025-07-14,0.9265269345100252,1.6870426354304384
Winnipeg,2025-07-15,0.9301922015092157,1.750488610767842
Winnipeg,2025-07-16,0.9391339153928902,1.7571610837315188
Winnipeg,2025-07-17,0.9416487731468737,1.8242948117968765
Winnipeg,2025-07-18,0.9414264782169477,1.8607832251840661
Winnipeg,2025-07-19,0.9343586111855453,1.9549247789304445
Winnipeg,2025-07-20,0.9307471264367816,1.8093993325917685
Winnipeg,2025-07-21,0.9380914574606912,1.8702877323623621
Winnipeg,2025-07-22,0.9365859303370987,1.8452924577847802
Winnipeg,2025-07-23,0.9389469912013505,1.7520629202463245
Winnipeg,2025-07-24,0.934730961263619,1.757892978450916
Winnipeg,2025-07-25,0.9347641249404356,1.8267726835284555
Winnipeg,2025-07-26,0.935165393426438,1.8725833197542343
Winnipeg,2025-07-27,0.9354414929795303,1.7877088205424443
Winnipeg,2025-07-28,0.9371686837922553,1.7955407169305357
Winnipeg,2025-07-29,0.9429062302197305,1.8160231485667782
Winnipeg,2025-07-30,0.9399558334342766,1.8112578153390297
Winnipeg,2025-07-31,0.9415343141167185,1.8781735791499286
Winnipeg,2025-08-01,0.9383607873182656,1.7303854503000784
Winnipeg,2025-08-02,0.941131697353335,1.8253798498906457
Winnipeg,2025-08-03,0.9346002137742506,1.6964973183628298
Winnipeg,2025-08-04,0.9389743226742643,1.756304305508857
Winnipeg,2025-08-05,0.9407878762506803,1.7112153053962407
Winnipeg,2025-08-06,0.9423922256608386,1.7781435414243756
Winnipeg,2025-08-07,0.9433973302651208,1.7586122839006602
Winnipeg,2025-08-08,0.94533425515162,1.8280136736379176
Winnipeg,2025-08-09,0.9439934688424823,1.8294013414849106
Winnipeg,2025-08-10,0.9423703598753188,1.8038484698214792
Winnipeg,2025-08-11,0.9436068289193819,1.8712613172209986
Winnipeg,2025-08-12,0.9443097082458554,1.806522840802143
Winnipeg,2025-08-13,0.946642479275189,1.921144374404605
Winnipeg,2025-08-14,0.9417533345656552,1.8600503954780274
Winnipeg,2025-08-15,0.944628540887226,1.9782420679267285
Winnipeg,2025-08-16,0.9412508087997412,2.030400760271757
Winnipeg,2025-08-17,0.9397446012682271,1.9335495748224774
Winnipeg,2025-08-18,0.9430198903303959,1.9799339763091461
Winnipeg,2025-08-19,0.9448369000623312,2.1075496288461175
Winnipeg,2025-08-20,0.9436276406407181,2.0603091387448735
Winnipeg,2025-08-21,0.9414346760205812,1.980252129339832
Winnipeg,2025-08-22,0.9447887263013314,2.078539523917675
Winnipeg,2025-08-23,0.9401517631877974,1.9509273347071625
Winnipeg,2025-08-24,0.9332283877738423,1.704498083285962
Winnipeg,2025-08-25,0.9354820255011191,1.7092257413989145
Winnipeg,2025-08-26,0.932131425421093,1.7172197582470028
Winnipeg,2025-08-27,0.9337902495797232,1.725397646450278
Winnipeg,2025-08-28,0.9314321868520551,1.7180753750457374
Winnipeg,2025-08-29,0.9338434220654022,1.7160243562288997
Winnipeg,2025-08-30,0.9307762015124662,1.6765118647601787
Winnipeg,2025-08-31,0.9319283440333326,1.6135145149459706
Winnipeg,2025-09-01,0.9320060702413644,1.602240208122561
Winnipeg,2025-09-02,0.93417381020476,1.6883536495814364
Winnipeg,2025-09-03,0.934080776943602,1.6933741029848026
Winnipeg,2025-09-04,0.9321721160233227,1.6288696992807998
Winnipeg,2025-09-05,0.9297289935993464,1.554934271134574
Winnipeg,2025-09-06,0.9318009681562223,1.6083824546382586
Winnipeg,2025-09-07,0.9268814454956107,1.4729651410551436
Winnipeg,2025-09-08,0.9280715114592399,1.551194879605454
Winnipeg,2025-09-09,0.9270257661666547,1.492688222206273
Winnipeg,2025-09-10,0.9320780471386767,1.6149998597619692
Winnipeg,2025-09-11,0.9331855355207409,1.7605084244753177
Winnipeg,2025-09-12,0.934998955425142,1.7482859476193189
Winnipeg,2025-09-13,0.9290523960030624,1.7375390172559335
Winnipeg,2025-09-14,0.9288589389896431,1.6286101940210755
Winnipeg,2025-09-15,0.9280727548904101,1.756341223551864
Winnipeg,2025-09-16,0.9323591581656098,1.7688835789194213
Winnipeg,2025-09-17,0.9329128321786785,1.7280012408230794
Winnipeg,2025-09-18,0.9308456640108285,1.753806872365952
Winnipeg,2025-09-19,0.9321069044180741,1.7432975450492874
Winnipeg,2025-09-20,0.9314804229779937,1.6957804270607928
Winnipeg,2025-09-21,0.9299016598270161,1.6845359270150042
Winnipeg,2025-09-22,0.9289952892446696,1.7640651994291294
Winnipeg,2025-09-23,0.9342354723189118,1.7312341381697078
Winnipeg,2025-09-24,0.930597207714167,1.6951960553065786
Winnipeg,2025-09-25,0.9295523042358486,1.6996547756041427
Winnipeg,2025-09-26,0.9303899236232078,1.69813301174684
Winnipeg,2025-09-27,0.9283681214421252,1.6946674451418284
Winnipeg,2025-09-28,0.9314415217554751,1.680085496707947
Winnipeg,2025-09-29,0.9290080439630456,1.7129460019114369
Winnipeg,2025-09-30,0.9336067773220378,1.7819220301299499
Winnipeg,2025-10-01,0.9300254129606099,1.7656289707750954
Winnipeg,2025-10-02,0.928863627674623,1.693866367610139
Winnipeg,2025-10-03,0.9288561021959459,1.6579259923986487
Winnipeg,2025-10-04,0.9296734790411664,1.7167044616647422
Winnipeg,2025-10-05,0.9270747086172855,1.639216185805575
Winnipeg,2025-10-06,0.9286513060724987,1.6819639616829134
Winnipeg,2025-10-07,0.932481798117659,1.8063243613485882
Winnipeg,2025-10-08,0.9324608380602296,1.7293046445057092
Winnipeg,2025-10-09,0.9293001610882405,1.7212502237336675
Winnipeg,2025-10-10,0.9316544871457862,1.7312575574365174
Winnipeg,2025-10-11,0.9273265373232489,1.8773949012617042
Winnipeg,2025-10-12,0.9226419559341877,1.428576766431267
Winnipeg,2025-10-13,0.921423785320891,1.3121476082302375
Winnipeg,2025-10-14,0.9320671490804368,1.5868800466616846
Winnipeg,2025-10-15,0.932760877113325,1.5588793034374082
Winnipeg,2025-10-16,0.9322948838458439,1.6261447562776956
Winnipeg,2025-10-17,0.9328276180266247,1.6415301732911753
Winnipeg,2025-10-18,0.9334093938503942,1.7085489008878747
Winnipeg,2025-10-19,0.9233108439513008,1.675880410258646
Winnipeg,2025-10-20,0.9271167723875806,1.7709622743265108
Winnipeg,2025-10-21,0.928616107191063,1.7341731868710701
Winnipeg,2025-10-22,0.9235569633961447,1.6977203811999133
Winnipeg,2025-10-23,0.9312915357966111,1.8348678268606016
Winnipeg,2025-10-24,0.927820948566432,1.7630981426375394
Winnipeg,2025-10-25,0.9246906671640863,1.6753093328359137
Winnipeg,2025-10-26,0.9227852814732067,1.6222199654717173
Winnipeg,2025-10-27,0.9287531806615776,1.8260573867567218
Winnipeg,2025-10-28,0.9303970964333298,1.8899676871008744
Winnipeg,2025-10-29,0.9290265092448207,1.7457934209549268
Winnipeg,2025-10-30,0.9290021812582866,1.8219494461314742
Winnipeg,2025-10-31,0.9329446580780067,1.9415746664067624
Winnipeg,2025-11-01,0.9257486418444415,1.6114184444149993
Winnipeg,2025-11-02,0.9227795037375697,1.7810503181343353
Winnipeg,2025-11-03,0.923858424257604,1.8002849047447598
Winnipeg,2025-11-04,0.9262149645134127,1.7488421749067726
Winnipeg,2025-11-05,0.9266614564434644,1.8309236051022972
Winnipeg,2025-11-06,0.9284844412715744,1.8507537899466677
Winnipeg,2025-11-07,0.9248084531023085,1.8626496068906806
Winnipeg,2025-11-08,0.9251473304600228,1.81499817800284
Winnipeg,2025-11-09,0.9243491435642992,1.726021535223159
Winnipeg,2025-11-10,0.9233841288880408,1.9751792383392852
Winnipeg,2025-11-11,0.9276388463739569,1.8851032114670536
Winnipeg,2025-11-12,0.9306515023869699,1.7112889637742208
Winnipeg,2025-11-13,0.9347519665348065,1.8807044665726973
Winnipeg,2025-11-14,0.9385999645007578,1.7219453584740787
Winnipeg,2025-11-15,0.938736788658623,1.8183348699242394
Winnipeg,2025-11-16,0.9341218245651507,1.7214961754615477
Winnipeg,2025-11-17,0.9345107626594729,1.7977856460405777
Winnipeg,2025-11-18,0.9318519947101609,1.746473440599515
Winnipeg,2025-11-19,0.9392938468082976,1.8105872932462528
Winnipeg,2025-11-20,0.9320071530198013,1.809283262194724
Winnipeg,2025-11-21,0.9272809334802405,1.6833707238719784
Winnipeg,2025-11-22,0.9282186697116757,1.729788752497859
Winnipeg,2025-11-23,0.9296940724024196,1.654118872434468
Winnipeg,2025-11-24,0.931857050185764,1.7244648227870496
Winnipeg,2025-11-25,0.9386034047919294,1.7359079445145018
Winnipeg,2025-11-26,0.9434590635784144,1.726487740924366
Winnipeg,2025-11-27,0.9447634244682215,1.7871176395161634
Winnipeg,2025-11-28,0.942748243141303,1.6618890697582085
Winnipeg,2025-11-29,0.9380053908355795,1.5433962264150944
Winnipeg,2025-11-30,0.9336630324828594,1.558300550747443
Winnipeg,2025-12-01,0.9356337168561676,1.5721535296909965
Winnipeg,2025-12-02,0.9406578241202177,1.579982694603564
Winnipeg,2025-12-03,0.9306474962570682,1.5859760699835435
Winnipeg,2025-12-04,0.9365212963828881,1.5364568720970104
Winnipeg,2025-12-05,0.9379103262252532,1.537900147590208
Winnipeg,2025-12-06,0.9330246181454399,1.6348016212704077
Winnipeg,2025-12-07,0.9327505598959677,1.6265674506930325
Winnipeg,2025-12-08,0.9312146942418584,1.5525725492959401
Winnipeg,2025-12-09,0.934858669138991,1.5536130150215777
Winnipeg,2025-12-10,0.9434670753735837,1.7202583611582463
Winnipeg,2025-12-11,0.9388451356350868,1.7499750772604925
Winnipeg,2025-12-12,0.9403728861299793,1.7041069474687727
Winnipeg,2025-12-13,0.9333898365782908,1.6308388344415132
Winnipeg,2025-12-14,0.9314378385838998,1.5843483661709397
Winnipeg,2025-12-15,0.9308223625951946,1.5893972489521224
Winnipeg,2025-12-16,0.9284582024824286,1.4688350530880814
Winnipeg,2025-12-17,0.9341946063775536,1.5056146069775116
Winnipeg,2025-12-18,0.9301586355554231,1.7272898848725056
Winnipeg,2025-12-19,0.9308609354848857,1.6367630251748397
Winnipeg,2025-12-20,0.9301429627547142,1.6505690396609711
Winnipeg,2025-12-21,0.9245788360071778,1.5363848193480998
Winnipeg,2025-12-22,0.9304720144441578,1.57327830797008
Winnipeg,2025-12-23,0.9304728357388856,1.6685832589263814
Winnipeg,2025-12-24,0.9306035487905705,1.6639460685590723
Winnipeg,2025-12-25,0.929519003825181,1.70130015463498
Winnipeg,2025-12-26,0.9262336299438116,1.7250486455759855
Winnipeg,2025-12-27,0.9323095721327093,1.6687238537050078
Winnipeg,2025-12-28,0.9283868745155456,1.709876410300577
Winnipeg,2025-12-29,0.9291025042774926,1.721740032146005
Winnipeg,2025-12-30,0.9315971613807604,1.6904568950411776
Winnipeg,2025-12-31,0.9345760554726587,1.7258513999824454
