city,date,normalized_distinct,normalized_stops
Calgary,2023-01-01,0.9044585987261147,2.5626326963906583
Calgary,2023-01-02,0.9063136456211812,2.7128309572301426
Calgary,2023-01-03,0.8987854251012146,3.1983805668016196
Calgary,2023-01-04,0.9010309278350516,2.9422680412371136
Calgary,2023-01-05,0.8930817610062893,2.989517819706499
Calgary,2023-01-06,0.8941684665226782,3.2829373650107994
Calgary,2023-01-07,0.9009009009009009,2.9864864864864864
Calgary,2023-01-08,0.891213389121339,2.4686192468619246
Calgary,2023-01-09,0.9020833333333333,3.2604166666666665
Calgary,2023-01-10,0.9125,3.3229166666666665
Calgary,2023-01-11,0.9018789144050104,3.663883089770355
Calgary,2023-01-12,0.9006211180124224,3.391304347826087
Calgary,2023-01-13,0.9038076152304609,3.2545090180360723
Calgary,2023-01-14,0.9250535331905781,2.8993576017130622
Calgary,2023-01-15,0.9,2.632608695652174
Calgary,2023-01-16,0.9056603773584906,3.251572327044025
Calgary,2023-01-17,0.906054279749478,3.4467640918580376
Calgary,2023-01-18,0.9148073022312373,3.3813387423935093
Calgary,2023-01-19,0.9113924050632911,3.3945147679324896
Calgary,2023-01-20,0.9147609147609148,3.2557172557172556
Calgary,2023-01-21,0.8893709327548807,2.89587852494577
Calgary,2023-01-22,0.9,2.60625
Calgary,2023-01-23,0.9002123142250531,3.1613588110403397
Calgary,2023-01-24,0.8936170212765957,3.4340425531914893
Calgary,2023-01-25,0.8920570264765784,3.124236252545825
Calgary,2023-01-26,0.9037656903765691,3.493723849372385
Calgary,2023-01-27,0.9074074074074074,3.2674897119341564
Calgary,2023-01-28,0.9073684210526316,3.014736842105263
Calgary,2023-01-29,0.8896103896103896,2.5454545454545454
Calgary,2023-01-30,0.8981288981288982,3.2162162162162162
Calgary,2023-01-31,0.9161554192229039,3.4723926380368098
Calgary,2023-02-01,0.9171717171717172,3.3414141414141416
Calgary,2023-02-02,0.9111111111111111,3.286868686868687
Calgary,2023-02-03,0.9109311740890689,3.3198380566801617
Calgary,2023-02-04,0.9152892561983471,3.1859504132231407
Calgary,2023-02-05,0.9,2.79375
Calgary,2023-02-06,0.8941908713692946,3.2053941908713695
Calgary,2023-02-07,0.9063829787234042,3.497872340425532
Calgary,2023-02-08,0.9014373716632443,3.4435318275154003
Calgary,2023-02-09,0.9164926931106472,3.4133611691022963
Calgary,2023-02-10,0.9014373716632443,3.4250513347022586
Calgary,2023-02-11,0.9024390243902439,3.1751662971175167
Calgary,2023-02-12,0.9186295503211992,2.805139186295503
Calgary,2023-02-13,0.9105691056910569,3.298780487804878
Calgary,2023-02-14,0.906930693069307,3.510891089108911
Calgary,2023-02-15,0.8942115768463074,3.367265469061876
Calgary,2023-02-16,0.8985507246376812,3.2732919254658386
Calgary,2023-02-17,0.9107883817427386,3.4232365145228214
Calgary,2023-02-18,0.9037199124726477,3.1575492341356672
Calgary,2023-02-19,0.896774193548387,2.5505376344086024
Calgary,2023-02-20,0.8934782608695652,2.4347826086956523
Calgary,2023-02-21,0.8941908713692946,2.9398340248962658
Calgary,2023-02-22,0.9016393442622951,3.1557377049180326
Calgary,2023-02-23,0.9100642398286938,3.02355460385439
Calgary,2023-02-24,0.9136069114470843,3.159827213822894
Calgary,2023-02-25,0.9002169197396963,3.067245119305857
Calgary,2023-02-26,0.8914893617021277,2.702127659574468
Calgary,2023-02-27,0.8798283261802575,3.3261802575107295
Calgary,2023-02-28,0.9014989293361885,3.355460385438972
Calgary,2023-03-01,0.9120171673819742,3.3862660944206007
Calgary,2023-03-02,0.8937093275488069,3.351409978308026
Calgary,2023-03-03,0.9051383399209486,3.108695652173913
Calgary,2023-03-04,0.8936605316973415,2.867075664621677
Calgary,2023-03-05,0.8832599118942731,2.5594713656387666
Calgary,2023-03-06,0.911578947368421,3.096842105263158
Calgary,2023-03-07,0.9129511677282378,3.099787685774947
Calgary,2023-03-08,0.9247311827956989,3.1462365591397847
Calgary,2023-03-09,0.9227467811158798,3.1738197424892705
Calgary,2023-03-10,0.9120879120879121,3.145054945054945
Calgary,2023-03-11,0.8983833718244804,2.8960739030023093
Calgary,2023-03-12,0.8940092165898618,2.5737327188940093
Calgary,2023-03-13,0.9064587973273942,2.77728285077951
Calgary,2023-03-14,0.9075268817204301,3.0451612903225804
Calgary,2023-03-15,0.9,3.0829787234042554
Calgary,2023-03-16,0.918552036199095,2.9683257918552037
Calgary,2023-03-17,0.9172259507829977,3.1834451901565997
Calgary,2023-03-18,0.903448275862069,2.910344827586207
Calgary,2023-03-19,0.9059633027522935,2.580275229357798
Calgary,2023-03-20,0.8988505747126436,2.8873563218390803
Calgary,2023-03-21,0.9176755447941889,3.2953995157384988
Calgary,2023-03-22,0.9019138755980861,3.148325358851675
Calgary,2023-03-23,0.9097222222222222,3.0694444444444446
Calgary,2023-03-24,0.9137168141592921,2.935840707964602
Calgary,2023-03-25,0.8896713615023474,2.720657276995305
Calgary,2023-03-26,0.8698795180722891,2.4819277108433737
Calgary,2023-03-27,0.8992805755395683,2.8920863309352516
Calgary,2023-03-28,0.8953488372093024,2.9558139534883723
Calgary,2023-03-29,0.896551724137931,2.8367816091954023
Calgary,2023-03-30,0.8993135011441648,2.860411899313501
Calgary,2023-03-31,0.8835616438356164,2.9406392694063928
Calgary,2023-04-01,0.8964705882352941,2.84
Calgary,2023-04-02,0.87409200968523,2.5181598062953996
Calgary,2023-04-03,0.9021479713603818,2.8949880668257757
Calgary,2023-04-04,0.9174311926605505,3.0711009174311927
Calgary,2023-04-05,0.9149888143176734,3.0380313199105147
Calgary,2023-04-06,0.9103139013452914,3.2488789237668163
Calgary,2023-04-07,0.875,2.6470588235294117
Calgary,2023-04-08,0.8865435356200527,2.8548812664907652
Calgary,2023-04-09,0.882051282051282,2.4743589743589745
Calgary,2023-04-10,0.8964705882352941,2.6705882352941175
Calgary,2023-04-11,0.9016393442622951,3.0421545667447307
Calgary,2023-04-12,0.9110070257611241,2.899297423887588
Calgary,2023-04-13,0.9009216589861752,3.0714285714285716
Calgary,2023-04-14,0.8823529411764706,2.8665158371040724
Calgary,2023-04-15,0.8948655256723717,2.936430317848411
Calgary,2023-04-16,0.8858560794044665,2.4491315136476426
Calgary,2023-04-17,0.8905109489051095,2.8369829683698295
Calgary,2023-04-18,0.8953771289537713,3.223844282238443
Calgary,2023-04-19,0.8978622327790974,2.9453681710213777
Calgary,2023-04-20,0.8969849246231156,2.9246231155778895
Calgary,2023-04-21,0.8975,2.755
Calgary,2023-04-22,0.8891891891891892,2.872972972972973
Calgary,2023-04-23,0.8698979591836735,2.614795918367347
Calgary,2023-04-24,0.90625,2.96875
Calgary,2023-04-25,0.9061032863849765,3.307511737089202
Calgary,2023-04-26,0.8886255924170616,3.1872037914691944
Calgary,2023-04-27,0.8997555012224939,3.3080684596577017
Calgary,2023-04-28,0.9046454767726161,3.293398533007335
Calgary,2023-04-29,0.8917525773195877,2.9742268041237114
Calgary,2023-04-30,0.8571428571428571,2.632275132275132
Calgary,2023-05-01,0.8894601542416453,3.125964010282776
Calgary,2023-05-02,0.8781725888324873,3.213197969543147
Calgary,2023-05-03,0.8886010362694301,3.22279792746114
Calgary,2023-05-04,0.8708860759493671,2.962025316455696
Calgary,2023-05-05,0.896,3.024
Calgary,2023-05-06,0.8447837150127226,2.4732824427480917
Calgary,2023-05-07,0.871313672922252,2.571045576407507
Calgary,2023-05-08,0.8948598130841121,2.7406542056074765
Calgary,2023-05-09,0.8896396396396397,3.0022522522522523
Calgary,2023-05-10,0.8901098901098901,3.0945054945054946
Calgary,2023-05-11,0.880184331797235,2.9608294930875574
Calgary,2023-05-12,0.9032258064516129,3.5285359801488836
Calgary,2023-05-13,0.8791773778920309,3.32133676092545
Calgary,2023-05-14,0.8637532133676092,2.948586118251928
Calgary,2023-05-15,0.8929440389294404,3.3284671532846715
Calgary,2023-05-16,0.8955916473317865,3.0904872389791183
Calgary,2023-05-17,0.8906605922551253,3.164009111617312
Calgary,2023-05-18,0.8755760368663594,3.1797235023041477
Calgary,2023-05-19,0.849438202247191,3.146067415730337
Calgary,2023-05-20,0.864406779661017,2.891041162227603
Calgary,2023-05-21,0.8444444444444444,2.5530864197530865
Calgary,2023-05-22,0.8526077097505669,2.2879818594104306
Calgary,2023-05-23,0.8981481481481481,3.1319444444444446
Calgary,2023-05-24,0.8959276018099548,3.269230769230769
Calgary,2023-05-25,0.9025974025974026,3.2489177489177488
Calgary,2023-05-26,0.899103139013453,3.414798206278027
Calgary,2023-05-27,0.865909090909091,3.0
Calgary,2023-05-28,0.8406113537117904,2.6528384279475983
Calgary,2023-05-29,0.9068736141906873,3.2771618625277164
Calgary,2023-05-30,0.9037199124726477,3.396061269146608
Calgary,2023-05-31,0.8931623931623932,3.4337606837606836
Calgary,2023-06-01,0.9021739130434783,3.115217391304348
Calgary,2023-06-02,0.8871331828442438,3.489841986455982
Calgary,2023-06-03,0.9121621621621622,3.1644144144144146
Calgary,2023-06-04,0.8879310344827587,2.9525862068965516
Calgary,2023-06-05,0.8921775898520085,3.1797040169133193
Calgary,2023-06-06,0.9066666666666666,3.36
Calgary,2023-06-07,0.8926174496644296,3.360178970917226
Calgary,2023-06-08,0.8951965065502183,3.480349344978166
Calgary,2023-06-09,0.9,3.3266666666666667
Calgary,2023-06-10,0.8797327394209354,2.8396436525612474
Calgary,2023-06-11,0.8667992047713717,2.4433399602385686
Calgary,2023-06-12,0.898,2.924
Calgary,2023-06-13,0.8781818181818182,2.8381818181818184
Calgary,2023-06-14,0.883495145631068,2.8679611650485435
Calgary,2023-06-15,0.888,2.796
Calgary,2023-06-16,0.8820960698689956,2.941048034934498
Calgary,2023-06-17,0.8451882845188284,2.5481171548117154
Calgary,2023-06-18,0.8574380165289256,2.256198347107438
Calgary,2023-06-19,0.8752515090543259,2.8792756539235413
Calgary,2023-06-20,0.8917322834645669,2.748031496062992
Calgary,2023-06-21,0.8856589147286822,2.9631782945736433
Calgary,2023-06-22,0.8712273641851107,2.9798792756539236
Calgary,2023-06-23,0.8752399232245681,3.0268714011516313
Calgary,2023-06-24,0.8683651804670913,2.9745222929936306
Calgary,2023-06-25,0.8503937007874016,2.6102362204724407
Calgary,2023-06-26,0.8778947368421053,2.951578947368421
Calgary,2023-06-27,0.8646034816247582,2.5938104448742747
Calgary,2023-06-28,0.8885017421602788,2.6602787456445993
Calgary,2023-06-29,0.8887070376432079,2.6382978723404253
Calgary,2023-06-30,0.883248730964467,2.536379018612521
Calgary,2023-07-01,0.8568665377176016,2.5667311411992264
Calgary,2023-07-02,0.8477801268498943,2.496828752642706
Calgary,2023-07-03,0.8577319587628865,2.560824742268041
Calgary,2023-07-04,0.8654618473895582,2.9076305220883536
Calgary,2023-07-05,0.8926441351888668,3.0675944333996026
Calgary,2023-07-06,0.9008547008547009,2.8085470085470083
Calgary,2023-07-07,0.8920353982300885,3.279646017699115
Calgary,2023-07-08,0.88,3.498181818181818
Calgary,2023-07-09,0.8857566765578635,2.8427299703264093
Calgary,2023-07-10,0.8780487804878049,2.9222560975609757
Calgary,2023-07-11,0.8779264214046822,3.1538461538461537
Calgary,2023-07-12,0.8859180035650623,3.215686274509804
Calgary,2023-07-13,0.8825622775800712,3.119217081850534
Calgary,2023-07-14,0.8938848920863309,3.070143884892086
Calgary,2023-07-15,0.873217115689382,2.954041204437401
Calgary,2023-07-16,0.886986301369863,2.833904109589041
Calgary,2023-07-17,0.8710191082802548,2.5621019108280256
Calgary,2023-07-18,0.8917835671342685,2.94188376753507
Calgary,2023-07-19,0.882,2.916
Calgary,2023-07-20,0.8814531548757171,2.7380497131931167
Calgary,2023-07-21,0.8834586466165414,2.7838345864661656
Calgary,2023-07-22,0.8547368421052631,2.8863157894736844
Calgary,2023-07-23,0.8623481781376519,2.625506072874494
Calgary,2023-07-24,0.8969072164948454,2.8350515463917527
Calgary,2023-07-25,0.8942115768463074,2.992015968063872
Calgary,2023-07-26,0.9071729957805907,3.160337552742616
Calgary,2023-07-27,0.8879668049792531,2.933609958506224
Calgary,2023-07-28,0.8881856540084389,2.80168776371308
Calgary,2023-07-29,0.8593073593073594,2.9740259740259742
Calgary,2023-07-30,0.8711538461538462,2.376923076923077
Calgary,2023-07-31,0.8891213389121339,2.805439330543933
Calgary,2023-08-01,0.8964059196617337,3.097251585623679
Calgary,2023-08-02,0.8945233265720081,3.073022312373225
Calgary,2023-08-03,0.8904109589041096,3.1193737769080236
Calgary,2023-08-04,0.8942917547568711,3.175475687103594
Calgary,2023-08-05,0.8917050691244239,2.9009216589861753
Calgary,2023-08-06,0.8820960698689956,2.561135371179039
Calgary,2023-08-07,0.8535645472061657,2.3140655105973025
Calgary,2023-08-08,0.8729281767955801,2.848987108655617
Calgary,2023-08-09,0.885480572597137,2.8650306748466257
Calgary,2023-08-10,0.8863636363636364,3.024793388429752
Calgary,2023-08-11,0.8948453608247423,3.1175257731958763
Calgary,2023-08-12,0.8726899383983573,2.837782340862423
Calgary,2023-08-13,0.8774193548387097,2.660215053763441
Calgary,2023-08-14,0.9088983050847458,3.2457627118644066
Calgary,2023-08-15,0.8976034858387799,3.1938997821350763
Calgary,2023-08-16,0.8959183673469387,3.020408163265306
Calgary,2023-08-17,0.893574297188755,2.9497991967871484
Calgary,2023-08-18,0.900749063670412,2.6310861423220975
Calgary,2023-08-19,0.89,2.922
Calgary,2023-08-20,0.8662790697674418,2.437984496124031
Calgary,2023-08-21,0.8947368421052632,2.840080971659919
Calgary,2023-08-22,0.9004065040650406,2.8658536585365852
Calgary,2023-08-23,0.8926315789473684,3.0526315789473686
Calgary,2023-08-24,0.896969696969697,3.002020202020202
Calgary,2023-08-25,0.8964757709251101,3.2577092511013217
Calgary,2023-08-26,0.8910675381263616,3.045751633986928
Calgary,2023-08-27,0.8801742919389978,2.679738562091503
Calgary,2023-08-28,0.8839662447257384,2.892405063291139
Calgary,2023-08-29,0.8794466403162056,2.9802371541501977
Calgary,2023-08-30,0.8775933609958506,2.9564315352697097
Calgary,2023-08-31,0.907258064516129,3.064516129032258
Calgary,2023-09-01,0.9031578947368422,3.216842105263158
Calgary,2023-09-02,0.8891257995735607,3.1279317697228146
Calgary,2023-09-03,0.8747390396659708,2.693110647181628
Calgary,2023-09-04,0.8882575757575758,2.418560606060606
Calgary,2023-09-05,0.8973305954825462,3.024640657084189
Calgary,2023-09-06,0.8913043478260869,3.035573122529644
Calgary,2023-09-07,0.9104477611940298,3.298507462686567
Calgary,2023-09-08,0.902542372881356,3.180084745762712
Calgary,2023-09-09,0.8803611738148984,3.0428893905191874
Calgary,2023-09-10,0.8846153846153846,2.608974358974359
Calgary,2023-09-11,0.9004149377593361,3.2095435684647304
Calgary,2023-09-12,0.906054279749478,3.127348643006263
Calgary,2023-09-13,0.8891257995735607,3.2899786780383797
Calgary,2023-09-14,0.8713080168776371,3.19831223628692
Calgary,2023-09-15,0.885593220338983,3.1461864406779663
Calgary,2023-09-16,0.8886363636363637,3.131818181818182
Calgary,2023-09-17,0.8805031446540881,2.452830188679245
Calgary,2023-09-18,0.8997955010224948,2.8977505112474438
Calgary,2023-09-19,0.9028077753779697,3.0323974082073435
Calgary,2023-09-20,0.9083333333333333,2.8979166666666667
Calgary,2023-09-21,0.8971553610503282,3.035010940919037
Calgary,2023-09-22,0.901565995525727,3.0850111856823266
Calgary,2023-09-23,0.8955223880597015,2.8891257995735606
Calgary,2023-09-24,0.8876651982378855,2.548458149779736
Calgary,2023-09-25,0.9004629629629629,3.0787037037037037
Calgary,2023-09-26,0.8946188340807175,3.0291479820627805
Calgary,2023-09-27,0.9072847682119205,3.247240618101545
Calgary,2023-09-28,0.9180672268907563,3.1596638655462184
Calgary,2023-09-29,0.8879492600422833,3.059196617336152
Calgary,2023-09-30,0.8612334801762115,2.6894273127753303
Calgary,2023-10-01,0.8669623059866962,2.7006651884700665
Calgary,2023-10-02,0.8846153846153846,3.158371040723982
Calgary,2023-10-03,0.8942528735632184,3.0689655172413794
Calgary,2023-10-04,0.8970917225950783,3.0894854586129754
Calgary,2023-10-05,0.9125560538116592,3.2152466367713006
Calgary,2023-10-06,0.8992974238875878,3.309133489461358
Calgary,2023-10-07,0.8858560794044665,3.094292803970223
Calgary,2023-10-08,0.8507109004739336,2.5876777251184833
Calgary,2023-10-09,0.8479809976247031,2.4536817102137767
Calgary,2023-10-10,0.8851351351351351,3.1373873873873874
Calgary,2023-10-11,0.8898876404494382,3.0898876404494384
Calgary,2023-10-12,0.9103139013452914,3.367713004484305
Calgary,2023-10-13,0.9040178571428571,3.3370535714285716
Calgary,2023-10-14,0.8896551724137931,3.239080459770115
Calgary,2023-10-15,0.8886198547215496,2.7869249394673123
Calgary,2023-10-16,0.8990147783251231,3.167487684729064
Calgary,2023-10-17,0.9060240963855422,3.1060240963855423
Calgary,2023-10-18,0.9080188679245284,3.275943396226415
Calgary,2023-10-19,0.9093078758949881,3.4009546539379474
Calgary,2023-10-20,0.9080188679245284,3.3514150943396226
Calgary,2023-10-21,0.8819444444444444,2.849537037037037
Calgary,2023-10-22,0.8655256723716381,2.569682151589242
Calgary,2023-10-23,0.9069767441860465,3.0023255813953487
Calgary,2023-10-24,0.927360774818402,3.2179176755447942
Calgary,2023-10-25,0.9146919431279621,3.5118483412322274
Calgary,2023-10-26,0.9178403755868545,3.6619718309859155
Calgary,2023-10-27,0.9014423076923077,3.3413461538461537
Calgary,2023-10-28,0.8985148514851485,2.9207920792079207
Calgary,2023-10-29,0.8969849246231156,2.7437185929648242
Calgary,2023-10-30,0.9271844660194175,3.3592233009708736
Calgary,2023-10-31,0.9296482412060302,3.4346733668341707
Calgary,2023-11-01,0.8937823834196891,3.437823834196891
Calgary,2023-11-02,0.9040404040404041,3.1515151515151514
Calgary,2023-11-03,0.9043927648578811,3.454780361757106
Calgary,2023-11-04,0.8471502590673575,2.9093264248704664
Calgary,2023-11-05,0.8563829787234043,2.747340425531915
Calgary,2023-11-06,0.895,3.07
Calgary,2023-11-07,0.8985507246376812,3.0628019323671496
Calgary,2023-11-08,0.9069148936170213,3.2180851063829787
Calgary,2023-11-09,0.9090909090909091,3.153246753246753
Calgary,2023-11-10,0.9083969465648855,3.323155216284987
Calgary,2023-11-11,0.8763440860215054,2.8951612903225805
Calgary,2023-11-12,0.8637602179836512,2.4795640326975477
Calgary,2023-11-13,0.8643617021276596,2.925531914893617
Calgary,2023-11-14,0.8882978723404256,2.949468085106383
Calgary,2023-11-15,0.8918918918918919,3.0081081081081082
Calgary,2023-11-16,0.8958904109589041,3.2739726027397262
Calgary,2023-11-17,0.8840970350404312,3.188679245283019
Calgary,2023-11-18,0.8709677419354839,2.89247311827957
Calgary,2023-11-19,0.8791208791208791,2.7967032967032965
Calgary,2023-11-20,0.9175531914893617,3.077127659574468
Calgary,2023-11-21,0.9258312020460358,3.125319693094629
Calgary,2023-11-22,0.9038961038961039,2.963636363636364
Calgary,2023-11-23,0.8919597989949749,3.150753768844221
Calgary,2023-11-24,0.9156327543424317,3.3548387096774195
Calgary,2023-11-25,0.8723958333333334,2.9869791666666665
Calgary,2023-11-26,0.8700564971751412,2.768361581920904
Calgary,2023-11-27,0.9074074074074074,3.304232804232804
Calgary,2023-11-28,0.9023746701846965,3.2981530343007917
Calgary,2023-11-29,0.9098143236074271,3.2758620689655173
Calgary,2023-11-30,0.9057591623036649,2.9633507853403143
Calgary,2023-12-01,0.9114583333333334,3.3984375
Calgary,2023-12-02,0.8853333333333333,3.066666666666667
Calgary,2023-12-03,0.8994565217391305,2.7690217391304346
Calgary,2023-12-04,0.9130434782608695,3.255434782608696
Calgary,2023-12-05,0.9226804123711341,3.345360824742268
Calgary,2023-12-06,0.91,3.1225
Calgary,2023-12-07,0.8905472636815921,2.9378109452736316
Calgary,2023-12-08,0.9020618556701031,3.033505154639175
Calgary,2023-12-09,0.896457765667575,3.0217983651226157
Calgary,2023-12-10,0.8783783783783784,2.689189189189189
Calgary,2023-12-11,0.9068627450980392,3.3284313725490198
Calgary,2023-12-12,0.9170854271356784,3.28643216080402
Calgary,2023-12-13,0.9225,3.3925
Calgary,2023-12-14,0.912621359223301,2.8932038834951457
Calgary,2023-12-15,0.9066339066339066,3.1744471744471743
Calgary,2023-12-16,0.9025,2.955
Calgary,2023-12-17,0.8670076726342711,2.710997442455243
Calgary,2023-12-18,0.9090909090909091,3.2196969696969697
Calgary,2023-12-19,0.900497512437811,3.263681592039801
Calgary,2023-12-20,0.902676399026764,3.272506082725061
Calgary,2023-12-21,0.8975609756097561,3.1658536585365855
Calgary,2023-12-22,0.9019607843137255,3.3186274509803924
Calgary,2023-12-23,0.8804071246819338,3.0076335877862594
Calgary,2023-12-24,0.8837209302325582,2.772609819121447
Calgary,2023-12-25,0.8851540616246498,2.277310924369748
Calgary,2023-12-26,0.8631578947368421,2.5526315789473686
Calgary,2023-12-27,0.8923884514435696,2.9921259842519685
Calgary,2023-12-28,0.8753387533875339,2.994579945799458
Calgary,2023-12-29,0.8989071038251366,3.2158469945355193
Calgary,2023-12-30,0.884180790960452,3.059322033898305
Calgary,2023-12-31,0.901595744680851,2.9308510638297873
Calgary,2024-01-01,0.8661202185792349,2.6065573770491803
Calgary,2024-01-02,0.89501312335958,2.8398950131233596
Calgary,2024-01-03,0.8810810810810811,2.7486486486486488
Calgary,2024-01-04,0.8781163434903048,2.9113573407202216
Calgary,2024-01-05,0.8931506849315068,3.0684931506849313
Calgary,2024-01-06,0.8850267379679144,2.6737967914438503
Calgary,2024-01-07,0.8804347826086957,2.5489130434782608
Calgary,2024-01-08,0.9116883116883117,3.2493506493506494
Calgary,2024-01-09,0.9041450777202072,3.199481865284974
Calgary,2024-01-10,0.9090909090909091,2.979220779220779
Calgary,2024-01-11,0.9177718832891246,3.143236074270557
Calgary,2024-01-12,0.8994413407821229,2.8016759776536313
Calgary,2024-01-13,0.8818681318681318,2.760989010989011
Calgary,2024-01-14,0.8766756032171582,2.4959785522788205
Calgary,2024-01-15,0.8905109489051095,2.9562043795620436
Calgary,2024-01-16,0.9037974683544304,3.159493670886076
Calgary,2024-01-17,0.9102902374670184,3.300791556728232
Calgary,2024-01-18,0.8922651933701657,3.453038674033149
Calgary,2024-01-19,0.8983516483516484,3.087912087912088
Calgary,2024-01-20,0.8746594005449592,2.8746594005449593
Calgary,2024-01-21,0.8587257617728532,2.4764542936288088
Calgary,2024-01-22,0.9015544041450777,3.082901554404145
Calgary,2024-01-23,0.9191374663072777,3.0808625336927222
Calgary,2024-01-24,0.9180790960451978,3.3163841807909606
Calgary,2024-01-25,0.9128065395095368,3.446866485013624
Calgary,2024-01-26,0.898936170212766,3.2367021276595747
Calgary,2024-01-27,0.8956521739130435,2.8550724637681157
Calgary,2024-01-28,0.8806818181818182,2.6193181818181817
Calgary,2024-01-29,0.903485254691689,3.045576407506702
Calgary,2024-01-30,0.8947368421052632,3.0157894736842104
Calgary,2024-01-31,0.9133858267716536,3.183727034120735
Calgary,2024-02-01,0.9002624671916011,3.2467191601049867
Calgary,2024-02-02,0.8986666666666666,3.2346666666666666
Calgary,2024-02-03,0.8770053475935828,2.914438502673797
Calgary,2024-02-04,0.8769633507853403,2.5575916230366493
Calgary,2024-02-05,0.9107142857142857,3.1581632653061225
Calgary,2024-02-06,0.9116883116883117,3.18961038961039
Calgary,2024-02-07,0.9156010230179028,3.1099744245524295
Calgary,2024-02-08,0.9123711340206185,3.0412371134020617
Calgary,2024-02-09,0.9036458333333334,3.2916666666666665
Calgary,2024-02-10,0.887434554973822,3.020942408376963
Calgary,2024-02-11,0.8713910761154856,2.6167979002624673
Calgary,2024-02-12,0.9037433155080213,3.125668449197861
Calgary,2024-02-13,0.9120603015075377,3.193467336683417
Calgary,2024-02-14,0.9187817258883249,3.1218274111675126
Calgary,2024-02-15,0.9116883116883117,3.14025974025974
Calgary,2024-02-16,0.9057591623036649,3.149214659685864
Calgary,2024-02-17,0.8951841359773371,2.960339943342776
Calgary,2024-02-18,0.8828571428571429,2.657142857142857
Calgary,2024-02-19,0.8925619834710744,2.4765840220385673
Calgary,2024-02-20,0.9306666666666666,3.1413333333333333
Calgary,2024-02-21,0.9102902374670184,3.3192612137203166
Calgary,2024-02-22,0.8984375,3.1119791666666665
Calgary,2024-02-23,0.9086161879895561,3.1253263707571803
Calgary,2024-02-24,0.8867924528301887,2.7412398921832883
Calgary,2024-02-25,0.9025069637883009,2.947075208913649
Calgary,2024-02-26,0.9388888888888889,3.0388888888888888
Calgary,2024-02-27,0.9243697478991597,3.1624649859943976
Calgary,2024-02-28,0.9010416666666666,3.109375
Calgary,2024-02-29,0.9047619047619048,3.0238095238095237
Calgary,2024-03-01,0.9109195402298851,3.0689655172413794
Calgary,2024-03-02,0.8828571428571429,2.9114285714285715
Calgary,2024-03-03,0.883008356545961,2.481894150417827
Calgary,2024-03-04,0.912,3.024
Calgary,2024-03-05,0.9038961038961039,3.0623376623376624
Calgary,2024-03-06,0.9248704663212435,3.082901554404145
Calgary,2024-03-07,0.9198966408268734,3.157622739018088
Calgary,2024-03-08,0.9108108108108108,3.2324324324324323
Calgary,2024-03-09,0.8783783783783784,2.864864864864865
Calgary,2024-03-10,0.8933333333333333,2.704
Calgary,2024-03-11,0.9151193633952255,3.114058355437666
Calgary,2024-03-12,0.9048843187660668,3.2159383033419022
Calgary,2024-03-13,0.9083769633507853,3.2853403141361257
Calgary,2024-03-14,0.899736147757256,3.3588390501319263
Calgary,2024-03-15,0.9157608695652174,3.282608695652174
Calgary,2024-03-16,0.9010989010989011,3.181318681318681
Calgary,2024-03-17,0.8924731182795699,2.717741935483871
Calgary,2024-03-18,0.9112271540469974,3.4438642297650133
Calgary,2024-03-19,0.9021164021164021,3.134920634920635
Calgary,2024-03-20,0.8950276243093923,2.953038674033149
Calgary,2024-03-21,0.9030470914127424,3.2714681440443214
Calgary,2024-03-22,0.8897849462365591,3.0268817204301075
Calgary,2024-03-23,0.9027027027027027,2.945945945945946
Calgary,2024-03-24,0.9057142857142857,2.5885714285714285
Calgary,2024-03-25,0.896457765667575,3.0217983651226157
Calgary,2024-03-26,0.9002624671916011,3.036745406824147
Calgary,2024-03-27,0.9088541666666666,3.0833333333333335
Calgary,2024-03-28,0.9112271540469974,3.2219321148825064
Calgary,2024-03-29,0.8840579710144928,2.9768115942028985
Calgary,2024-03-30,0.8933717579250721,3.121037463976945
Calgary,2024-03-31,0.888235294117647,2.7294117647058824
Calgary,2024-04-01,0.907103825136612,3.021857923497268
Calgary,2024-04-02,0.9182561307901907,3.188010899182561
Calgary,2024-04-03,0.9275766016713092,3.200557103064067
Calgary,2024-04-04,0.8997134670487106,3.1919770773638967
Calgary,2024-04-05,0.924198250728863,3.41399416909621
Calgary,2024-04-06,0.8826979472140762,2.9824046920821115
Calgary,2024-04-07,0.875,2.75
Calgary,2024-04-08,0.9035812672176309,3.165289256198347
Calgary,2024-04-09,0.9041095890410958,3.128767123287671
Calgary,2024-04-10,0.9,3.2777777777777777
Calgary,2024-04-11,0.9108635097493036,3.2089136490250696
Calgary,2024-04-12,0.8988439306358381,2.976878612716763
Calgary,2024-04-13,0.8936170212765957,3.0516717325227964
Calgary,2024-04-14,0.9064327485380117,2.754385964912281
Calgary,2024-04-15,0.9182561307901907,3.2915531335149866
Calgary,2024-04-16,0.9177718832891246,3.2891246684350133
Calgary,2024-04-17,0.916010498687664,3.3648293963254594
Calgary,2024-04-18,0.9013333333333333,3.1546666666666665
Calgary,2024-04-19,0.9216216216216216,3.145945945945946
Calgary,2024-04-20,0.8953846153846153,3.2984615384615386
Calgary,2024-04-21,0.8862973760932945,2.58600583090379
Calgary,2024-04-22,0.9152046783625731,3.073099415204678
Calgary,2024-04-23,0.9197707736389685,3.4412607449856734
Calgary,2024-04-24,0.9054441260744985,3.4498567335243555
Calgary,2024-04-25,0.907103825136612,3.4754098360655736
Calgary,2024-04-26,0.8941504178272981,3.3091922005571033
Calgary,2024-04-27,0.9096209912536443,3.4489795918367347
Calgary,2024-04-28,0.8804347826086957,2.6793478260869565
Calgary,2024-04-29,0.9175531914893617,3.1675531914893615
Calgary,2024-04-30,0.9148351648351648,3.315934065934066
Calgary,2024-05-01,0.8983516483516484,3.10989010989011
Calgary,2024-05-02,0.9100817438692098,3.103542234332425
Calgary,2024-05-03,0.8812154696132597,3.207182320441989
Calgary,2024-05-04,0.8823529411764706,2.957983193277311
Calgary,2024-05-05,0.863013698630137,2.6356164383561644
Calgary,2024-05-06,0.8779840848806366,2.896551724137931
Calgary,2024-05-07,0.8987012987012987,3.020779220779221
Calgary,2024-05-08,0.9168975069252078,3.0581717451523547
Calgary,2024-05-09,0.8900804289544236,3.3351206434316354
Calgary,2024-05-10,0.8958333333333334,3.2994791666666665
Calgary,2024-05-11,0.8982188295165394,3.1526717557251906
Calgary,2024-05-12,0.887468030690537,2.785166240409207
Calgary,2024-05-13,0.8854166666666666,3.0052083333333335
Calgary,2024-05-14,0.8940568475452196,3.3488372093023258
Calgary,2024-05-15,0.8905852417302799,3.2290076335877864
Calgary,2024-05-16,0.8930232558139535,3.130232558139535
Calgary,2024-05-17,0.8769230769230769,2.7948717948717947
Calgary,2024-05-18,0.8915989159891599,2.926829268292683
Calgary,2024-05-19,0.8804347826086957,2.5244565217391304
Calgary,2024-05-20,0.8773333333333333,2.1626666666666665
Calgary,2024-05-21,0.9016018306636155,3.14187643020595
Calgary,2024-05-22,0.9105504587155964,3.0573394495412844
Calgary,2024-05-23,0.8810572687224669,3.0242290748898677
Calgary,2024-05-24,0.8900862068965517,3.064655172413793
Calgary,2024-05-25,0.8761682242990654,2.8200934579439254
Calgary,2024-05-26,0.8789346246973365,2.523002421307506
Calgary,2024-05-27,0.8788598574821853,3.2399049881235156
Calgary,2024-05-28,0.8850855745721271,3.4425427872860634
Calgary,2024-05-29,0.8869778869778869,3.3144963144963144
Calgary,2024-05-30,0.8968058968058968,3.348894348894349
Calgary,2024-05-31,0.89,3.425
Calgary,2024-06-01,0.8891820580474934,3.0606860158311346
Calgary,2024-06-02,0.8762626262626263,2.792929292929293
Calgary,2024-06-03,0.8822115384615384,3.1009615384615383
Calgary,2024-06-04,0.8886138613861386,3.358910891089109
Calgary,2024-06-05,0.9007633587786259,3.178117048346056
Calgary,2024-06-06,0.8982188295165394,3.4122137404580153
Calgary,2024-06-07,0.8894601542416453,3.411311053984576
Calgary,2024-06-08,0.8944591029023746,2.9234828496042216
Calgary,2024-06-09,0.8582474226804123,2.213917525773196
Calgary,2024-06-10,0.8727272727272727,2.897727272727273
Calgary,2024-06-11,0.8862144420131292,3.015317286652079
Calgary,2024-06-12,0.9095238095238095,3.211904761904762
Calgary,2024-06-13,0.8867469879518072,3.23855421686747
Calgary,2024-06-14,0.8782201405152225,3.234192037470726
Calgary,2024-06-15,0.8684807256235828,2.764172335600907
Calgary,2024-06-16,0.8598130841121495,2.182242990654206
Calgary,2024-06-17,0.8726851851851852,2.7569444444444446
Calgary,2024-06-18,0.8870588235294118,2.9952941176470587
Calgary,2024-06-19,0.8913043478260869,2.976086956521739
Calgary,2024-06-20,0.8948497854077253,3.075107296137339
Calgary,2024-06-21,0.873015873015873,3.1541950113378685
Calgary,2024-06-22,0.8920863309352518,3.158273381294964
Calgary,2024-06-23,0.905,3.0125
Calgary,2024-06-24,0.8926829268292683,3.1731707317073172
Calgary,2024-06-25,0.8881431767337807,3.3131991051454137
Calgary,2024-06-26,0.8928571428571429,2.899159663865546
Calgary,2024-06-27,0.8626262626262626,2.804040404040404
Calgary,2024-06-28,0.8832599118942731,3.092511013215859
Calgary,2024-06-29,0.8649289099526066,3.0
Calgary,2024-06-30,0.8696461824953445,2.378026070763501
Calgary,2024-07-01,0.8617424242424242,2.5113636363636362
Calgary,2024-07-02,0.8846880907372401,3.0283553875236295
Calgary,2024-07-03,0.8852772466539197,2.707456978967495
Calgary,2024-07-04,0.8946395563770795,3.2421441774491684
Calgary,2024-07-05,0.8877551020408163,3.6551020408163266
Calgary,2024-07-06,0.8855291576673866,3.511879049676026
Calgary,2024-07-07,0.8913043478260869,3.049407114624506
Calgary,2024-07-08,0.8951310861423221,3.2677902621722845
Calgary,2024-07-09,0.9024390243902439,3.638211382113821
Calgary,2024-07-10,0.8869395711500975,3.705653021442495
Calgary,2024-07-11,0.8886554621848739,3.96218487394958
Calgary,2024-07-12,0.8866396761133604,3.7530364372469633
Calgary,2024-07-13,0.8760162601626016,3.7398373983739837
Calgary,2024-07-14,0.8651911468812877,3.0442655935613683
Calgary,2024-07-15,0.8813905930470347,3.198364008179959
Calgary,2024-07-16,0.8804780876494024,3.0298804780876494
Calgary,2024-07-17,0.9141630901287554,3.3390557939914163
Calgary,2024-07-18,0.8953722334004024,3.3440643863179074
Calgary,2024-07-19,0.8893709327548807,3.3991323210412148
Calgary,2024-07-20,0.8979591836734694,3.18140589569161
Calgary,2024-07-21,0.8940397350993378,2.7152317880794703
Calgary,2024-07-22,0.8804123711340206,3.0082474226804123
Calgary,2024-07-23,0.8860759493670886,3.1856540084388185
Calgary,2024-07-24,0.8667953667953668,3.1274131274131274
Calgary,2024-07-25,0.8669354838709677,3.223790322580645
Calgary,2024-07-26,0.8872950819672131,3.4241803278688523
Calgary,2024-07-27,0.865934065934066,3.035164835164835
Calgary,2024-07-28,0.8820861678004536,2.9365079365079363
Calgary,2024-07-29,0.8715203426124197,3.1755888650963597
Calgary,2024-07-30,0.8944954128440367,3.396788990825688
Calgary,2024-07-31,0.8769574944071589,3.3333333333333335
Calgary,2024-08-01,0.8839285714285714,3.2544642857142856
Calgary,2024-08-02,0.8607594936708861,2.911392405063291
Calgary,2024-08-03,0.8594377510040161,2.7248995983935744
Calgary,2024-08-04,0.8717434869739479,2.635270541082164
Calgary,2024-08-05,0.8398058252427184,2.3187702265372168
Calgary,2024-08-06,0.8590225563909775,3.007518796992481
Calgary,2024-08-07,0.888671875,3.005859375
Calgary,2024-08-08,0.8956158663883089,3.336116910229645
Calgary,2024-08-09,0.9094922737306843,3.58719646799117
Calgary,2024-08-10,0.8876651982378855,2.9317180616740086
Calgary,2024-08-11,0.8785249457700651,2.9110629067245117
Calgary,2024-08-12,0.8757281553398059,3.0330097087378642
Calgary,2024-08-13,0.869215291750503,3.2072434607645874
Calgary,2024-08-14,0.8802395209580839,3.255489021956088
Calgary,2024-08-15,0.8755020080321285,3.3012048192771086
Calgary,2024-08-16,0.8674463937621832,3.134502923976608
Calgary,2024-08-17,0.9,3.267391304347826
Calgary,2024-08-18,0.8768577494692145,3.0276008492569004
Calgary,2024-08-19,0.8711018711018711,3.3014553014553014
Calgary,2024-08-20,0.8791666666666667,3.370833333333333
Calgary,2024-08-21,0.8850102669404517,3.1745379876796713
Calgary,2024-08-22,0.900398406374502,3.231075697211155
Calgary,2024-08-23,0.8902877697841727,3.197841726618705
Calgary,2024-08-24,0.8670756646216768,3.179959100204499
Calgary,2024-08-25,0.8732106339468303,2.895705521472393
Calgary,2024-08-26,0.8866396761133604,3.263157894736842
Calgary,2024-08-27,0.8624031007751938,2.9670542635658914
Calgary,2024-08-28,0.8832997987927566,2.8993963782696177
Calgary,2024-08-29,0.8728448275862069,3.4935344827586206
Calgary,2024-08-30,0.8565217391304348,3.2043478260869565
Calgary,2024-08-31,0.8635294117647059,3.1670588235294117
Calgary,2024-09-01,0.8628841607565012,2.966903073286052
Calgary,2024-09-02,0.8480725623582767,2.512471655328798
Calgary,2024-09-03,0.8790496760259179,3.4794816414686824
Calgary,2024-09-04,0.8978260869565218,3.282608695652174
Calgary,2024-09-05,0.8781038374717833,3.4085778781038374
Calgary,2024-09-06,0.8681818181818182,3.2704545454545455
Calgary,2024-09-07,0.8800904977375565,3.2149321266968327
Calgary,2024-09-08,0.843956043956044,2.852747252747253
Calgary,2024-09-09,0.8530701754385965,3.151315789473684
Calgary,2024-09-10,0.8831683168316832,3.1524752475247526
Calgary,2024-09-11,0.8706365503080082,3.209445585215606
Calgary,2024-09-12,0.872255489021956,2.9660678642714573
Calgary,2024-09-13,0.8983050847457628,3.457627118644068
Calgary,2024-09-14,0.8793103448275862,2.9504310344827585
Calgary,2024-09-15,0.8772727272727273,3.0795454545454546
Calgary,2024-09-16,0.8867521367521367,3.33974358974359
Calgary,2024-09-17,0.8952991452991453,3.1645299145299144
Calgary,2024-09-18,0.9010752688172043,3.249462365591398
Calgary,2024-09-19,0.8690228690228691,3.0311850311850312
Calgary,2024-09-20,0.8825831702544031,2.9334637964774952
Calgary,2024-09-21,0.8878718535469108,3.009153318077803
Calgary,2024-09-22,0.8806306306306306,2.5720720720720722
Calgary,2024-09-23,0.8953229398663697,3.0534521158129175
Calgary,2024-09-24,0.8766816143497758,3.273542600896861
Calgary,2024-09-25,0.8819742489270386,3.2103004291845494
Calgary,2024-09-26,0.8574380165289256,3.0289256198347108
Calgary,2024-09-27,0.8791666666666667,2.80625
Calgary,2024-09-28,0.8746987951807229,2.906024096385542
Calgary,2024-09-29,0.871264367816092,2.452873563218391
Calgary,2024-09-30,0.8901601830663616,2.736842105263158
Calgary,2024-10-01,0.8901869158878505,3.05607476635514
Calgary,2024-10-02,0.8907363420427553,2.9121140142517814
Calgary,2024-10-03,0.8967136150234741,3.0211267605633805
Calgary,2024-10-04,0.8935185185185185,3.0439814814814814
Calgary,2024-10-05,0.8578431372549019,2.784313725490196
Calgary,2024-10-06,0.8802816901408451,2.4413145539906105
Calgary,2024-10-07,0.8813186813186813,2.7384615384615385
Calgary,2024-10-08,0.8782051282051282,2.83974358974359
Calgary,2024-10-09,0.8930817610062893,2.8553459119496853
Calgary,2024-10-10,0.8977272727272727,3.1
Calgary,2024-10-11,0.8826185101580135,2.9164785553047405
Calgary,2024-10-12,0.8959390862944162,2.713197969543147
Calgary,2024-10-13,0.8737373737373737,2.537878787878788
Calgary,2024-10-14,0.8823529411764706,2.235294117647059
Calgary,2024-10-15,0.8992974238875878,2.978922716627635
Calgary,2024-10-16,0.8920863309352518,2.9952038369304557
Calgary,2024-10-17,0.8863109048723898,3.0904872389791183
Calgary,2024-10-18,0.8806682577565632,3.059665871121718
Calgary,2024-10-19,0.8602941176470589,2.8308823529411766
Calgary,2024-10-20,0.8815165876777251,2.561611374407583
Calgary,2024-10-21,0.8917647058823529,2.8517647058823528
Calgary,2024-10-22,0.8919597989949749,3.2110552763819094
Calgary,2024-10-23,0.8978102189781022,3.1630170316301705
Calgary,2024-10-24,0.8860759493670886,3.0405063291139243
Calgary,2024-10-25,0.8656330749354005,3.005167958656331
Calgary,2024-10-26,0.8947368421052632,2.944736842105263
Calgary,2024-10-27,0.8769230769230769,2.5307692307692307
Calgary,2024-10-28,0.8786407766990292,2.8446601941747574
Calgary,2024-10-29,0.8719211822660099,2.8842364532019706
Calgary,2024-10-30,0.8737373737373737,3.0934343434343434
Calgary,2024-10-31,0.8690176322418136,3.136020151133501
Calgary,2024-11-01,0.9035532994923858,3.200507614213198
Calgary,2024-11-02,0.8692098092643051,2.8664850136239783
Calgary,2024-11-03,0.8777173913043478,2.608695652173913
Calgary,2024-11-04,0.8801020408163265,3.0280612244897958
Calgary,2024-11-05,0.9051490514905149,3.178861788617886
Calgary,2024-11-06,0.8850267379679144,2.9518716577540105
Calgary,2024-11-07,0.8859416445623343,3.1061007957559683
Calgary,2024-11-08,0.8571428571428571,2.986772486772487
Calgary,2024-11-09,0.8529411764705882,2.6588235294117646
Calgary,2024-11-10,0.8514285714285714,2.3971428571428572
Calgary,2024-11-11,0.8459214501510574,2.3716012084592144
Calgary,2024-11-12,0.8571428571428571,2.9
Calgary,2024-11-13,0.8885793871866295,3.0445682451253484
Calgary,2024-11-14,0.8839779005524862,3.2209944751381214
Calgary,2024-11-15,0.8703170028818443,3.0201729106628243
Calgary,2024-11-16,0.8743016759776536,2.6564245810055866
Calgary,2024-11-17,0.8653295128939829,2.481375358166189
Calgary,2024-11-18,0.8510028653295129,2.9713467048710602
Calgary,2024-11-19,0.8873626373626373,3.0631868131868134
Calgary,2024-11-20,0.8977900552486188,2.9972375690607733
Calgary,2024-11-21,0.881578947368421,2.95
Calgary,2024-11-22,0.8700564971751412,2.830508474576271
Calgary,2024-11-23,0.8554216867469879,2.6957831325301207
Calgary,2024-11-24,0.8508771929824561,2.412280701754386
Calgary,2024-11-25,0.8695652173913043,2.744927536231884
Calgary,2024-11-26,0.9017341040462428,2.9190751445086707
Calgary,2024-11-27,0.906060606060606,2.827272727272727
Calgary,2024-11-28,0.8882521489971347,2.8825214899713467
Calgary,2024-11-29,0.9005681818181818,2.997159090909091
Calgary,2024-11-30,0.8571428571428571,2.5365079365079364
Calgary,2024-12-01,0.8535825545171339,2.0186915887850465
Calgary,2024-12-02,0.8686567164179104,2.8119402985074626
Calgary,2024-12-03,0.8640483383685801,2.9546827794561934
Calgary,2024-12-04,0.8833819241982507,2.988338192419825
Calgary,2024-12-05,0.8848484848484849,3.066666666666667
Calgary,2024-12-06,0.8742331288343558,3.0153374233128836
Calgary,2024-12-07,0.883495145631068,2.867313915857605
Calgary,2024-12-08,0.8913738019169329,2.5654952076677318
Calgary,2024-12-09,0.8922155688622755,2.7604790419161676
Calgary,2024-12-10,0.8888888888888888,2.9104938271604937
Calgary,2024-12-11,0.9003021148036254,2.821752265861027
Calgary,2024-12-12,0.8952095808383234,3.0
Calgary,2024-12-13,0.8888888888888888,2.847953216374269
Calgary,2024-12-14,0.8726708074534162,2.9285714285714284
Calgary,2024-12-15,0.871875,2.578125
Calgary,2024-12-16,0.8919753086419753,3.0
Calgary,2024-12-17,0.8928571428571429,2.9732142857142856
Calgary,2024-12-18,0.8757575757575757,2.721212121212121
Calgary,2024-12-19,0.8885630498533724,3.0146627565982405
Calgary,2024-12-20,0.875,2.8541666666666665
Calgary,2024-12-21,0.8757575757575757,2.721212121212121
Calgary,2024-12-22,0.8807339449541285,2.6452599388379205
Calgary,2024-12-23,0.8819875776397516,3.108695652173913
Calgary,2024-12-24,0.868421052631579,2.7532894736842106
Calgary,2024-12-25,0.862453531598513,2.0148698884758365
Calgary,2024-12-26,0.8558558558558559,2.27027027027027
Calgary,2024-12-27,0.9142011834319527,2.866863905325444
Calgary,2024-12-28,0.8801261829652997,2.807570977917981
Calgary,2024-12-29,0.8717105263157895,2.625
Calgary,2024-12-30,0.8729641693811075,2.964169381107492
Calgary,2024-12-31,0.8825396825396825,2.8634920634920635
Calgary,2025-01-01,0.8766666666666667,2.24
Calgary,2025-01-02,0.8732876712328768,2.654109589041096
Calgary,2025-01-03,0.8837209302325582,2.7242524916943522
Calgary,2025-01-04,0.8877551020408163,2.608843537414966
Calgary,2025-01-05,0.8626760563380281,2.2359154929577465
Calgary,2025-01-06,0.9203821656050956,2.8980891719745223
Calgary,2025-01-07,0.9206349206349206,2.958730158730159
Calgary,2025-01-08,0.893687707641196,2.79734219269103
Calgary,2025-01-09,0.8909657320872274,2.797507788161994
Calgary,2025-01-10,0.8977635782747604,3.0319488817891376
Calgary,2025-01-11,0.8987341772151899,2.651898734177215
Calgary,2025-01-12,0.9037800687285223,2.5395189003436425
Calgary,2025-01-13,0.8681672025723473,2.6816720257234725
Calgary,2025-01-14,0.889589905362776,2.5741324921135647
Calgary,2025-01-15,0.8984126984126984,2.9174603174603173
Calgary,2025-01-16,0.8862275449101796,2.7425149700598803
Calgary,2025-01-17,0.8741721854304636,2.9139072847682117
Calgary,2025-01-18,0.9057971014492754,2.6449275362318843
Calgary,2025-01-19,0.8745519713261649,2.3978494623655915
Calgary,2025-01-20,0.8757961783439491,2.7770700636942673
Calgary,2025-01-21,0.9074074074074074,2.8580246913580245
Calgary,2025-01-22,0.8954248366013072,2.7973856209150325
Calgary,2025-01-23,0.8984615384615384,2.9261538461538463
Calgary,2025-01-24,0.9079754601226994,3.042944785276074
Calgary,2025-01-25,0.8819672131147541,2.7901639344262295
Calgary,2025-01-26,0.8711864406779661,2.461016949152542
Calgary,2025-01-27,0.896875,2.84375
Calgary,2025-01-28,0.8990228013029316,3.03257328990228
Calgary,2025-01-29,0.9084967320261438,3.1143790849673203
Calgary,2025-01-30,0.9009287925696594,2.9380804953560373
Calgary,2025-01-31,0.8913043478260869,2.81055900621118
Calgary,2025-02-01,0.8720538720538721,2.6565656565656566
Calgary,2025-02-02,0.8604651162790697,2.3853820598006643
Calgary,2025-02-03,0.8805031446540881,2.7138364779874213
Calgary,2025-02-04,0.9102564102564102,2.753205128205128
Calgary,2025-02-05,0.8905775075987842,2.6382978723404253
Calgary,2025-02-06,0.9054878048780488,2.725609756097561
Calgary,2025-02-07,0.8987341772151899,2.971518987341772
Calgary,2025-02-08,0.8481012658227848,2.4683544303797467
Calgary,2025-02-09,0.8602941176470589,2.488970588235294
Calgary,2025-02-10,0.8881578947368421,2.710526315789474
Calgary,2025-02-11,0.9093851132686084,2.912621359223301
Calgary,2025-02-12,0.8906752411575563,2.8167202572347265
Calgary,2025-02-13,0.8966666666666666,2.7666666666666666
Calgary,2025-02-14,0.9063545150501672,2.8561872909698995
Calgary,2025-02-15,0.90625,2.638888888888889
Calgary,2025-02-16,0.9078498293515358,2.474402730375427
Calgary,2025-02-17,0.8768115942028986,2.11231884057971
Calgary,2025-02-18,0.901060070671378,2.618374558303887
Calgary,2025-02-19,0.9049295774647887,2.8380281690140845
Calgary,2025-02-20,0.9113475177304965,3.131205673758865
Calgary,2025-02-21,0.8745644599303136,2.7770034843205575
Calgary,2025-02-22,0.8776223776223776,2.555944055944056
Calgary,2025-02-23,0.8783269961977186,2.482889733840304
Calgary,2025-02-24,0.9055944055944056,2.9125874125874125
Calgary,2025-02-25,0.9134948096885813,2.820069204152249
Calgary,2025-02-26,0.9241379310344827,2.962068965517241
Calgary,2025-02-27,0.8855218855218855,2.898989898989899
Calgary,2025-02-28,0.9122807017543859,3.1719298245614036
Calgary,2025-03-01,0.8923611111111112,2.84375
Calgary,2025-03-02,0.8754325259515571,2.5986159169550174
Calgary,2025-03-03,0.8922558922558923,2.7306397306397305
Calgary,2025-03-04,0.911660777385159,3.0247349823321557
Calgary,2025-03-05,0.8954703832752613,3.013937282229965
Calgary,2025-03-06,0.8793103448275862,2.910344827586207
Calgary,2025-03-07,0.889261744966443,3.023489932885906
Calgary,2025-03-08,0.8753993610223643,2.7156549520766773
Calgary,2025-03-09,0.8808664259927798,2.371841155234657
Calgary,2025-03-10,0.9222614840989399,3.0070671378091873
Calgary,2025-03-11,0.8956228956228957,2.993265993265993
Calgary,2025-03-12,0.9084967320261438,2.8562091503267975
Calgary,2025-03-13,0.9192546583850931,2.8944099378881987
Calgary,2025-03-14,0.8996763754045307,2.9935275080906147
Calgary,2025-03-15,0.8982456140350877,2.7824561403508774
Calgary,2025-03-16,0.8795620437956204,2.6715328467153285
Calgary,2025-03-17,0.9035714285714286,3.0428571428571427
Calgary,2025-03-18,0.8606271777003485,2.9303135888501743
Calgary,2025-03-19,0.889273356401384,3.190311418685121
Calgary,2025-03-20,0.875886524822695,2.875886524822695
Calgary,2025-03-21,0.8865248226950354,3.028368794326241
Calgary,2025-03-22,0.8764044943820225,2.906367041198502
Calgary,2025-03-23,0.8962962962962963,2.6703703703703705
Calgary,2025-03-24,0.8960573476702509,3.132616487455197
Calgary,2025-03-25,0.8865979381443299,3.120274914089347
Calgary,2025-03-26,0.8862068965517241,3.0
Calgary,2025-03-27,0.9049079754601227,3.021472392638037
Calgary,2025-03-28,0.8957654723127035,3.1433224755700326
Calgary,2025-03-29,0.8904109589041096,2.589041095890411
Calgary,2025-03-30,0.8771331058020477,2.508532423208191
Calgary,2025-03-31,0.8741496598639455,3.129251700680272
Calgary,2025-04-01,0.8782894736842105,3.085526315789474
Calgary,2025-04-02,0.8933333333333333,3.1533333333333333
Calgary,2025-04-03,0.8932038834951457,3.0841423948220066
Calgary,2025-04-04,0.8773584905660378,3.270440251572327
Calgary,2025-04-05,0.898989898989899,3.138047138047138
Calgary,2025-04-06,0.8925081433224755,3.042345276872964
Calgary,2025-04-07,0.8942307692307693,3.282051282051282
Calgary,2025-04-08,0.9044585987261147,3.2802547770700636
Calgary,2025-04-09,0.8963210702341137,3.4381270903010033
Calgary,2025-04-10,0.8839590443686007,3.419795221843003
Calgary,2025-04-11,0.90625,3.1625
Calgary,2025-04-12,0.8852459016393442,2.718032786885246
Calgary,2025-04-13,0.8975265017667845,2.823321554770318
Calgary,2025-04-14,0.8704318936877077,3.2790697674418605
Calgary,2025-04-15,0.8789808917197452,3.229299363057325
Calgary,2025-04-16,0.8993506493506493,3.2467532467532467
Calgary,2025-04-17,0.8959731543624161,3.3187919463087248
Calgary,2025-04-18,0.8985507246376812,3.0869565217391304
Calgary,2025-04-19,0.8885135135135135,2.75
Calgary,2025-04-20,0.9006622516556292,2.5
Calgary,2025-04-21,0.8945686900958466,2.801916932907348
Calgary,2025-04-22,0.8918032786885246,3.1540983606557376
Calgary,2025-04-23,0.889937106918239,3.2138364779874213
Calgary,2025-04-24,0.8947368421052632,3.3092105263157894
Calgary,2025-04-25,0.8945686900958466,3.2492012779552715
Calgary,2025-04-26,0.8867924528301887,3.3553459119496853
Calgary,2025-04-27,0.8860759493670886,2.5474683544303796
Calgary,2025-04-28,0.8939393939393939,3.2151515151515153
Calgary,2025-04-29,0.8926380368098159,3.0306748466257667
Calgary,2025-04-30,0.8734939759036144,3.1897590361445785
Calgary,2025-05-01,0.8950617283950617,3.20679012345679
Calgary,2025-05-02,0.9035369774919614,3.440514469453376
Calgary,2025-05-03,0.9,3.2266666666666666
Calgary,2025-05-04,0.8731884057971014,2.7318840579710146
Calgary,2025-05-05,0.910828025477707,3.270700636942675
Calgary,2025-05-06,0.8980891719745223,3.248407643312102
Calgary,2025-05-07,0.8796296296296297,3.126543209876543
Calgary,2025-05-08,0.8862275449101796,3.095808383233533
Calgary,2025-05-09,0.8722741433021807,3.1682242990654204
Calgary,2025-05-10,0.8668730650154799,3.3374613003095974
Calgary,2025-05-11,0.85,2.635294117647059
Calgary,2025-05-12,0.8867403314917127,2.8066298342541436
Calgary,2025-05-13,0.8905325443786982,3.0059171597633134
Calgary,2025-05-14,0.8774928774928775,3.0455840455840457
Calgary,2025-05-15,0.8760806916426513,3.2247838616714697
Calgary,2025-05-16,0.8579710144927536,2.8202898550724638
Calgary,2025-05-17,0.8722741433021807,2.635514018691589
Calgary,2025-05-18,0.86875,2.64375
Calgary,2025-05-19,0.865625,2.403125
Calgary,2025-05-20,0.8997050147492626,3.0855457227138645
Calgary,2025-05-21,0.8619718309859155,2.895774647887324
Calgary,2025-05-22,0.844632768361582,2.788135593220339
Calgary,2025-05-23,0.8469945355191257,2.8743169398907105
Calgary,2025-05-24,0.9002770083102493,2.886426592797784
Calgary,2025-05-25,0.8619854721549637,2.7021791767554477
Calgary,2025-05-26,0.8641975308641975,2.7037037037037037
Calgary,2025-05-27,0.8867102396514162,2.991285403050109
Calgary,2025-05-28,0.9050632911392406,3.0316455696202533
Calgary,2025-05-29,0.8767967145790554,2.8439425051334704
Calgary,2025-05-30,0.8856548856548857,3.0353430353430353
Calgary,2025-05-31,0.8879668049792531,2.763485477178423
Calgary,2025-06-01,0.847870182555781,2.561866125760649
Calgary,2025-06-02,0.9044834307992202,2.9551656920077973
Calgary,2025-06-03,0.8954635108481263,2.978303747534517
Calgary,2025-06-04,0.8908382066276803,3.0721247563352825
Calgary,2025-06-05,0.8837209302325582,3.0426356589147288
Calgary,2025-06-06,0.890020366598778,3.1323828920570267
Calgary,2025-06-07,0.8722986247544204,2.899803536345776
Calgary,2025-06-08,0.8856589147286822,2.5736434108527133
Calgary,2025-06-09,0.8796296296296297,2.8666666666666667
Calgary,2025-06-10,0.8812615955473099,3.020408163265306
Calgary,2025-06-11,0.8872053872053872,2.725589225589226
Calgary,2025-06-12,0.8672,2.6944
Calgary,2025-06-13,0.8696369636963697,2.6864686468646863
Calgary,2025-06-14,0.8595600676818951,2.6463620981387477
Calgary,2025-06-15,0.8602329450915142,2.382695507487521
Calgary,2025-06-16,0.862876254180602,2.6237458193979935
Calgary,2025-06-17,0.8695014662756598,2.6363636363636362
Calgary,2025-06-18,0.8819018404907976,2.8374233128834354
Calgary,2025-06-19,0.8755905511811024,2.916535433070866
Calgary,2025-06-20,0.8847926267281107,2.5729646697388633
Calgary,2025-06-21,0.8842975206611571,2.3983471074380165
Calgary,2025-06-22,0.8905982905982905,2.5914529914529916
Calgary,2025-06-23,0.8951486697965572,2.8231611893583723
Calgary,2025-06-24,0.8786885245901639,3.1475409836065573
Calgary,2025-06-25,0.8885496183206106,2.8702290076335877
Calgary,2025-06-26,0.8938193343898574,2.936608557844691
Calgary,2025-06-27,0.8758064516129033,2.814516129032258
Calgary,2025-06-28,0.8792270531400966,2.6231884057971016
Calgary,2025-06-29,0.8754578754578755,2.7161172161172162
Calgary,2025-06-30,0.8800705467372134,2.9365079365079363
Calgary,2025-07-01,0.8848797250859106,2.718213058419244
Calgary,2025-07-02,0.8811728395061729,2.800925925925926
Calgary,2025-07-03,0.8887147335423198,3.053291536050157
Calgary,2025-07-04,0.898876404494382,3.235955056179775
Calgary,2025-07-05,0.8878205128205128,3.0865384615384617
Calgary,2025-07-06,0.890302066772655,2.7329093799682034
Calgary,2025-07-07,0.9017713365539453,3.0144927536231885
Calgary,2025-07-08,0.9098101265822784,3.3639240506329116
Calgary,2025-07-09,0.9018126888217523,3.066465256797583
Calgary,2025-07-10,0.9016129032258065,3.2306451612903224
Calgary,2025-07-11,0.9020618556701031,3.2783505154639174
Calgary,2025-07-12,0.8938848920863309,2.884892086330935
Calgary,2025-07-13,0.8505338078291815,2.610320284697509
Calgary,2025-07-14,0.8875255623721882,2.705521472392638
Calgary,2025-07-15,0.8955555555555555,2.9244444444444446
Calgary,2025-07-16,0.8679245283018868,2.9874213836477987
Calgary,2025-07-17,0.8693877551020408,2.6897959183673468
Calgary,2025-07-18,0.8590225563909775,2.6898496240601504
Calgary,2025-07-19,0.8231578947368421,2.6673684210526316
Calgary,2025-07-20,0.8583690987124464,2.2381974248927037
Calgary,2025-07-21,0.8648068669527897,2.7167381974248928
Calgary,2025-07-22,0.8626126126126126,2.5382882882882885
Calgary,2025-07-23,0.88558352402746,3.1189931350114417
Calgary,2025-07-24,0.8769574944071589,2.9619686800894853
Calgary,2025-07-25,0.8536082474226804,2.7216494845360826
Calgary,2025-07-26,0.8611111111111112,2.5384615384615383
Calgary,2025-07-27,0.8438818565400844,2.3164556962025316
Calgary,2025-07-28,0.8615984405458089,2.6003898635477585
Calgary,2025-07-29,0.8838709677419355,2.924731182795699
Calgary,2025-07-30,0.8787878787878788,3.106060606060606
Calgary,2025-07-31,0.8720173535791758,3.065075921908894
Calgary,2025-08-01,0.8548057259713702,2.81799591002045
Calgary,2025-08-02,0.8434959349593496,2.6077235772357725
Calgary,2025-08-03,0.8426501035196687,2.368530020703934
Calgary,2025-08-04,0.8522522522522522,2.1945945945945944
Calgary,2025-08-05,0.8642201834862385,2.711926605504587
Calgary,2025-08-06,0.8622641509433963,2.8735849056603775
Calgary,2025-08-07,0.8663101604278075,2.72192513368984
Calgary,2025-08-08,0.8884540117416829,2.911937377690802
Calgary,2025-08-09,0.859375,2.8794642857142856
Calgary,2025-08-10,0.8674157303370786,2.784269662921348
Calgary,2025-08-11,0.8879492600422833,3.116279069767442
Calgary,2025-08-12,0.8947368421052632,3.142543859649123
Calgary,2025-08-13,0.8659574468085106,3.0361702127659576
Calgary,2025-08-14,0.8835616438356164,3.1004566210045663
Calgary,2025-08-15,0.8807947019867549,3.119205298013245
Calgary,2025-08-16,0.8604118993135011,3.0503432494279177
Calgary,2025-08-17,0.8716707021791767,2.9249394673123486
Calgary,2025-08-18,0.8804347826086957,2.9543478260869565
Calgary,2025-08-19,0.897025171624714,3.1052631578947367
Calgary,2025-08-20,0.8568507157464212,2.9754601226993866
Calgary,2025-08-21,0.8802660753880266,3.1219512195121952
Calgary,2025-08-22,0.8811188811188811,3.2400932400932403
Calgary,2025-08-23,0.8928571428571429,3.24234693877551
Calgary,2025-08-24,0.8547619047619047,2.914285714285714
Calgary,2025-08-25,0.8790697674418605,3.281395348837209
Calgary,2025-08-26,0.8809523809523809,3.1404761904761904
Calgary,2025-08-27,0.8803827751196173,3.34688995215311
Calgary,2025-08-28,0.8629213483146068,3.2651685393258427
Calgary,2025-08-29,0.866822429906542,3.0163551401869158
Calgary,2025-08-30,0.8329355608591885,2.6062052505966586
Calgary,2025-08-31,0.8613138686131386,2.895377128953771
Calgary,2025-09-01,0.8674418604651163,2.4604651162790696
Calgary,2025-09-02,0.8690744920993227,3.3521444695259595
Calgary,2025-09-03,0.8931818181818182,3.0954545454545452
Calgary,2025-09-04,0.8901601830663616,3.192219679633867
Calgary,2025-09-05,0.8778280542986425,3.3823529411764706
Calgary,2025-09-06,0.8725,3.1425
Calgary,2025-09-07,0.8434579439252337,2.6121495327102804
Calgary,2025-09-08,0.8799126637554585,3.0436681222707422
Calgary,2025-09-09,0.8846153846153846,3.2013574660633486
Calgary,2025-09-10,0.884090909090909,3.231818181818182
Calgary,2025-09-11,0.8811659192825112,3.414798206278027
Calgary,2025-09-12,0.8763557483731019,3.2668112798264644
Calgary,2025-09-13,0.8761682242990654,3.130841121495327
Calgary,2025-09-14,0.8779342723004695,2.708920187793427
Calgary,2025-09-15,0.8893805309734514,3.1349557522123894
Calgary,2025-09-16,0.9017199017199017,3.3169533169533167
Calgary,2025-09-17,0.8956310679611651,3.424757281553398
Calgary,2025-09-18,0.8926014319809069,3.367541766109785
Calgary,2025-09-19,0.8738095238095238,3.557142857142857
Calgary,2025-09-20,0.8740359897172236,3.16452442159383
Calgary,2025-09-21,0.8774509803921569,2.7426470588235294
Calgary,2025-09-22,0.8801955990220048,3.2689486552567235
Calgary,2025-09-23,0.8981042654028436,3.3364928909952605
Calgary,2025-09-24,0.8979118329466357,3.3665893271461718
Calgary,2025-09-25,0.9009661835748792,3.630434782608696
Calgary,2025-09-26,0.8955916473317865,3.54292343387471
Calgary,2025-09-27,0.9046511627906977,3.0534883720930233
Calgary,2025-09-28,0.8784403669724771,2.6674311926605503
Calgary,2025-09-29,0.8921348314606742,3.0112359550561796
Calgary,2025-09-30,0.8984881209503239,2.8941684665226783
Calgary,2025-10-01,0.9148514851485149,3.0594059405940595
Calgary,2025-10-02,0.8951890034364262,2.874570446735395
Calgary,2025-10-03,0.9077429983525536,2.8649093904448106
Calgary,2025-10-04,0.9253968253968254,2.6126984126984127
Calgary,2025-10-05,0.9129793510324484,2.336283185840708
Calgary,2025-10-06,0.9201065246338216,2.644474034620506
Calgary,2025-10-07,0.9191655801825294,2.7548891786179923
Calgary,2025-10-08,0.9059278350515464,2.586340206185567
Calgary,2025-10-09,0.9214285714285714,2.557142857142857
Calgary,2025-10-10,0.9228915662650602,2.521686746987952
Calgary,2025-10-11,0.9113924050632911,2.3721518987341774
Calgary,2025-10-12,0.9164556962025316,2.0835443037974684
Calgary,2025-10-13,0.9088729016786571,2.026378896882494
Calgary,2025-10-14,0.9214601769911505,2.5011061946902653
Calgary,2025-10-15,0.9187432286023836,2.5460455037919827
Calgary,2025-10-16,0.9276729559748428,2.659329140461216
Calgary,2025-10-17,0.924548352816153,2.5260361317747075
Calgary,2025-10-18,0.9234184239733629,2.3684794672586014
Calgary,2025-10-19,0.9135802469135802,2.0875420875420874
Calgary,2025-10-20,0.9047131147540983,2.377049180327869
Calgary,2025-10-21,0.9090909090909091,2.5383838383838384
Calgary,2025-10-22,0.9284294234592445,2.4244532803180916
Calgary,2025-10-23,0.9261133603238867,2.4423076923076925
Calgary,2025-10-24,0.9301130524152107,2.6341212744090443
Calgary,2025-10-25,0.9155227032734953,2.3780359028511087
Calgary,2025-10-26,0.9151047409040793,2.108048511576626
Calgary,2025-10-27,0.928643216080402,2.3708542713567837
Calgary,2025-10-28,0.9311348205625606,2.402521823472357
Calgary,2025-10-29,0.9278656126482213,2.542490118577075
Calgary,2025-10-30,0.9139579349904398,2.4273422562141493
Calgary,2025-10-31,0.9194699286442406,2.5524974515800203
Calgary,2025-11-01,0.9088050314465409,2.2452830188679247
Calgary,2025-11-02,0.9149400218102508,2.0905125408942205
Calgary,2025-11-03,0.9255213505461768,2.442899702085402
Calgary,2025-11-04,0.9327485380116959,2.4775828460038984
Calgary,2025-11-05,0.9318854886475815,2.4866732477788744
Calgary,2025-11-06,0.924198250728863,2.421768707482993
Calgary,2025-11-07,0.9343936381709742,2.493041749502982
Calgary,2025-11-08,0.9165751920965971,2.455543358946213
Calgary,2025-11-09,0.9193020719738277,2.0948745910577973
Calgary,2025-11-10,0.9171717171717172,2.4323232323232324
Calgary,2025-11-11,0.9146968139773896,2.1767728674203495
Calgary,2025-11-12,0.9235294117647059,2.3833333333333333
Calgary,2025-11-13,0.9219219219219219,2.4434434434434436
Calgary,2025-11-14,0.9285714285714286,2.4671814671814674
Calgary,2025-11-15,0.9207622868605817,2.3941825476429286
Calgary,2025-11-16,0.9138755980861244,2.0334928229665072
Calgary,2025-11-17,0.9221824686940966,2.300536672629696
Calgary,2025-11-18,0.9202453987730062,2.2892199824715163
Calgary,2025-11-19,0.9230103806228374,2.368512110726644
Calgary,2025-11-20,0.918991899189919,2.4419441944194418
Calgary,2025-11-21,0.9093457943925234,2.5102803738317756
Calgary,2025-11-22,0.9225556631171346,2.250726040658277
Calgary,2025-11-23,0.9087301587301587,1.9831349206349207
Calgary,2025-11-24,0.9221128021486124,2.2470904207699194
Calgary,2025-11-25,0.9274475524475524,2.3531468531468533
Calgary,2025-11-26,0.9165217391304348,2.254782608695652
Calgary,2025-11-27,0.9192006950477846,2.360556038227628
Calgary,2025-11-28,0.9124293785310734,2.3135593220338984
Calgary,2025-11-29,0.929633300297324,2.1932606541129833
Calgary,2025-11-30,0.9211576846307385,1.9850299401197604
Calgary,2025-12-01,0.9190391459074733,2.347864768683274
Calgary,2025-12-02,0.9177958446251129,2.2583559168925023
Calgary,2025-12-03,0.918656056587091,2.311229000884173
Calgary,2025-12-04,0.9118457300275482,2.3415977961432506
Calgary,2025-12-05,0.9202334630350194,2.3268482490272375
Calgary,2025-12-06,0.9255102040816326,2.08265306122449
Calgary,2025-12-07,0.9134419551934827,2.0010183299389004
Calgary,2025-12-08,0.9300184162062615,2.360036832412523
Calgary,2025-12-09,0.9276556776556777,2.32967032967033
Calgary,2025-12-10,0.9264432029795159,2.363128491620112
Calgary,2025-12-11,0.9237132352941176,2.2049632352941178
Calgary,2025-12-12,0.911219512195122,2.297560975609756
Calgary,2025-12-13,0.9144008056394763,2.193353474320242
Calgary,2025-12-14,0.9146968139773896,1.9969167523124358
Calgary,2025-12-15,0.9106813996316758,2.3259668508287294
Calgary,2025-12-16,0.9132007233273056,2.2432188065099457
Calgary,2025-12-17,0.9148351648351648,2.1227106227106227
Calgary,2025-12-18,0.9223744292237442,2.2904109589041095
Calgary,2025-12-19,0.922859830667921,2.2916274694261523
Calgary,2025-12-20,0.9166666666666666,2.2490079365079363
Calgary,2025-12-21,0.9264705882352942,2.019607843137255
Calgary,2025-12-22,0.9151459854014599,2.2454379562043796
Calgary,2025-12-23,0.9239653512993262,2.370548604427334
Calgary,2025-12-24,0.9070010449320794,2.1849529780564265
Calgary,2025-12-25,0.9026128266033254,1.6080760095011877
Calgary,2025-12-26,0.9025755879059351,1.902575587905935
Calgary,2025-12-27,0.9008810572687225,2.0187224669603525
Calgary,2025-12-28,0.8929313929313929,1.9667359667359667
Calgary,2025-12-29,0.9065880039331367,2.200589970501475
Calgary,2025-12-30,0.9136178861788617,2.236788617886179
Calgary,2025-12-31,0.9043659043659044,2.181912681912682
Edmonton,2023-01-01,0.7081632653061225,1.9959183673469387
Edmonton,2023-01-02,0.7065637065637066,2.048262548262548
Edmonton,2023-01-03,0.7380952380952381,2.3315018315018317
Edmonton,2023-01-04,0.7063197026022305,2.184014869888476
Edmonton,2023-01-05,0.7170172084130019,2.5315487571701722
Edmonton,2023-01-06,0.7283236994219653,2.3834296724470136
Edmonton,2023-01-07,0.7136659436008677,2.4403470715835143
Edmonton,2023-01-08,0.6781857451403888,1.8142548596112311
Edmonton,2023-01-09,0.710261569416499,2.356136820925553
Edmonton,2023-01-10,0.717434869739479,2.306613226452906
Edmonton,2023-01-11,0.7239263803680982,2.488752556237219
Edmonton,2023-01-12,0.717434869739479,2.5150300601202407
Edmonton,2023-01-13,0.7534246575342466,2.5772994129158513
Edmonton,2023-01-14,0.722457627118644,2.3707627118644066
Edmonton,2023-01-15,0.7053941908713693,1.962655601659751
Edmonton,2023-01-16,0.7382413087934561,2.4171779141104293
Edmonton,2023-01-17,0.7274549098196392,2.6573146292585172
Edmonton,2023-01-18,0.7357001972386588,2.690335305719921
Edmonton,2023-01-19,0.7454545454545455,2.6383838383838385
Edmonton,2023-01-20,0.7322515212981744,2.5983772819472617
Edmonton,2023-01-21,0.7154989384288747,2.4437367303609343
Edmonton,2023-01-22,0.6876310272536688,1.9748427672955975
Edmonton,2023-01-23,0.7198364008179959,2.361963190184049
Edmonton,2023-01-24,0.7300613496932515,2.5521472392638036
Edmonton,2023-01-25,0.7229862475442044,2.5422396856581533
Edmonton,2023-01-26,0.7321428571428571,2.5
Edmonton,2023-01-27,0.7258064516129032,2.534274193548387
Edmonton,2023-01-28,0.7207792207792207,2.346320346320346
Edmonton,2023-01-29,0.7223427331887202,2.06941431670282
Edmonton,2023-01-30,0.7145790554414785,2.3963039014373715
Edmonton,2023-01-31,0.7453798767967146,2.624229979466119
Edmonton,2023-02-01,0.7531645569620253,2.5105485232067513
Edmonton,2023-02-02,0.7338877338877339,2.64033264033264
Edmonton,2023-02-03,0.7608247422680412,2.6824742268041235
Edmonton,2023-02-04,0.7527114967462039,2.5509761388286334
Edmonton,2023-02-05,0.6993318485523385,2.133630289532294
Edmonton,2023-02-06,0.7358490566037735,2.392033542976939
Edmonton,2023-02-07,0.7311827956989247,2.8129032258064517
Edmonton,2023-02-08,0.7350993377483444,2.7218543046357615
Edmonton,2023-02-09,0.7389473684210527,2.7094736842105265
Edmonton,2023-02-10,0.7535934291581109,2.6570841889117043
Edmonton,2023-02-11,0.7362869198312236,2.339662447257384
Edmonton,2023-02-12,0.6960352422907489,2.0859030837004404
Edmonton,2023-02-13,0.7352941176470589,2.4978991596638656
Edmonton,2023-02-14,0.7447257383966245,2.5991561181434597
Edmonton,2023-02-15,0.7467532467532467,2.4588744588744587
Edmonton,2023-02-16,0.7292110874200426,2.55863539445629
Edmonton,2023-02-17,0.7549234135667396,2.6455142231947484
Edmonton,2023-02-18,0.7208791208791209,2.2505494505494505
Edmonton,2023-02-19,0.7214611872146118,2.276255707762557
Edmonton,2023-02-20,0.7186813186813187,2.1274725274725275
Edmonton,2023-02-21,0.7177777777777777,2.382222222222222
Edmonton,2023-02-22,0.7528344671201814,2.4693877551020407
Edmonton,2023-02-23,0.7328767123287672,2.541095890410959
Edmonton,2023-02-24,0.7448275862068966,2.560919540229885
Edmonton,2023-02-25,0.724373576309795,2.275626423690205
Edmonton,2023-02-26,0.6928406466512702,1.9353348729792148
Edmonton,2023-02-27,0.7133182844243793,2.641083521444695
Edmonton,2023-02-28,0.7362637362637363,2.4725274725274726
Edmonton,2023-03-01,0.740174672489083,2.443231441048035
Edmonton,2023-03-02,0.7229437229437229,2.41991341991342
Edmonton,2023-03-03,0.7076923076923077,2.525274725274725
Edmonton,2023-03-04,0.7235955056179775,2.103370786516854
Edmonton,2023-03-05,0.713302752293578,1.9197247706422018
Edmonton,2023-03-06,0.7096774193548387,2.2350230414746544
Edmonton,2023-03-07,0.7437070938215103,2.3729977116704806
Edmonton,2023-03-08,0.7274826789838337,2.168591224018476
Edmonton,2023-03-09,0.7339449541284404,2.126146788990826
Edmonton,2023-03-10,0.7311320754716981,2.2641509433962264
Edmonton,2023-03-11,0.749379652605459,2.166253101736973
Edmonton,2023-03-12,0.7654320987654321,2.1160493827160494
Edmonton,2023-03-13,0.7331730769230769,2.1586538461538463
Edmonton,2023-03-14,0.7361809045226131,2.3266331658291457
Edmonton,2023-03-15,0.7240506329113924,2.260759493670886
Edmonton,2023-03-16,0.7592137592137592,2.3095823095823094
Edmonton,2023-03-17,0.7624703087885986,2.456057007125891
Edmonton,2023-03-18,0.7634146341463415,2.4048780487804877
Edmonton,2023-03-19,0.7266009852216748,1.9113300492610839
Edmonton,2023-03-20,0.7647058823529411,2.336470588235294
Edmonton,2023-03-21,0.7600950118764845,2.5938242280285038
Edmonton,2023-03-22,0.7585365853658537,2.4682926829268292
Edmonton,2023-03-23,0.7578692493946732,2.4891041162227605
Edmonton,2023-03-24,0.7594339622641509,2.561320754716981
Edmonton,2023-03-25,0.7437185929648241,2.3115577889447234
Edmonton,2023-03-26,0.713216957605985,1.9351620947630923
Edmonton,2023-03-27,0.7451923076923077,2.2884615384615383
Edmonton,2023-03-28,0.7559241706161137,2.315165876777251
Edmonton,2023-03-29,0.7549019607843137,2.303921568627451
Edmonton,2023-03-30,0.7400990099009901,2.49009900990099
Edmonton,2023-03-31,0.7469879518072289,2.6048192771084335
Edmonton,2023-04-01,0.7357512953367875,2.300518134715026
Edmonton,2023-04-02,0.7316455696202532,1.9620253164556962
Edmonton,2023-04-03,0.706601466992665,2.2249388753056234
Edmonton,2023-04-04,0.7298578199052133,2.471563981042654
Edmonton,2023-04-05,0.7406542056074766,2.392523364485981
Edmonton,2023-04-06,0.7301204819277108,2.503614457831325
Edmonton,2023-04-07,0.7012048192771084,2.144578313253012
Edmonton,2023-04-08,0.7270531400966184,2.207729468599034
Edmonton,2023-04-09,0.7174447174447175,1.9950859950859952
Edmonton,2023-04-10,0.6901408450704225,2.016431924882629
Edmonton,2023-04-11,0.6960556844547564,2.4199535962877032
Edmonton,2023-04-12,0.7294685990338164,2.210144927536232
Edmonton,2023-04-13,0.7591240875912408,2.508515815085158
Edmonton,2023-04-14,0.7506053268765133,2.721549636803874
Edmonton,2023-04-15,0.7255369928400954,2.412887828162291
Edmonton,2023-04-16,0.727735368956743,2.1857506361323153
Edmonton,2023-04-17,0.7525773195876289,2.252577319587629
Edmonton,2023-04-18,0.7715736040609137,2.418781725888325
Edmonton,2023-04-19,0.7808219178082192,2.4986301369863013
Edmonton,2023-04-20,0.7479452054794521,2.495890410958904
Edmonton,2023-04-21,0.7604166666666666,2.5130208333333335
Edmonton,2023-04-22,0.7210526315789474,2.2157894736842105
Edmonton,2023-04-23,0.7216494845360825,1.9304123711340206
Edmonton,2023-04-24,0.7358024691358025,2.466666666666667
Edmonton,2023-04-25,0.7412935323383084,2.6766169154228856
Edmonton,2023-04-26,0.7474489795918368,2.6556122448979593
Edmonton,2023-04-27,0.7372448979591837,2.441326530612245
Edmonton,2023-04-28,0.7384615384615385,2.4871794871794872
Edmonton,2023-04-29,0.7284595300261096,2.2950391644908614
Edmonton,2023-04-30,0.7375328083989501,1.952755905511811
Edmonton,2023-05-01,0.769620253164557,2.258227848101266
Edmonton,2023-05-02,0.7628865979381443,2.600515463917526
Edmonton,2023-05-03,0.7321867321867321,2.3759213759213758
Edmonton,2023-05-04,0.7372262773722628,2.5328467153284673
Edmonton,2023-05-05,0.7235576923076923,2.5288461538461537
Edmonton,2023-05-06,0.709832134292566,2.160671462829736
Edmonton,2023-05-07,0.6596736596736597,1.8368298368298368
Edmonton,2023-05-08,0.7158836689038032,2.2460850111856825
Edmonton,2023-05-09,0.7389380530973452,2.3694690265486726
Edmonton,2023-05-10,0.7389277389277389,2.6853146853146854
Edmonton,2023-05-11,0.754257907542579,2.6520681265206814
Edmonton,2023-05-12,0.7585301837270341,2.832020997375328
Edmonton,2023-05-13,0.770949720670391,2.522346368715084
Edmonton,2023-05-14,0.7225130890052356,2.238219895287958
Edmonton,2023-05-15,0.717948717948718,2.5846153846153848
Edmonton,2023-05-16,0.7311557788944724,2.693467336683417
Edmonton,2023-05-17,0.7403598971722365,2.7197943444730077
Edmonton,2023-05-18,0.7240506329113924,2.6253164556962023
Edmonton,2023-05-19,0.7355769230769231,2.5913461538461537
Edmonton,2023-05-20,0.742014742014742,2.1449631449631448
Edmonton,2023-05-21,0.714622641509434,1.9363207547169812
Edmonton,2023-05-22,0.6835164835164835,1.756043956043956
Edmonton,2023-05-23,0.7279236276849642,2.496420047732697
Edmonton,2023-05-24,0.7450980392156863,2.7254901960784315
Edmonton,2023-05-25,0.7410926365795725,2.705463182897862
Edmonton,2023-05-26,0.7213114754098361,2.6651053864168617
Edmonton,2023-05-27,0.7142857142857143,2.23963133640553
Edmonton,2023-05-28,0.6553191489361702,1.9170212765957446
Edmonton,2023-05-29,0.7039337474120083,2.4886128364389233
Edmonton,2023-05-30,0.6786427145708582,2.281437125748503
Edmonton,2023-05-31,0.694949494949495,2.2808080808080806
Edmonton,2023-06-01,0.7072599531615925,2.48711943793911
Edmonton,2023-06-02,0.726161369193154,2.858190709046455
Edmonton,2023-06-03,0.7326732673267327,2.7846534653465347
Edmonton,2023-06-04,0.7203579418344519,2.174496644295302
Edmonton,2023-06-05,0.7426636568848759,2.5620767494356658
Edmonton,2023-06-06,0.7446300715990454,2.8663484486873507
Edmonton,2023-06-07,0.7635933806146572,2.739952718676123
Edmonton,2023-06-08,0.7575757575757576,2.7435897435897436
Edmonton,2023-06-09,0.7326968973747017,2.649164677804296
Edmonton,2023-06-10,0.6909975669099757,2.559610705596107
Edmonton,2023-06-11,0.6767241379310345,1.9698275862068966
Edmonton,2023-06-12,0.7076612903225806,2.3326612903225805
Edmonton,2023-06-13,0.6771378708551483,2.1640488656195465
Edmonton,2023-06-14,0.7038461538461539,2.0942307692307693
Edmonton,2023-06-15,0.7058823529411765,2.1784313725490194
Edmonton,2023-06-16,0.6992031872509961,2.4183266932270917
Edmonton,2023-06-17,0.6680497925311203,2.033195020746888
Edmonton,2023-06-18,0.6577868852459017,1.7254098360655739
Edmonton,2023-06-19,0.7251082251082251,2.29004329004329
Edmonton,2023-06-20,0.737885462555066,2.2312775330396475
Edmonton,2023-06-21,0.7161862527716186,2.4545454545454546
Edmonton,2023-06-22,0.7460674157303371,2.49438202247191
Edmonton,2023-06-23,0.7207207207207207,2.43018018018018
Edmonton,2023-06-24,0.7002398081534772,2.3333333333333335
Edmonton,2023-06-25,0.667420814479638,1.9728506787330318
Edmonton,2023-06-26,0.6919642857142857,2.4151785714285716
Edmonton,2023-06-27,0.7318181818181818,2.411363636363636
Edmonton,2023-06-28,0.7117903930131004,2.2991266375545854
Edmonton,2023-06-29,0.7043650793650794,2.2698412698412698
Edmonton,2023-06-30,0.6621359223300971,2.036893203883495
Edmonton,2023-07-01,0.6673596673596673,1.869022869022869
Edmonton,2023-07-02,0.678921568627451,1.8995098039215685
Edmonton,2023-07-03,0.6810551558752997,1.8585131894484412
Edmonton,2023-07-04,0.7255369928400954,2.4463007159904535
Edmonton,2023-07-05,0.7296650717703349,2.4665071770334928
Edmonton,2023-07-06,0.7248803827751196,2.212918660287081
Edmonton,2023-07-07,0.7356608478802993,2.6184538653366585
Edmonton,2023-07-08,0.720626631853786,2.4673629242819843
Edmonton,2023-07-09,0.66,2.0
Edmonton,2023-07-10,0.7072599531615925,2.063231850117096
Edmonton,2023-07-11,0.7044917257683215,2.392434988179669
Edmonton,2023-07-12,0.691764705882353,2.2494117647058824
Edmonton,2023-07-13,0.6838407494145199,2.19672131147541
Edmonton,2023-07-14,0.7132867132867133,2.2167832167832167
Edmonton,2023-07-15,0.677570093457944,2.0794392523364484
Edmonton,2023-07-16,0.6688453159041394,1.5925925925925926
Edmonton,2023-07-17,0.6755555555555556,2.1133333333333333
Edmonton,2023-07-18,0.7021276595744681,2.2884160756501184
Edmonton,2023-07-19,0.7372448979591837,2.7270408163265305
Edmonton,2023-07-20,0.7302798982188295,2.5928753180661577
Edmonton,2023-07-21,0.7132352941176471,2.465686274509804
Edmonton,2023-07-22,0.6743002544529262,2.1297709923664123
Edmonton,2023-07-23,0.6588983050847458,1.7838983050847457
Edmonton,2023-07-24,0.6307692307692307,1.8384615384615384
Edmonton,2023-07-25,0.6439232409381663,2.2409381663113006
Edmonton,2023-07-26,0.6836283185840708,2.1814159292035398
Edmonton,2023-07-27,0.6939252336448598,2.378504672897196
Edmonton,2023-07-28,0.6955503512880562,2.348946135831382
Edmonton,2023-07-29,0.6856435643564357,2.237623762376238
Edmonton,2023-07-30,0.6497797356828194,1.7312775330396475
Edmonton,2023-07-31,0.6745283018867925,2.0330188679245285
Edmonton,2023-08-01,0.6821192052980133,2.326710816777042
Edmonton,2023-08-02,0.713302752293578,2.467889908256881
Edmonton,2023-08-03,0.6962962962962963,2.449382716049383
Edmonton,2023-08-04,0.7064676616915423,2.45771144278607
Edmonton,2023-08-05,0.6891891891891891,2.2324324324324323
Edmonton,2023-08-06,0.6493150684931507,2.1041095890410957
Edmonton,2023-08-07,0.6473317865429234,1.814385150812065
Edmonton,2023-08-08,0.6741573033707865,2.242696629213483
Edmonton,2023-08-09,0.6711111111111111,2.148888888888889
Edmonton,2023-08-10,0.723744292237443,2.6621004566210047
Edmonton,2023-08-11,0.719626168224299,2.4766355140186915
Edmonton,2023-08-12,0.6997455470737913,2.2493638676844783
Edmonton,2023-08-13,0.7404580152671756,2.21882951653944
Edmonton,2023-08-14,0.7095238095238096,2.2714285714285714
Edmonton,2023-08-15,0.7209302325581395,2.3488372093023258
Edmonton,2023-08-16,0.7075892857142857,2.3392857142857144
Edmonton,2023-08-17,0.6894409937888198,2.389233954451346
Edmonton,2023-08-18,0.7033707865168539,2.152808988764045
Edmonton,2023-08-19,0.7058823529411765,2.218137254901961
Edmonton,2023-08-20,0.6990049751243781,2.0248756218905473
Edmonton,2023-08-21,0.7139423076923077,2.3725961538461537
Edmonton,2023-08-22,0.6722488038277512,2.449760765550239
Edmonton,2023-08-23,0.7025171624713958,2.272311212814645
Edmonton,2023-08-24,0.7055961070559611,2.5255474452554743
Edmonton,2023-08-25,0.72544080604534,2.534005037783375
Edmonton,2023-08-26,0.6898263027295285,2.598014888337469
Edmonton,2023-08-27,0.7022332506203474,2.305210918114144
Edmonton,2023-08-28,0.706855791962175,2.4680851063829787
Edmonton,2023-08-29,0.6968325791855203,2.4502262443438916
Edmonton,2023-08-30,0.700218818380744,2.490153172866521
Edmonton,2023-08-31,0.7164835164835165,2.375824175824176
Edmonton,2023-09-01,0.7209302325581395,2.73953488372093
Edmonton,2023-09-02,0.715,2.215
Edmonton,2023-09-03,0.6889460154241646,2.1002570694087406
Edmonton,2023-09-04,0.6934673366834171,1.92964824120603
Edmonton,2023-09-05,0.6934673366834171,2.3467336683417086
Edmonton,2023-09-06,0.7150127226463104,2.5979643765903306
Edmonton,2023-09-07,0.7324324324324324,2.5864864864864865
Edmonton,2023-09-08,0.7154255319148937,2.675531914893617
Edmonton,2023-09-09,0.7112860892388452,2.2913385826771653
Edmonton,2023-09-10,0.7093333333333334,1.9973333333333334
Edmonton,2023-09-11,0.727735368956743,2.6361323155216283
Edmonton,2023-09-12,0.7573529411764706,2.6519607843137254
Edmonton,2023-09-13,0.7293233082706767,2.674185463659148
Edmonton,2023-09-14,0.7406483790523691,2.7381546134663344
Edmonton,2023-09-15,0.7468030690537084,3.0076726342710995
Edmonton,2023-09-16,0.7361477572559367,2.678100263852243
Edmonton,2023-09-17,0.6666666666666666,2.0899470899470898
Edmonton,2023-09-18,0.7215189873417721,2.529113924050633
Edmonton,2023-09-19,0.7037974683544304,2.4936708860759493
Edmonton,2023-09-20,0.7153846153846154,2.4025641025641025
Edmonton,2023-09-21,0.7213541666666666,2.5859375
Edmonton,2023-09-22,0.7349081364829396,2.7007874015748032
Edmonton,2023-09-23,0.6808510638297872,2.2367021276595747
Edmonton,2023-09-24,0.6657534246575343,2.0575342465753423
Edmonton,2023-09-25,0.7146666666666667,2.4
Edmonton,2023-09-26,0.6940874035989717,2.269922879177378
Edmonton,2023-09-27,0.7258064516129032,2.545698924731183
Edmonton,2023-09-28,0.744,2.3706666666666667
Edmonton,2023-09-29,0.71900826446281,2.316804407713499
Edmonton,2023-09-30,0.6986301369863014,2.315068493150685
Edmonton,2023-10-01,0.6728723404255319,2.0930851063829787
Edmonton,2023-10-02,0.7088948787061995,2.407008086253369
Edmonton,2023-10-03,0.7272727272727273,2.671122994652406
Edmonton,2023-10-04,0.7253333333333334,2.568
Edmonton,2023-10-05,0.7374301675977654,2.868715083798883
Edmonton,2023-10-06,0.7707736389684814,2.7593123209169055
Edmonton,2023-10-07,0.706199460916442,2.339622641509434
Edmonton,2023-10-08,0.6933333333333334,1.9813333333333334
Edmonton,2023-10-09,0.6820652173913043,1.8695652173913044
Edmonton,2023-10-10,0.7076502732240437,2.6366120218579234
Edmonton,2023-10-11,0.7086614173228346,2.4986876640419946
Edmonton,2023-10-12,0.7315068493150685,2.8657534246575342
Edmonton,2023-10-13,0.7300275482093664,2.7796143250688705
Edmonton,2023-10-14,0.7563025210084033,2.5350140056022408
Edmonton,2023-10-15,0.7076023391812866,2.307017543859649
Edmonton,2023-10-16,0.7380952380952381,2.5105820105820107
Edmonton,2023-10-17,0.7386666666666667,2.6666666666666665
Edmonton,2023-10-18,0.7480916030534351,2.707379134860051
Edmonton,2023-10-19,0.7364341085271318,2.6640826873385013
Edmonton,2023-10-20,0.762532981530343,2.728232189973615
Edmonton,2023-10-21,0.7101063829787234,2.404255319148936
Edmonton,2023-10-22,0.6970509383378016,2.1769436997319036
Edmonton,2023-10-23,0.7026315789473684,2.3842105263157896
Edmonton,2023-10-24,0.7192513368983957,2.537433155080214
Edmonton,2023-10-25,0.7220843672456576,2.5781637717121586
Edmonton,2023-10-26,0.7208121827411168,2.527918781725888
Edmonton,2023-10-27,0.7335092348284961,2.6358839050131926
Edmonton,2023-10-28,0.7563025210084033,2.5994397759103642
Edmonton,2023-10-29,0.75,2.6818181818181817
Edmonton,2023-10-30,0.7446808510638298,2.627659574468085
Edmonton,2023-10-31,0.75,2.8994565217391304
Edmonton,2023-11-01,0.7486033519553073,2.5446927374301676
Edmonton,2023-11-02,0.7293447293447294,2.4871794871794872
Edmonton,2023-11-03,0.7603550295857988,2.7781065088757395
Edmonton,2023-11-04,0.7515151515151515,2.587878787878788
Edmonton,2023-11-05,0.7138728323699421,2.0635838150289016
Edmonton,2023-11-06,0.749271137026239,2.5393586005830904
Edmonton,2023-11-07,0.7329545454545454,2.6107954545454546
Edmonton,2023-11-08,0.6991404011461319,2.312320916905444
Edmonton,2023-11-09,0.7277936962750716,2.4842406876790832
Edmonton,2023-11-10,0.7430167597765364,2.553072625698324
Edmonton,2023-11-11,0.7398843930635838,2.1098265895953756
Edmonton,2023-11-12,0.7065527065527065,2.1054131054131053
Edmonton,2023-11-13,0.6929577464788732,2.1183098591549294
Edmonton,2023-11-14,0.7329545454545454,2.440340909090909
Edmonton,2023-11-15,0.748587570621469,2.6299435028248586
Edmonton,2023-11-16,0.7472222222222222,2.5444444444444443
Edmonton,2023-11-17,0.7534626038781164,2.8033240997229916
Edmonton,2023-11-18,0.7089337175792507,2.5043227665706054
Edmonton,2023-11-19,0.7245508982035929,2.1497005988023954
Edmonton,2023-11-20,0.7259475218658892,2.3877551020408165
Edmonton,2023-11-21,0.725,2.533333333333333
Edmonton,2023-11-22,0.7340720221606648,2.5623268698060944
Edmonton,2023-11-23,0.71900826446281,2.4242424242424243
Edmonton,2023-11-24,0.7506925207756233,2.515235457063712
Edmonton,2023-11-25,0.7463556851311953,2.446064139941691
Edmonton,2023-11-26,0.723943661971831,1.9859154929577465
Edmonton,2023-11-27,0.7294429708222812,2.2413793103448274
Edmonton,2023-11-28,0.736986301369863,2.4328767123287673
Edmonton,2023-11-29,0.7458100558659218,2.4134078212290504
Edmonton,2023-11-30,0.7065217391304348,2.4293478260869565
Edmonton,2023-12-01,0.739612188365651,2.5069252077562325
Edmonton,2023-12-02,0.6934097421203438,2.3982808022922635
Edmonton,2023-12-03,0.7275449101796407,2.2005988023952097
Edmonton,2023-12-04,0.7485714285714286,2.434285714285714
Edmonton,2023-12-05,0.726027397260274,2.345205479452055
Edmonton,2023-12-06,0.7411444141689373,2.3814713896457764
Edmonton,2023-12-07,0.7220708446866485,2.32425068119891
Edmonton,2023-12-08,0.727027027027027,2.443243243243243
Edmonton,2023-12-09,0.7201166180758017,2.206997084548105
Edmonton,2023-12-10,0.7388724035608308,2.00593471810089
Edmonton,2023-12-11,0.6763005780346821,2.1878612716763004
Edmonton,2023-12-12,0.7166666666666667,2.361111111111111
Edmonton,2023-12-13,0.6923076923076923,2.1709401709401708
Edmonton,2023-12-14,0.7106017191977078,2.4040114613180514
Edmonton,2023-12-15,0.7450980392156863,2.4285714285714284
Edmonton,2023-12-16,0.7198795180722891,2.3644578313253013
Edmonton,2023-12-17,0.6781609195402298,2.014367816091954
Edmonton,2023-12-18,0.7245179063360881,2.253443526170799
Edmonton,2023-12-19,0.7008310249307479,2.2022160664819945
Edmonton,2023-12-20,0.7013333333333334,2.272
Edmonton,2023-12-21,0.7506925207756233,2.440443213296399
Edmonton,2023-12-22,0.7567567567567568,2.556756756756757
Edmonton,2023-12-23,0.7305555555555555,2.2666666666666666
Edmonton,2023-12-24,0.6884272997032641,2.0237388724035608
Edmonton,2023-12-25,0.656891495601173,1.4545454545454546
Edmonton,2023-12-26,0.6875,1.9970238095238095
Edmonton,2023-12-27,0.6935933147632312,2.1949860724233985
Edmonton,2023-12-28,0.7267605633802817,2.23943661971831
Edmonton,2023-12-29,0.7178770949720671,2.2849162011173183
Edmonton,2023-12-30,0.7333333333333333,2.1855072463768117
Edmonton,2023-12-31,0.695906432748538,2.008771929824561
Edmonton,2024-01-01,0.6676557863501483,1.7210682492581602
Edmonton,2024-01-02,0.6897506925207756,1.9916897506925209
Edmonton,2024-01-03,0.6916666666666667,1.9583333333333333
Edmonton,2024-01-04,0.7493036211699164,2.3036211699164344
Edmonton,2024-01-05,0.7158469945355191,2.30327868852459
Edmonton,2024-01-06,0.7396449704142012,2.1597633136094676
Edmonton,2024-01-07,0.6798866855524079,1.7620396600566572
Edmonton,2024-01-08,0.7184986595174263,2.3351206434316354
Edmonton,2024-01-09,0.7371273712737128,2.205962059620596
Edmonton,2024-01-10,0.7163323782234957,2.2893982808022924
Edmonton,2024-01-11,0.7196531791907514,2.2658959537572256
Edmonton,2024-01-12,0.7387387387387387,2.2222222222222223
Edmonton,2024-01-13,0.7151335311572701,2.00593471810089
Edmonton,2024-01-14,0.7096774193548387,1.780058651026393
Edmonton,2024-01-15,0.7374301675977654,2.282122905027933
Edmonton,2024-01-16,0.7054054054054054,2.3135135135135134
Edmonton,2024-01-17,0.7130434782608696,2.260869565217391
Edmonton,2024-01-18,0.7243401759530792,2.2170087976539588
Edmonton,2024-01-19,0.7331378299120235,2.2961876832844577
Edmonton,2024-01-20,0.7308868501529052,2.379204892966361
Edmonton,2024-01-21,0.6911764705882353,1.8529411764705883
Edmonton,2024-01-22,0.7313432835820896,2.2328358208955223
Edmonton,2024-01-23,0.7250755287009063,2.268882175226586
Edmonton,2024-01-24,0.7175792507204611,2.118155619596542
Edmonton,2024-01-25,0.7147058823529412,2.2529411764705882
Edmonton,2024-01-26,0.7590361445783133,2.5451807228915664
Edmonton,2024-01-27,0.7113095238095238,1.9642857142857142
Edmonton,2024-01-28,0.6861538461538461,1.8184615384615384
Edmonton,2024-01-29,0.7104477611940299,2.1283582089552238
Edmonton,2024-01-30,0.7522658610271903,2.3323262839879155
Edmonton,2024-01-31,0.7419354838709677,2.4252199413489737
Edmonton,2024-02-01,0.7333333333333333,2.296969696969697
Edmonton,2024-02-02,0.7584097859327217,2.2966360856269112
Edmonton,2024-02-03,0.7286585365853658,2.051829268292683
Edmonton,2024-02-04,0.7049689440993789,1.8167701863354038
Edmonton,2024-02-05,0.7365269461077845,2.230538922155689
Edmonton,2024-02-06,0.7419354838709677,2.2961876832844577
Edmonton,2024-02-07,0.7321428571428571,2.2827380952380953
Edmonton,2024-02-08,0.7521865889212828,2.5306122448979593
Edmonton,2024-02-09,0.7731343283582089,2.3850746268656717
Edmonton,2024-02-10,0.7339449541284404,2.180428134556575
Edmonton,2024-02-11,0.7102803738317757,1.9096573208722742
Edmonton,2024-02-12,0.7323529411764705,2.3
Edmonton,2024-02-13,0.7610619469026548,2.4011799410029497
Edmonton,2024-02-14,0.7784615384615384,2.48
Edmonton,2024-02-15,0.7641509433962265,2.289308176100629
Edmonton,2024-02-16,0.75,2.41025641025641
Edmonton,2024-02-17,0.7391304347826086,2.297658862876254
Edmonton,2024-02-18,0.7375415282392026,2.179401993355482
Edmonton,2024-02-19,0.6847133757961783,1.9490445859872612
Edmonton,2024-02-20,0.7249190938511327,2.3624595469255665
Edmonton,2024-02-21,0.7466666666666667,2.316666666666667
Edmonton,2024-02-22,0.7348242811501597,2.3226837060702876
Edmonton,2024-02-23,0.7327044025157232,2.30188679245283
Edmonton,2024-02-24,0.6875,2.11875
Edmonton,2024-02-25,0.6811145510835913,1.761609907120743
Edmonton,2024-02-26,0.7412140575079872,2.4824281150159746
Edmonton,2024-02-27,0.7337461300309598,2.4674922600619196
Edmonton,2024-02-28,0.7134328358208956,2.337313432835821
Edmonton,2024-02-29,0.7160493827160493,2.382716049382716
Edmonton,2024-03-01,0.7206349206349206,2.326984126984127
Edmonton,2024-03-02,0.7377049180327869,2.239344262295082
Edmonton,2024-03-03,0.6920529801324503,2.2847682119205297
Edmonton,2024-03-04,0.7077922077922078,2.3474025974025974
Edmonton,2024-03-05,0.7350157728706624,2.220820189274448
Edmonton,2024-03-06,0.7147335423197492,2.300940438871473
Edmonton,2024-03-07,0.7072368421052632,2.3421052631578947
Edmonton,2024-03-08,0.7251655629139073,2.456953642384106
Edmonton,2024-03-09,0.7425742574257426,2.293729372937294
Edmonton,2024-03-10,0.7019867549668874,1.9933774834437086
Edmonton,2024-03-11,0.7046153846153846,2.1507692307692308
Edmonton,2024-03-12,0.7264437689969605,2.2492401215805473
Edmonton,2024-03-13,0.723404255319149,2.234042553191489
Edmonton,2024-03-14,0.7365079365079366,2.46984126984127
Edmonton,2024-03-15,0.7539936102236422,2.428115015974441
Edmonton,2024-03-16,0.7308970099667774,2.5980066445182723
Edmonton,2024-03-17,0.7192429022082019,2.141955835962145
Edmonton,2024-03-18,0.7460815047021944,2.4231974921630095
Edmonton,2024-03-19,0.7476038338658147,2.476038338658147
Edmonton,2024-03-20,0.7138263665594855,2.237942122186495
Edmonton,2024-03-21,0.692063492063492,2.184126984126984
Edmonton,2024-03-22,0.7211538461538461,2.1346153846153846
Edmonton,2024-03-23,0.7109634551495017,2.262458471760797
Edmonton,2024-03-24,0.659016393442623,1.7147540983606557
Edmonton,2024-03-25,0.677115987460815,1.9278996865203761
Edmonton,2024-03-26,0.7275641025641025,2.0288461538461537
Edmonton,2024-03-27,0.7056962025316456,2.3797468354430378
Edmonton,2024-03-28,0.719626168224299,2.3426791277258565
Edmonton,2024-03-29,0.717607973421927,1.9401993355481728
Edmonton,2024-03-30,0.7040816326530612,2.0816326530612246
Edmonton,2024-03-31,0.6813559322033899,1.8745762711864407
Edmonton,2024-04-01,0.6883116883116883,1.7792207792207793
Edmonton,2024-04-02,0.7272727272727273,2.4670846394984327
Edmonton,2024-04-03,0.7552870090634441,2.416918429003021
Edmonton,2024-04-04,0.7435158501440923,2.354466858789625
Edmonton,2024-04-05,0.7543859649122807,2.409356725146199
Edmonton,2024-04-06,0.7190332326283988,2.2084592145015107
Edmonton,2024-04-07,0.7125382262996942,2.073394495412844
Edmonton,2024-04-08,0.7058823529411765,2.2414860681114552
Edmonton,2024-04-09,0.7012578616352201,2.3144654088050314
Edmonton,2024-04-10,0.720125786163522,2.4150943396226414
Edmonton,2024-04-11,0.7329192546583851,2.375776397515528
Edmonton,2024-04-12,0.7530487804878049,2.4847560975609757
Edmonton,2024-04-13,0.6987577639751553,2.400621118012422
Edmonton,2024-04-14,0.6947040498442367,1.9470404984423677
Edmonton,2024-04-15,0.7295597484276729,2.3176100628930816
Edmonton,2024-04-16,0.710691823899371,2.308176100628931
Edmonton,2024-04-17,0.6888217522658611,2.202416918429003
Edmonton,2024-04-18,0.7151515151515152,2.466666666666667
Edmonton,2024-04-19,0.7202380952380952,2.556547619047619
Edmonton,2024-04-20,0.6987577639751553,2.369565217391304
Edmonton,2024-04-21,0.6846846846846847,1.8138138138138138
Edmonton,2024-04-22,0.7313432835820896,2.5582089552238805
Edmonton,2024-04-23,0.7165109034267912,2.392523364485981
Edmonton,2024-04-24,0.6944444444444444,2.5185185185185186
Edmonton,2024-04-25,0.6956521739130435,2.4658385093167703
Edmonton,2024-04-26,0.6984615384615385,2.476923076923077
Edmonton,2024-04-27,0.6779141104294478,2.2484662576687118
Edmonton,2024-04-28,0.6809815950920245,1.9570552147239264
Edmonton,2024-04-29,0.672463768115942,2.2028985507246377
Edmonton,2024-04-30,0.6715542521994134,2.134897360703812
Edmonton,2024-05-01,0.6901840490797546,2.3098159509202456
Edmonton,2024-05-02,0.7060702875399361,2.4313099041533546
Edmonton,2024-05-03,0.7344262295081967,2.59344262295082
Edmonton,2024-05-04,0.7084745762711865,2.5559322033898306
Edmonton,2024-05-05,0.6644951140065146,2.009771986970684
Edmonton,2024-05-06,0.6996996996996997,2.21021021021021
Edmonton,2024-05-07,0.6996996996996997,2.1921921921921923
Edmonton,2024-05-08,0.7236024844720497,2.4937888198757765
Edmonton,2024-05-09,0.7125748502994012,2.68562874251497
Edmonton,2024-05-10,0.6957746478873239,2.6225352112676057
Edmonton,2024-05-11,0.6914600550964187,2.3140495867768593
Edmonton,2024-05-12,0.6786703601108033,2.080332409972299
Edmonton,2024-05-13,0.6804407713498623,2.209366391184573
Edmonton,2024-05-14,0.6833333333333333,2.3722222222222222
Edmonton,2024-05-15,0.6594594594594595,2.210810810810811
Edmonton,2024-05-16,0.6721763085399449,2.399449035812672
Edmonton,2024-05-17,0.6880466472303207,2.4198250728862973
Edmonton,2024-05-18,0.7034700315457413,2.684542586750789
Edmonton,2024-05-19,0.6538461538461539,1.8525641025641026
Edmonton,2024-05-20,0.654320987654321,1.9228395061728396
Edmonton,2024-05-21,0.6811594202898551,2.457971014492754
Edmonton,2024-05-22,0.685131195335277,2.402332361516035
Edmonton,2024-05-23,0.7082066869300911,2.5653495440729484
Edmonton,2024-05-24,0.6746987951807228,2.5843373493975905
Edmonton,2024-05-25,0.6827794561933535,2.3987915407854983
Edmonton,2024-05-26,0.6714697406340058,1.8357348703170029
Edmonton,2024-05-27,0.7002967359050445,2.397626112759644
Edmonton,2024-05-28,0.6929824561403509,2.3362573099415203
Edmonton,2024-05-29,0.7014492753623188,2.4057971014492754
Edmonton,2024-05-30,0.6798780487804879,2.3384146341463414
Edmonton,2024-05-31,0.6782334384858044,2.4227129337539433
Edmonton,2024-06-01,0.66996699669967,2.283828382838284
Edmonton,2024-06-02,0.6509433962264151,2.0157232704402515
Edmonton,2024-06-03,0.6115702479338843,1.790633608815427
Edmonton,2024-06-04,0.6570605187319885,2.2305475504322767
Edmonton,2024-06-05,0.6432926829268293,2.4603658536585367
Edmonton,2024-06-06,0.6790123456790124,2.3395061728395063
Edmonton,2024-06-07,0.692063492063492,2.450793650793651
Edmonton,2024-06-08,0.6633986928104575,2.1405228758169934
Edmonton,2024-06-09,0.6677115987460815,1.5862068965517242
Edmonton,2024-06-10,0.664804469273743,2.122905027932961
Edmonton,2024-06-11,0.6705882352941176,1.9764705882352942
Edmonton,2024-06-12,0.6136363636363636,2.042929292929293
Edmonton,2024-06-13,0.660574412532637,2.349869451697128
Edmonton,2024-06-14,0.6666666666666666,2.1702637889688248
Edmonton,2024-06-15,0.6485013623978202,2.465940054495913
Edmonton,2024-06-16,0.6104972375690608,1.5248618784530388
Edmonton,2024-06-17,0.6428571428571429,2.1084656084656084
Edmonton,2024-06-18,0.657608695652174,2.2309782608695654
Edmonton,2024-06-19,0.6743515850144092,2.3025936599423633
Edmonton,2024-06-20,0.7044776119402985,2.5194029850746267
Edmonton,2024-06-21,0.6776119402985075,2.4507462686567165
Edmonton,2024-06-22,0.66875,2.18125
Edmonton,2024-06-23,0.6214689265536724,1.8192090395480225
Edmonton,2024-06-24,0.6401098901098901,2.0604395604395602
Edmonton,2024-06-25,0.6473988439306358,2.138728323699422
Edmonton,2024-06-26,0.6666666666666666,2.4239766081871346
Edmonton,2024-06-27,0.6647887323943662,2.123943661971831
Edmonton,2024-06-28,0.6656346749226006,2.4458204334365323
Edmonton,2024-06-29,0.6376306620209059,2.35191637630662
Edmonton,2024-06-30,0.6350877192982456,2.0
Edmonton,2024-07-01,0.5822784810126582,1.6962025316455696
Edmonton,2024-07-02,0.6439169139465876,2.1810089020771515
Edmonton,2024-07-03,0.6527777777777778,1.8222222222222222
Edmonton,2024-07-04,0.6666666666666666,2.1977401129943503
Edmonton,2024-07-05,0.615606936416185,2.3092485549132946
Edmonton,2024-07-06,0.6603174603174603,2.257142857142857
Edmonton,2024-07-07,0.64375,1.878125
Edmonton,2024-07-08,0.6778115501519757,2.2066869300911853
Edmonton,2024-07-09,0.7108433734939759,2.1626506024096384
Edmonton,2024-07-10,0.660056657223796,2.1643059490084986
Edmonton,2024-07-11,0.6703296703296703,2.0549450549450547
Edmonton,2024-07-12,0.6609686609686609,2.3447293447293447
Edmonton,2024-07-13,0.6438356164383562,1.978082191780822
Edmonton,2024-07-14,0.6355685131195336,1.7900874635568513
Edmonton,2024-07-15,0.6343490304709142,2.1800554016620497
Edmonton,2024-07-16,0.6811989100817438,2.4141689373297
Edmonton,2024-07-17,0.712401055408971,2.3562005277044853
Edmonton,2024-07-18,0.7097625329815304,2.4828496042216357
Edmonton,2024-07-19,0.6684491978609626,2.3262032085561497
Edmonton,2024-07-20,0.6955307262569832,2.5921787709497206
Edmonton,2024-07-21,0.664756446991404,2.1318051575931234
Edmonton,2024-07-22,0.6344647519582245,2.297650130548303
Edmonton,2024-07-23,0.6681922196796338,2.070938215102975
Edmonton,2024-07-24,0.6277533039647577,2.145374449339207
Edmonton,2024-07-25,0.639225181598063,2.290556900726392
Edmonton,2024-07-26,0.6819407008086253,2.4797843665768196
Edmonton,2024-07-27,0.6781609195402298,2.4310344827586206
Edmonton,2024-07-28,0.6742209631728046,2.2209631728045327
Edmonton,2024-07-29,0.6259946949602122,2.249336870026525
Edmonton,2024-07-30,0.6434540389972145,2.3119777158774375
Edmonton,2024-07-31,0.659217877094972,2.4273743016759775
Edmonton,2024-08-01,0.6628571428571428,2.4114285714285715
Edmonton,2024-08-02,0.6482558139534884,2.3517441860465116
Edmonton,2024-08-03,0.6202185792349727,1.8469945355191257
Edmonton,2024-08-04,0.6098191214470284,1.6356589147286822
Edmonton,2024-08-05,0.6161879895561357,1.681462140992167
Edmonton,2024-08-06,0.6589147286821705,2.13953488372093
Edmonton,2024-08-07,0.6639566395663956,2.168021680216802
Edmonton,2024-08-08,0.6803519061583577,2.442815249266862
Edmonton,2024-08-09,0.6977401129943502,2.3220338983050848
Edmonton,2024-08-10,0.6929824561403509,2.3771929824561404
Edmonton,2024-08-11,0.6467236467236467,2.0
Edmonton,2024-08-12,0.6446280991735537,2.077134986225895
Edmonton,2024-08-13,0.6573604060913706,2.065989847715736
Edmonton,2024-08-14,0.6787564766839378,2.173575129533679
Edmonton,2024-08-15,0.6674757281553398,2.1189320388349513
Edmonton,2024-08-16,0.6772616136919315,2.141809290953545
Edmonton,2024-08-17,0.6438746438746439,2.0997150997150995
Edmonton,2024-08-18,0.6215469613259669,1.8370165745856353
Edmonton,2024-08-19,0.6485013623978202,2.204359673024523
Edmonton,2024-08-20,0.6843575418994413,2.1508379888268156
Edmonton,2024-08-21,0.6783783783783783,2.0945945945945947
Edmonton,2024-08-22,0.6848958333333334,2.2265625
Edmonton,2024-08-23,0.6732673267326733,2.3415841584158414
Edmonton,2024-08-24,0.6870229007633588,2.1348600508905853
Edmonton,2024-08-25,0.7164948453608248,2.1597938144329896
Edmonton,2024-08-26,0.6675324675324675,2.0675324675324673
Edmonton,2024-08-27,0.6824146981627297,2.2335958005249346
Edmonton,2024-08-28,0.6693121693121693,2.1693121693121693
Edmonton,2024-08-29,0.6911764705882353,2.4205882352941175
Edmonton,2024-08-30,0.6843657817109144,2.4041297935103243
Edmonton,2024-08-31,0.6829268292682927,2.448170731707317
Edmonton,2024-09-01,0.6403508771929824,1.7923976608187135
Edmonton,2024-09-02,0.6050420168067226,1.6358543417366946
Edmonton,2024-09-03,0.6929577464788732,2.174647887323944
Edmonton,2024-09-04,0.6996904024767802,2.1733746130030958
Edmonton,2024-09-05,0.7103658536585366,2.2530487804878048
Edmonton,2024-09-06,0.6829268292682927,2.402439024390244
Edmonton,2024-09-07,0.7040498442367601,2.249221183800623
Edmonton,2024-09-08,0.6656626506024096,1.7349397590361446
Edmonton,2024-09-09,0.6627906976744186,1.9622093023255813
Edmonton,2024-09-10,0.6829971181556196,2.2046109510086453
Edmonton,2024-09-11,0.7147058823529412,2.25
Edmonton,2024-09-12,0.6846590909090909,2.190340909090909
Edmonton,2024-09-13,0.6931818181818182,2.428977272727273
Edmonton,2024-09-14,0.6737160120845922,2.0755287009063443
Edmonton,2024-09-15,0.660436137071651,1.809968847352025
Edmonton,2024-09-16,0.6782608695652174,2.092753623188406
Edmonton,2024-09-17,0.7040498442367601,2.1401869158878504
Edmonton,2024-09-18,0.7057057057057057,2.225225225225225
Edmonton,2024-09-19,0.7006172839506173,2.3425925925925926
Edmonton,2024-09-20,0.7051671732522796,2.513677811550152
Edmonton,2024-09-21,0.697452229299363,2.267515923566879
Edmonton,2024-09-22,0.6791277258566978,1.8753894080996885
Edmonton,2024-09-23,0.7066246056782335,2.078864353312303
Edmonton,2024-09-24,0.7044776119402985,2.1283582089552238
Edmonton,2024-09-25,0.6848137535816619,2.1862464183381087
Edmonton,2024-09-26,0.6892655367231638,2.1073446327683616
Edmonton,2024-09-27,0.7252124645892352,2.2889518413597734
Edmonton,2024-09-28,0.68125,2.146875
Edmonton,2024-09-29,0.668693009118541,1.6899696048632218
Edmonton,2024-09-30,0.707395498392283,2.1093247588424435
Edmonton,2024-10-01,0.694078947368421,1.9638157894736843
Edmonton,2024-10-02,0.6766666666666666,1.9666666666666666
Edmonton,2024-10-03,0.7123287671232876,2.0547945205479454
Edmonton,2024-10-04,0.7104377104377104,2.32996632996633
Edmonton,2024-10-05,0.7152317880794702,2.1324503311258276
Edmonton,2024-10-06,0.6655737704918033,1.6950819672131148
Edmonton,2024-10-07,0.683076923076923,2.0307692307692307
Edmonton,2024-10-08,0.6676470588235294,1.9558823529411764
Edmonton,2024-10-09,0.6848484848484848,2.021212121212121
Edmonton,2024-10-10,0.7019867549668874,2.23841059602649
Edmonton,2024-10-11,0.6905537459283387,2.244299674267101
Edmonton,2024-10-12,0.6632302405498282,1.8281786941580755
Edmonton,2024-10-13,0.673469387755102,1.727891156462585
Edmonton,2024-10-14,0.6201298701298701,1.4318181818181819
Edmonton,2024-10-15,0.6853582554517134,2.02803738317757
Edmonton,2024-10-16,0.6730158730158731,1.9936507936507937
Edmonton,2024-10-17,0.6840390879478827,1.9348534201954397
Edmonton,2024-10-18,0.7043189368770764,2.2823920265780733
Edmonton,2024-10-19,0.7084745762711865,2.2576271186440677
Edmonton,2024-10-20,0.6755852842809364,1.8327759197324414
Edmonton,2024-10-21,0.7114093959731543,1.912751677852349
Edmonton,2024-10-22,0.7228070175438597,2.2175438596491226
Edmonton,2024-10-23,0.7094594594594594,2.206081081081081
Edmonton,2024-10-24,0.6810631229235881,2.0564784053156147
Edmonton,2024-10-25,0.7147540983606557,2.278688524590164
Edmonton,2024-10-26,0.7604166666666666,2.2881944444444446
Edmonton,2024-10-27,0.6795774647887324,1.7147887323943662
Edmonton,2024-10-28,0.7328767123287672,2.171232876712329
Edmonton,2024-10-29,0.7142857142857143,2.1535714285714285
Edmonton,2024-10-30,0.7017543859649122,2.1052631578947367
Edmonton,2024-10-31,0.6631205673758865,1.9929078014184398
Edmonton,2024-11-01,0.6666666666666666,1.9719298245614034
Edmonton,2024-11-02,0.7137681159420289,2.010869565217391
Edmonton,2024-11-03,0.6727941176470589,1.6875
Edmonton,2024-11-04,0.7034482758620689,1.7655172413793103
Edmonton,2024-11-05,0.7010309278350515,2.006872852233677
Edmonton,2024-11-06,0.71280276816609,2.235294117647059
Edmonton,2024-11-07,0.718978102189781,2.0583941605839415
Edmonton,2024-11-08,0.7300380228136882,2.2281368821292777
Edmonton,2024-11-09,0.6987951807228916,2.2690763052208833
Edmonton,2024-11-10,0.6581196581196581,1.8034188034188035
Edmonton,2024-11-11,0.6137339055793991,1.4506437768240343
Edmonton,2024-11-12,0.6653061224489796,1.8081632653061224
Edmonton,2024-11-13,0.7228915662650602,2.1004016064257027
Edmonton,2024-11-14,0.6753731343283582,1.8805970149253732
Edmonton,2024-11-15,0.6666666666666666,2.0
Edmonton,2024-11-16,0.7003610108303249,2.064981949458484
Edmonton,2024-11-17,0.6823104693140795,1.8592057761732852
Edmonton,2024-11-18,0.6666666666666666,1.9578947368421054
Edmonton,2024-11-19,0.6862068965517242,2.1586206896551725
Edmonton,2024-11-20,0.6966666666666667,2.1633333333333336
Edmonton,2024-11-21,0.7240143369175627,1.9426523297491038
Edmonton,2024-11-22,0.72,2.1454545454545455
Edmonton,2024-11-23,0.6511627906976745,1.930232558139535
Edmonton,2024-11-24,0.6363636363636364,1.6956521739130435
Edmonton,2024-11-25,0.6988416988416989,2.0501930501930503
Edmonton,2024-11-26,0.6840148698884758,2.0780669144981414
Edmonton,2024-11-27,0.6961538461538461,1.9461538461538461
Edmonton,2024-11-28,0.7054263565891473,2.0232558139534884
Edmonton,2024-11-29,0.6840148698884758,2.1821561338289963
Edmonton,2024-11-30,0.6707317073170732,2.1016260162601625
Edmonton,2024-12-01,0.6606334841628959,1.6787330316742082
Edmonton,2024-12-02,0.673469387755102,2.093877551020408
Edmonton,2024-12-03,0.6903765690376569,2.1171548117154813
Edmonton,2024-12-04,0.6965811965811965,1.9572649572649572
Edmonton,2024-12-05,0.7327586206896551,2.2198275862068964
Edmonton,2024-12-06,0.7379032258064516,2.181451612903226
Edmonton,2024-12-07,0.7212389380530974,2.172566371681416
Edmonton,2024-12-08,0.6846846846846847,1.6981981981981982
Edmonton,2024-12-09,0.6639676113360324,1.8785425101214575
Edmonton,2024-12-10,0.7261410788381742,2.1618257261410787
Edmonton,2024-12-11,0.6984126984126984,2.0833333333333335
Edmonton,2024-12-12,0.7203389830508474,2.093220338983051
Edmonton,2024-12-13,0.7236842105263158,2.280701754385965
Edmonton,2024-12-14,0.7110091743119266,1.9862385321100917
Edmonton,2024-12-15,0.6816143497757847,1.6502242152466369
Edmonton,2024-12-16,0.7276422764227642,1.991869918699187
Edmonton,2024-12-17,0.689795918367347,1.9918367346938775
Edmonton,2024-12-18,0.7205240174672489,2.1703056768558953
Edmonton,2024-12-19,0.7,2.4565217391304346
Edmonton,2024-12-20,0.7172131147540983,2.4057377049180326
Edmonton,2024-12-21,0.676595744680851,1.9914893617021276
Edmonton,2024-12-22,0.6444444444444445,1.6977777777777778
Edmonton,2024-12-23,0.6919642857142857,2.0044642857142856
Edmonton,2024-12-24,0.6822429906542056,1.9065420560747663
Edmonton,2024-12-25,0.6813725490196079,1.4264705882352942
Edmonton,2024-12-26,0.6755555555555556,1.6533333333333333
Edmonton,2024-12-27,0.6977777777777778,1.9422222222222223
Edmonton,2024-12-28,0.6790697674418604,1.7209302325581395
Edmonton,2024-12-29,0.6728971962616822,1.7383177570093458
Edmonton,2024-12-30,0.6593886462882096,2.013100436681223
Edmonton,2024-12-31,0.680365296803653,2.1141552511415527
Edmonton,2025-01-01,0.6854460093896714,1.619718309859155
Edmonton,2025-01-02,0.6875,2.0044642857142856
Edmonton,2025-01-03,0.6885964912280702,1.780701754385965
Edmonton,2025-01-04,0.6820276497695853,1.8617511520737327
Edmonton,2025-01-05,0.6055045871559633,1.3669724770642202
Edmonton,2025-01-06,0.6905829596412556,1.9641255605381165
Edmonton,2025-01-07,0.6995515695067265,2.094170403587444
Edmonton,2025-01-08,0.721030042918455,2.11587982832618
Edmonton,2025-01-09,0.690677966101695,2.1440677966101696
Edmonton,2025-01-10,0.6848249027237354,1.8715953307392996
Edmonton,2025-01-11,0.6723404255319149,1.7872340425531914
Edmonton,2025-01-12,0.6936936936936937,1.7477477477477477
Edmonton,2025-01-13,0.6587677725118484,1.8056872037914693
Edmonton,2025-01-14,0.6607142857142857,1.9553571428571428
Edmonton,2025-01-15,0.6388888888888888,1.837962962962963
Edmonton,2025-01-16,0.6972111553784861,1.8645418326693226
Edmonton,2025-01-17,0.6949152542372882,1.9406779661016949
Edmonton,2025-01-18,0.6531531531531531,1.7432432432432432
Edmonton,2025-01-19,0.6350710900473934,1.4834123222748816
Edmonton,2025-01-20,0.6317991631799164,1.7447698744769875
Edmonton,2025-01-21,0.6976744186046512,1.9488372093023256
Edmonton,2025-01-22,0.6818181818181818,2.0454545454545454
Edmonton,2025-01-23,0.6745283018867925,1.9528301886792452
Edmonton,2025-01-24,0.684931506849315,1.9771689497716896
Edmonton,2025-01-25,0.7102803738317757,1.9579439252336448
Edmonton,2025-01-26,0.6029411764705882,1.5147058823529411
Edmonton,2025-01-27,0.6558139534883721,1.7953488372093023
Edmonton,2025-01-28,0.6697247706422018,1.9587155963302751
Edmonton,2025-01-29,0.6842105263157895,1.9912280701754386
Edmonton,2025-01-30,0.7086956521739131,1.9
Edmonton,2025-01-31,0.72,2.088888888888889
Edmonton,2025-02-01,0.6866359447004609,1.76036866359447
Edmonton,2025-02-02,0.6454545454545455,1.3318181818181818
Edmonton,2025-02-03,0.6638297872340425,1.7191489361702128
Edmonton,2025-02-04,0.6304347826086957,1.708695652173913
Edmonton,2025-02-05,0.6828193832599119,1.86784140969163
Edmonton,2025-02-06,0.7180616740088106,1.9779735682819384
Edmonton,2025-02-07,0.696969696969697,2.0476190476190474
Edmonton,2025-02-08,0.6872037914691943,1.8436018957345972
Edmonton,2025-02-09,0.7168949771689498,1.6757990867579908
Edmonton,2025-02-10,0.6903765690376569,1.8493723849372385
Edmonton,2025-02-11,0.6946902654867256,1.9292035398230087
Edmonton,2025-02-12,0.7050691244239631,1.9493087557603688
Edmonton,2025-02-13,0.7136363636363636,2.059090909090909
Edmonton,2025-02-14,0.7092511013215859,2.0
Edmonton,2025-02-15,0.6697674418604651,1.7953488372093023
Edmonton,2025-02-16,0.6717171717171717,1.6414141414141414
Edmonton,2025-02-17,0.6824644549763034,1.4786729857819905
Edmonton,2025-02-18,0.6966824644549763,1.7819905213270142
Edmonton,2025-02-19,0.6857142857142857,1.8142857142857143
Edmonton,2025-02-20,0.6915887850467289,1.7990654205607477
Edmonton,2025-02-21,0.7222222222222222,1.9861111111111112
Edmonton,2025-02-22,0.6869158878504673,1.9018691588785046
Edmonton,2025-02-23,0.68,1.8
Edmonton,2025-02-24,0.6747572815533981,1.9223300970873787
Edmonton,2025-02-25,0.7188940092165899,2.096774193548387
Edmonton,2025-02-26,0.6772727272727272,1.8272727272727274
Edmonton,2025-02-27,0.6712328767123288,2.0730593607305936
Edmonton,2025-02-28,0.6759259259259259,1.9537037037037037
Edmonton,2025-03-01,0.6764705882352942,1.892156862745098
Edmonton,2025-03-02,0.6790697674418604,1.7906976744186047
Edmonton,2025-03-03,0.7076271186440678,2.0508474576271185
Edmonton,2025-03-04,0.7175925925925926,2.1018518518518516
Edmonton,2025-03-05,0.6944444444444444,2.1574074074074074
Edmonton,2025-03-06,0.680365296803653,2.141552511415525
Edmonton,2025-03-07,0.6970954356846473,2.004149377593361
Edmonton,2025-03-08,0.6954545454545454,2.140909090909091
Edmonton,2025-03-09,0.6948356807511737,1.6572769953051643
Edmonton,2025-03-10,0.6832579185520362,1.9366515837104072
Edmonton,2025-03-11,0.6559633027522935,1.885321100917431
Edmonton,2025-03-12,0.679324894514768,2.0253164556962027
Edmonton,2025-03-13,0.7016806722689075,1.9285714285714286
Edmonton,2025-03-14,0.7272727272727273,2.152892561983471
Edmonton,2025-03-15,0.7444933920704846,2.2158590308370045
Edmonton,2025-03-16,0.6588785046728972,1.6869158878504673
Edmonton,2025-03-17,0.7096774193548387,2.129032258064516
Edmonton,2025-03-18,0.704225352112676,2.051643192488263
Edmonton,2025-03-19,0.705607476635514,1.9439252336448598
Edmonton,2025-03-20,0.6926605504587156,1.9036697247706422
Edmonton,2025-03-21,0.7297297297297297,2.2162162162162162
Edmonton,2025-03-22,0.6620370370370371,1.8287037037037037
Edmonton,2025-03-23,0.6698113207547169,1.6367924528301887
Edmonton,2025-03-24,0.6608695652173913,1.708695652173913
Edmonton,2025-03-25,0.7319148936170212,2.0340425531914894
Edmonton,2025-03-26,0.672,2.12
Edmonton,2025-03-27,0.7142857142857143,1.9369747899159664
Edmonton,2025-03-28,0.6877637130801688,2.1434599156118144
Edmonton,2025-03-29,0.6995515695067265,1.9103139013452914
Edmonton,2025-03-30,0.672645739910314,1.905829596412556
Edmonton,2025-03-31,0.7155555555555555,2.062222222222222
Edmonton,2025-04-01,0.6991150442477876,2.088495575221239
Edmonton,2025-04-02,0.6846846846846847,2.1486486486486487
Edmonton,2025-04-03,0.7123893805309734,2.398230088495575
Edmonton,2025-04-04,0.7130801687763713,2.459915611814346
Edmonton,2025-04-05,0.6926605504587156,2.2981651376146788
Edmonton,2025-04-06,0.6904761904761905,2.066666666666667
Edmonton,2025-04-07,0.7013574660633484,2.3936651583710407
Edmonton,2025-04-08,0.7186147186147186,2.134199134199134
Edmonton,2025-04-09,0.7272727272727273,2.303030303030303
Edmonton,2025-04-10,0.6833333333333333,2.154166666666667
Edmonton,2025-04-11,0.7056277056277056,2.4588744588744587
Edmonton,2025-04-12,0.721030042918455,2.1759656652360513
Edmonton,2025-04-13,0.6621004566210046,1.8995433789954337
Edmonton,2025-04-14,0.6798245614035088,2.3464912280701755
Edmonton,2025-04-15,0.7053571428571429,2.2544642857142856
Edmonton,2025-04-16,0.695067264573991,2.273542600896861
Edmonton,2025-04-17,0.7297297297297297,2.4054054054054053
Edmonton,2025-04-18,0.7198275862068966,2.2586206896551726
Edmonton,2025-04-19,0.6566523605150214,2.0987124463519313
Edmonton,2025-04-20,0.6550218340611353,1.9039301310043668
Edmonton,2025-04-21,0.6614785992217899,1.821011673151751
Edmonton,2025-04-22,0.7205240174672489,2.558951965065502
Edmonton,2025-04-23,0.6428571428571429,2.1638655462184873
Edmonton,2025-04-24,0.70042194092827,2.523206751054852
Edmonton,2025-04-25,0.720164609053498,2.403292181069959
Edmonton,2025-04-26,0.7025862068965517,2.0172413793103448
Edmonton,2025-04-27,0.6828193832599119,1.9118942731277533
Edmonton,2025-04-28,0.665158371040724,2.3122171945701355
Edmonton,2025-04-29,0.6872246696035242,2.3788546255506606
Edmonton,2025-04-30,0.6771300448430493,2.233183856502242
Edmonton,2025-05-01,0.7092511013215859,2.299559471365639
Edmonton,2025-05-02,0.6666666666666666,2.2149122807017543
Edmonton,2025-05-03,0.6680851063829787,2.106382978723404
Edmonton,2025-05-04,0.6834862385321101,2.165137614678899
Edmonton,2025-05-05,0.6710526315789473,2.219298245614035
Edmonton,2025-05-06,0.6946902654867256,2.3849557522123894
Edmonton,2025-05-07,0.6755555555555556,2.3555555555555556
Edmonton,2025-05-08,0.7268722466960352,2.484581497797357
Edmonton,2025-05-09,0.7310924369747899,2.319327731092437
Edmonton,2025-05-10,0.7222222222222222,2.076923076923077
Edmonton,2025-05-11,0.6598360655737705,1.7581967213114753
Edmonton,2025-05-12,0.6626016260162602,2.2764227642276422
Edmonton,2025-05-13,0.6963562753036437,2.1093117408906883
Edmonton,2025-05-14,0.6747967479674797,1.9308943089430894
Edmonton,2025-05-15,0.6956521739130435,2.0948616600790513
Edmonton,2025-05-16,0.6833333333333333,2.35
Edmonton,2025-05-17,0.6497890295358649,1.9282700421940928
Edmonton,2025-05-18,0.6223175965665236,1.7682403433476395
Edmonton,2025-05-19,0.6398305084745762,1.7754237288135593
Edmonton,2025-05-20,0.6547619047619048,2.1865079365079363
Edmonton,2025-05-21,0.6553191489361702,2.046808510638298
Edmonton,2025-05-22,0.632,2.04
Edmonton,2025-05-23,0.6640316205533597,2.142292490118577
Edmonton,2025-05-24,0.7252747252747253,2.139194139194139
Edmonton,2025-05-25,0.6927710843373494,1.7349397590361446
Edmonton,2025-05-26,0.6957547169811321,1.884433962264151
Edmonton,2025-05-27,0.7270341207349081,2.199475065616798
Edmonton,2025-05-28,0.7435897435897436,2.2974358974358973
Edmonton,2025-05-29,0.7214912280701754,2.151315789473684
Edmonton,2025-05-30,0.6973995271867612,2.3735224586288415
Edmonton,2025-05-31,0.6936274509803921,2.0955882352941178
Edmonton,2025-06-01,0.6990049751243781,1.771144278606965
Edmonton,2025-06-02,0.7139479905437353,2.115839243498818
Edmonton,2025-06-03,0.7410926365795725,2.1900237529691213
Edmonton,2025-06-04,0.7368421052631579,2.180451127819549
Edmonton,2025-06-05,0.7358024691358025,2.2049382716049384
Edmonton,2025-06-06,0.755,2.375
Edmonton,2025-06-07,0.7441253263707572,2.185378590078329
Edmonton,2025-06-08,0.7493472584856397,1.885117493472585
Edmonton,2025-06-09,0.7364532019704434,2.165024630541872
Edmonton,2025-06-10,0.7209876543209877,2.2839506172839505
Edmonton,2025-06-11,0.7264367816091954,2.135632183908046
Edmonton,2025-06-12,0.723175965665236,2.0579399141630903
Edmonton,2025-06-13,0.7378435517970402,2.1691331923890065
Edmonton,2025-06-14,0.7062937062937062,2.0955710955710956
Edmonton,2025-06-15,0.7198177676537585,1.927107061503417
Edmonton,2025-06-16,0.7148760330578512,2.06198347107438
Edmonton,2025-06-17,0.7157057654075547,1.9980119284294235
Edmonton,2025-06-18,0.7148362235067437,2.102119460500963
Edmonton,2025-06-19,0.7127882599580713,2.1844863731656186
Edmonton,2025-06-20,0.7436974789915967,2.3172268907563027
Edmonton,2025-06-21,0.7278761061946902,2.0951327433628317
Edmonton,2025-06-22,0.6984126984126984,1.8412698412698412
Edmonton,2025-06-23,0.7100213219616205,2.115138592750533
Edmonton,2025-06-24,0.7024608501118568,2.0715883668903805
Edmonton,2025-06-25,0.7265469061876247,2.0419161676646707
Edmonton,2025-06-26,0.7209302325581395,2.211416490486258
Edmonton,2025-06-27,0.7297872340425532,2.227659574468085
Edmonton,2025-06-28,0.7240566037735849,2.1580188679245285
Edmonton,2025-06-29,0.711217183770883,1.9260143198090691
Edmonton,2025-06-30,0.727069351230425,2.1946308724832213
Edmonton,2025-07-01,0.6533066132264529,1.8657314629258517
Edmonton,2025-07-02,0.7262135922330097,2.095145631067961
Edmonton,2025-07-03,0.7325102880658436,2.207818930041152
Edmonton,2025-07-04,0.765625,2.4732142857142856
Edmonton,2025-07-05,0.7471264367816092,2.3080459770114943
Edmonton,2025-07-06,0.7093275488069414,1.6789587852494576
Edmonton,2025-07-07,0.7096774193548387,2.0129032258064514
Edmonton,2025-07-08,0.7095435684647303,2.176348547717842
Edmonton,2025-07-09,0.7045454545454546,2.231404958677686
Edmonton,2025-07-10,0.725531914893617,2.1595744680851063
Edmonton,2025-07-11,0.7312775330396476,2.314977973568282
Edmonton,2025-07-12,0.7005347593582888,2.1737967914438503
Edmonton,2025-07-13,0.7035928143712575,1.9940119760479043
Edmonton,2025-07-14,0.7044025157232704,2.091194968553459
Edmonton,2025-07-15,0.6989966555183946,2.237458193979933
Edmonton,2025-07-16,0.69,2.263333333333333
Edmonton,2025-07-17,0.7037037037037037,2.259259259259259
Edmonton,2025-07-18,0.6756756756756757,2.126126126126126
Edmonton,2025-07-19,0.6974063400576369,2.2910662824207493
Edmonton,2025-07-20,0.6656441717791411,1.8711656441717792
Edmonton,2025-07-21,0.6970684039087948,2.0846905537459284
Edmonton,2025-07-22,0.6935483870967742,2.3741935483870966
Edmonton,2025-07-23,0.6578947368421053,2.2434210526315788
Edmonton,2025-07-24,0.6611111111111111,2.0527777777777776
Edmonton,2025-07-25,0.676737160120846,2.193353474320242
Edmonton,2025-07-26,0.6866666666666666,2.276666666666667
Edmonton,2025-07-27,0.6656050955414012,2.082802547770701
Edmonton,2025-07-28,0.7115384615384616,2.4006410256410255
Edmonton,2025-07-29,0.6973684210526315,2.2697368421052633
Edmonton,2025-07-30,0.6943521594684385,2.1893687707641196
Edmonton,2025-07-31,0.6883561643835616,2.1815068493150687
Edmonton,2025-08-01,0.690625,2.14375
Edmonton,2025-08-02,0.6547619047619048,2.0297619047619047
Edmonton,2025-08-03,0.5853658536585366,1.7682926829268293
Edmonton,2025-08-04,0.6213592233009708,1.8640776699029127
Edmonton,2025-08-05,0.640625,2.1125
Edmonton,2025-08-06,0.6325301204819277,1.9789156626506024
Edmonton,2025-08-07,0.6788732394366197,1.9971830985915493
Edmonton,2025-08-08,0.6974063400576369,2.0662824207492796
Edmonton,2025-08-09,0.6788079470198676,2.096026490066225
Edmonton,2025-08-10,0.6635220125786163,1.9025157232704402
Edmonton,2025-08-11,0.6851851851851852,2.2314814814814814
Edmonton,2025-08-12,0.6739130434782609,2.0093167701863353
Edmonton,2025-08-13,0.6884735202492211,1.884735202492212
Edmonton,2025-08-14,0.6876971608832808,2.280757097791798
Edmonton,2025-08-15,0.7005988023952096,2.245508982035928
Edmonton,2025-08-16,0.6554878048780488,2.0792682926829267
Edmonton,2025-08-17,0.6211180124223602,1.7142857142857142
Edmonton,2025-08-18,0.6807909604519774,1.9435028248587571
Edmonton,2025-08-19,0.6840490797546013,2.2515337423312882
Edmonton,2025-08-20,0.6402439024390244,2.0640243902439024
Edmonton,2025-08-21,0.6730158730158731,2.234920634920635
Edmonton,2025-08-22,0.7013888888888888,2.2152777777777777
Edmonton,2025-08-23,0.635036496350365,2.113138686131387
Edmonton,2025-08-24,0.6642335766423357,1.905109489051095
Edmonton,2025-08-25,0.6829268292682927,2.163763066202091
Edmonton,2025-08-26,0.6734006734006734,2.0774410774410774
Edmonton,2025-08-27,0.6632996632996633,2.1178451178451176
Edmonton,2025-08-28,0.6449511400651465,2.1465798045602607
Edmonton,2025-08-29,0.7054794520547946,2.404109589041096
Edmonton,2025-08-30,0.6531986531986532,2.1818181818181817
Edmonton,2025-08-31,0.6594982078853047,2.086021505376344
Edmonton,2025-09-01,0.6537216828478964,1.773462783171521
Edmonton,2025-09-02,0.7095709570957096,2.4455445544554455
Edmonton,2025-09-03,0.6798679867986799,2.2442244224422443
Edmonton,2025-09-04,0.6955017301038062,2.508650519031142
Edmonton,2025-09-05,0.7397260273972602,2.6815068493150687
Edmonton,2025-09-06,0.6724137931034483,2.3448275862068964
Edmonton,2025-09-07,0.6704545454545454,1.9015151515151516
Edmonton,2025-09-08,0.7018181818181818,2.2945454545454544
Edmonton,2025-09-09,0.7105263157894737,2.345864661654135
Edmonton,2025-09-10,0.6782945736434108,2.3410852713178296
Edmonton,2025-09-11,0.7111913357400722,2.422382671480144
Edmonton,2025-09-12,0.7027972027972028,2.6713286713286712
Edmonton,2025-09-13,0.7133333333333334,2.4966666666666666
Edmonton,2025-09-14,0.6702508960573477,1.960573476702509
Edmonton,2025-09-15,0.6917293233082706,2.530075187969925
Edmonton,2025-09-16,0.6811594202898551,2.3079710144927534
Edmonton,2025-09-17,0.6842105263157895,2.308270676691729
Edmonton,2025-09-18,0.6996466431095406,2.431095406360424
Edmonton,2025-09-19,0.7093425605536332,2.5328719723183393
Edmonton,2025-09-20,0.696113074204947,2.3992932862190814
Edmonton,2025-09-21,0.6923076923076923,2.1172161172161172
Edmonton,2025-09-22,0.7328767123287672,2.482876712328767
Edmonton,2025-09-23,0.706081081081081,2.3074324324324325
Edmonton,2025-09-24,0.6925675675675675,2.449324324324324
Edmonton,2025-09-25,0.7157534246575342,2.4863013698630136
Edmonton,2025-09-26,0.6959459459459459,2.574324324324324
Edmonton,2025-09-27,0.7530864197530864,2.243827160493827
Edmonton,2025-09-28,0.7300275482093664,1.9201101928374655
Edmonton,2025-09-29,0.7539267015706806,2.2329842931937174
Edmonton,2025-09-30,0.7626666666666667,2.112
Edmonton,2025-10-01,0.7654867256637168,2.165929203539823
Edmonton,2025-10-02,0.8023032629558541,2.1343570057581576
Edmonton,2025-10-03,0.7993197278911565,2.17687074829932
Edmonton,2025-10-04,0.7910447761194029,2.033167495854063
Edmonton,2025-10-05,0.7894736842105263,1.9082706766917292
Edmonton,2025-10-06,0.7706043956043956,1.9505494505494505
Edmonton,2025-10-07,0.7581699346405228,2.0026143790849673
Edmonton,2025-10-08,0.7773386034255599,1.9644268774703557
Edmonton,2025-10-09,0.7840490797546013,1.9705521472392638
Edmonton,2025-10-10,0.7903225806451613,2.0893300248138957
Edmonton,2025-10-11,0.7984084880636605,1.9496021220159152
Edmonton,2025-10-12,0.7726657645466847,1.76319350473613
Edmonton,2025-10-13,0.794228356336261,1.6248431618569636
Edmonton,2025-10-14,0.7895927601809954,1.9570135746606334
Edmonton,2025-10-15,0.8,1.9469613259668508
Edmonton,2025-10-16,0.8089244851258581,1.9759725400457666
Edmonton,2025-10-17,0.7958950969213227,1.9794754846066134
Edmonton,2025-10-18,0.8122786304604487,2.0165289256198347
Edmonton,2025-10-19,0.7895953757225433,1.6843930635838151
Edmonton,2025-10-20,0.7965738758029979,1.911134903640257
Edmonton,2025-10-21,0.795959595959596,1.9464646464646465
Edmonton,2025-10-22,0.7979899497487437,1.815075376884422
Edmonton,2025-10-23,0.804953560371517,1.8844169246646028
Edmonton,2025-10-24,0.8038176033934252,2.039236479321315
Edmonton,2025-10-25,0.8040540540540541,1.9774774774774775
Edmonton,2025-10-26,0.8139013452914798,1.7847533632286996
Edmonton,2025-10-27,0.8038422649140546,1.9373104145601618
Edmonton,2025-10-28,0.8167487684729065,2.0216748768472907
Edmonton,2025-10-29,0.8151515151515152,1.981818181818182
Edmonton,2025-10-30,0.8128179043743642,1.972533062054934
Edmonton,2025-10-31,0.8150903294367694,2.259298618490967
Edmonton,2025-11-01,0.8083427282976324,1.947012401352875
Edmonton,2025-11-02,0.7910271546635183,1.7426210153482882
Edmonton,2025-11-03,0.791220556745182,1.9646680942184154
Edmonton,2025-11-04,0.8002125398512221,1.946865037194474
Edmonton,2025-11-05,0.8212809917355371,1.9431818181818181
Edmonton,2025-11-06,0.8006230529595015,1.9813084112149533
Edmonton,2025-11-07,0.8155650319829424,1.9797441364605544
Edmonton,2025-11-08,0.8302094818081588,1.9184123484013231
Edmonton,2025-11-09,0.8200883002207505,1.7770419426048565
Edmonton,2025-11-10,0.8299681190223167,2.0467587672688627
Edmonton,2025-11-11,0.8071895424836601,1.7254901960784315
Edmonton,2025-11-12,0.8269430051813471,2.0062176165803107
Edmonton,2025-11-13,0.8045738045738046,1.812889812889813
Edmonton,2025-11-14,0.8340122199592668,2.015274949083503
Edmonton,2025-11-15,0.8245614035087719,2.003095975232198
Edmonton,2025-11-16,0.8232931726907631,1.820281124497992
Edmonton,2025-11-17,0.819926873857404,1.9561243144424132
Edmonton,2025-11-18,0.8248888888888889,1.9902222222222221
Edmonton,2025-11-19,0.8195555555555556,1.9635555555555555
Edmonton,2025-11-20,0.8415492957746479,1.9867957746478873
Edmonton,2025-11-21,0.8282548476454293,2.041551246537396
Edmonton,2025-11-22,0.8278210116731517,1.9601167315175096
Edmonton,2025-11-23,0.8115799803729146,1.7419038272816487
Edmonton,2025-11-24,0.8262008733624454,1.8882096069868997
Edmonton,2025-11-25,0.8432574430823118,2.0288966725043784
Edmonton,2025-11-26,0.8215839860748477,1.9416884247171453
Edmonton,2025-11-27,0.8116591928251121,1.8744394618834082
Edmonton,2025-11-28,0.8246097337006428,2.0431588613406797
Edmonton,2025-11-29,0.811,1.844
Edmonton,2025-11-30,0.811377245508982,1.6506986027944113
Edmonton,2025-12-01,0.8075160403299725,2.0
Edmonton,2025-12-02,0.8283378746594006,1.9264305177111716
Edmonton,2025-12-03,0.8109869646182495,1.952513966480447
Edmonton,2025-12-04,0.8036866359447005,1.9327188940092166
Edmonton,2025-12-05,0.8148854961832062,2.0009541984732824
Edmonton,2025-12-06,0.8078108941418294,1.840698869475848
Edmonton,2025-12-07,0.801025641025641,1.6984615384615385
Edmonton,2025-12-08,0.7959183673469388,1.8089053803339519
Edmonton,2025-12-09,0.7996201329534662,1.855650522317189
Edmonton,2025-12-10,0.8037735849056604,1.8679245283018868
Edmonton,2025-12-11,0.8016917293233082,1.868421052631579
Edmonton,2025-12-12,0.8011869436201781,1.9485657764589515
Edmonton,2025-12-13,0.8036998972250771,1.8211716341212745
Edmonton,2025-12-14,0.8011928429423459,1.6371769383697814
Edmonton,2025-12-15,0.8083941605839416,1.8877737226277371
Edmonton,2025-12-16,0.8066248880931065,1.91047448522829
Edmonton,2025-12-17,0.7987191216834401,1.8170173833485819
Edmonton,2025-12-18,0.8071428571428572,1.84375
Edmonton,2025-12-19,0.8130155820348305,1.935838680109991
Edmonton,2025-12-20,0.8221797323135756,1.898661567877629
Edmonton,2025-12-21,0.8071359691417551,1.6962391513982642
Edmonton,2025-12-22,0.8223214285714285,1.9321428571428572
Edmonton,2025-12-23,0.8112488083889419,1.907530981887512
Edmonton,2025-12-24,0.8194297782470961,1.8215417106652587
Edmonton,2025-12-25,0.8132875143184422,1.438717067583047
Edmonton,2025-12-26,0.7955271565495208,1.7273695420660278
Edmonton,2025-12-27,0.7954790096878364,1.6630785791173304
Edmonton,2025-12-28,0.792016806722689,1.6827731092436975
Edmonton,2025-12-29,0.8115799803729146,1.8282630029440627
Edmonton,2025-12-30,0.8073394495412844,1.7716615698267075
Edmonton,2025-12-31,0.805111821086262,1.9254526091586794
Halifax,2023-01-01,0.9461077844311377,2.5089820359281436
Halifax,2023-01-02,0.9239766081871345,3.017543859649123
Halifax,2023-01-03,0.9378531073446328,3.401129943502825
Halifax,2023-01-04,0.9508196721311475,3.459016393442623
Halifax,2023-01-05,0.9621621621621622,3.1297297297297297
Halifax,2023-01-06,0.9485714285714286,3.6
Halifax,2023-01-07,0.9390243902439024,3.091463414634146
Halifax,2023-01-08,0.930379746835443,2.8734177215189876
Halifax,2023-01-09,0.9617834394904459,3.6496815286624202
Halifax,2023-01-10,0.9748427672955975,3.69811320754717
Halifax,2023-01-11,0.9532163742690059,3.3216374269005846
Halifax,2023-01-12,0.972972972972973,3.3783783783783785
Halifax,2023-01-13,0.9534883720930233,2.8488372093023258
Halifax,2023-01-14,0.949685534591195,2.849056603773585
Halifax,2023-01-15,0.9375,2.49375
Halifax,2023-01-16,0.9634146341463414,3.298780487804878
Halifax,2023-01-17,0.9590643274853801,3.210526315789474
Halifax,2023-01-18,0.9593023255813954,3.0813953488372094
Halifax,2023-01-19,0.9691358024691358,3.493827160493827
Halifax,2023-01-20,0.9341317365269461,3.059880239520958
Halifax,2023-01-21,0.9181286549707602,3.0760233918128654
Halifax,2023-01-22,0.9186046511627907,2.8372093023255816
Halifax,2023-01-23,0.9314285714285714,2.9771428571428573
Halifax,2023-01-24,0.9529411764705882,3.6823529411764704
Halifax,2023-01-25,0.949438202247191,3.2134831460674156
Halifax,2023-01-26,0.9595375722543352,3.0115606936416186
Halifax,2023-01-27,0.976878612716763,3.341040462427746
Halifax,2023-01-28,0.9534883720930233,2.953488372093023
Halifax,2023-01-29,0.9257142857142857,2.96
Halifax,2023-01-30,0.9367816091954023,3.293103448275862
Halifax,2023-01-31,0.936046511627907,3.5697674418604652
Halifax,2023-02-01,0.9285714285714286,3.208791208791209
Halifax,2023-02-02,0.93717277486911,3.356020942408377
Halifax,2023-02-03,0.9382022471910112,3.556179775280899
Halifax,2023-02-04,0.9281437125748503,2.461077844311377
Halifax,2023-02-05,0.9314285714285714,2.742857142857143
Halifax,2023-02-06,0.945054945054945,3.3956043956043955
Halifax,2023-02-07,0.9347826086956522,3.5543478260869565
Halifax,2023-02-08,0.9542857142857143,3.702857142857143
Halifax,2023-02-09,0.9491525423728814,3.615819209039548
Halifax,2023-02-10,0.9523809523809523,3.3511904761904763
Halifax,2023-02-11,0.9580838323353293,3.2994011976047903
Halifax,2023-02-12,0.9352941176470588,2.8294117647058825
Halifax,2023-02-13,0.930635838150289,3.3179190751445087
Halifax,2023-02-14,0.9397590361445783,3.174698795180723
Halifax,2023-02-15,0.9695121951219512,3.3048780487804876
Halifax,2023-02-16,0.9657142857142857,3.5428571428571427
Halifax,2023-02-17,0.9421965317919075,3.3236994219653178
Halifax,2023-02-18,0.9536423841059603,2.986754966887417
Halifax,2023-02-19,0.9533333333333334,3.12
Halifax,2023-02-20,0.9473684210526315,2.4078947368421053
Halifax,2023-02-21,0.9590643274853801,3.5789473684210527
Halifax,2023-02-22,0.9344262295081968,3.6939890710382515
Halifax,2023-02-23,0.9560439560439561,3.521978021978022
Halifax,2023-02-24,0.9418604651162791,2.9709302325581395
Halifax,2023-02-25,0.9588235294117647,3.0823529411764707
Halifax,2023-02-26,0.9461077844311377,2.8263473053892216
Halifax,2023-02-27,0.967741935483871,3.360215053763441
Halifax,2023-02-28,0.9528795811518325,3.575916230366492
Halifax,2023-03-01,0.9491525423728814,3.378531073446328
Halifax,2023-03-02,0.967032967032967,3.32967032967033
Halifax,2023-03-03,0.94375,3.075
Halifax,2023-03-04,0.9567901234567902,3.45679012345679
Halifax,2023-03-05,0.9440993788819876,3.0559006211180124
Halifax,2023-03-06,0.9668874172185431,3.4503311258278146
Halifax,2023-03-07,0.9700598802395209,3.4910179640718564
Halifax,2023-03-08,0.9503105590062112,3.1490683229813663
Halifax,2023-03-09,0.9869281045751634,3.450980392156863
Halifax,2023-03-10,0.9539473684210527,3.6315789473684212
Halifax,2023-03-11,0.9668874172185431,3.185430463576159
Halifax,2023-03-12,0.9506172839506173,2.419753086419753
Halifax,2023-03-13,0.9580838323353293,3.035928143712575
Halifax,2023-03-14,0.9710982658959537,2.8497109826589595
Halifax,2023-03-15,0.9805194805194806,3.142857142857143
Halifax,2023-03-16,0.9797297297297297,3.2027027027027026
Halifax,2023-03-17,0.9795918367346939,3.36734693877551
Halifax,2023-03-18,0.9705882352941176,2.948529411764706
Halifax,2023-03-19,0.9565217391304348,2.4782608695652173
Halifax,2023-03-20,0.9513888888888888,3.1458333333333335
Halifax,2023-03-21,0.9785714285714285,3.4
Halifax,2023-03-22,0.9708029197080292,3.3649635036496353
Halifax,2023-03-23,0.9795918367346939,3.4761904761904763
Halifax,2023-03-24,0.9640287769784173,3.0431654676258995
Halifax,2023-03-25,0.958041958041958,2.7552447552447554
Halifax,2023-03-26,0.9568345323741008,2.381294964028777
Halifax,2023-03-27,0.9708029197080292,3.065693430656934
Halifax,2023-03-28,0.9626865671641791,3.373134328358209
Halifax,2023-03-29,0.9562043795620438,3.3065693430656933
Halifax,2023-03-30,0.9571428571428572,3.414285714285714
Halifax,2023-03-31,0.9391891891891891,3.560810810810811
Halifax,2023-04-01,0.9305555555555556,2.6458333333333335
Halifax,2023-04-02,0.9642857142857143,2.6785714285714284
Halifax,2023-04-03,0.9513888888888888,2.9583333333333335
Halifax,2023-04-04,0.9716312056737588,3.397163120567376
Halifax,2023-04-05,0.9568345323741008,3.2302158273381294
Halifax,2023-04-06,0.94,3.2333333333333334
Halifax,2023-04-07,0.9375,2.5625
Halifax,2023-04-08,0.9375,3.21875
Halifax,2023-04-09,0.9765625,2.7109375
Halifax,2023-04-10,0.9562043795620438,3.3138686131386863
Halifax,2023-04-11,0.9731543624161074,3.6577181208053693
Halifax,2023-04-12,0.9657534246575342,3.363013698630137
Halifax,2023-04-13,0.9733333333333334,3.2733333333333334
Halifax,2023-04-14,0.948905109489051,3.3138686131386863
Halifax,2023-04-15,0.971830985915493,3.288732394366197
Halifax,2023-04-16,0.959731543624161,2.6241610738255035
Halifax,2023-04-17,0.9536423841059603,3.0860927152317883
Halifax,2023-04-18,0.959731543624161,3.5906040268456376
Halifax,2023-04-19,0.9666666666666667,3.5
Halifax,2023-04-20,0.9652777777777778,3.4791666666666665
Halifax,2023-04-21,0.9659863945578231,3.45578231292517
Halifax,2023-04-22,0.9411764705882353,3.5073529411764706
Halifax,2023-04-23,0.9603174603174603,3.3333333333333335
Halifax,2023-04-24,0.9624060150375939,3.593984962406015
Halifax,2023-04-25,0.9496402877697842,3.618705035971223
Halifax,2023-04-26,0.9705882352941176,3.573529411764706
Halifax,2023-04-27,0.9662162162162162,3.304054054054054
Halifax,2023-04-28,0.95,3.442857142857143
Halifax,2023-04-29,0.9473684210526315,3.0150375939849625
Halifax,2023-04-30,0.9436619718309859,3.063380281690141
Halifax,2023-05-01,0.9703703703703703,3.2888888888888888
Halifax,2023-05-02,0.9565217391304348,3.6594202898550723
Halifax,2023-05-03,0.9319727891156463,3.2176870748299318
Halifax,2023-05-04,0.9612903225806452,3.4064516129032256
Halifax,2023-05-05,0.9477611940298507,3.7686567164179103
Halifax,2023-05-06,0.9384615384615385,3.1153846153846154
Halifax,2023-05-07,0.9323308270676691,3.1578947368421053
Halifax,2023-05-08,0.9253731343283582,3.291044776119403
Halifax,2023-05-09,0.9452054794520548,3.5136986301369864
Halifax,2023-05-10,0.9716312056737588,3.524822695035461
Halifax,2023-05-11,0.9632352941176471,3.7720588235294117
Halifax,2023-05-12,0.935251798561151,3.676258992805755
Halifax,2023-05-13,0.9391891891891891,3.2837837837837838
Halifax,2023-05-14,0.9440559440559441,3.2797202797202796
Halifax,2023-05-15,0.9784172661870504,3.4820143884892087
Halifax,2023-05-16,0.96,3.493333333333333
Halifax,2023-05-17,0.9416058394160584,3.386861313868613
Halifax,2023-05-18,0.9432624113475178,3.4113475177304964
Halifax,2023-05-19,0.935064935064935,3.383116883116883
Halifax,2023-05-20,0.9185185185185185,3.0148148148148146
Halifax,2023-05-21,0.9323308270676691,2.706766917293233
Halifax,2023-05-22,0.9424460431654677,2.920863309352518
Halifax,2023-05-23,0.9487179487179487,3.801282051282051
Halifax,2023-05-24,0.9607843137254902,3.3594771241830066
Halifax,2023-05-25,0.9819277108433735,3.4036144578313254
Halifax,2023-05-26,0.9818181818181818,3.4545454545454546
Halifax,2023-05-27,0.9473684210526315,3.473684210526316
Halifax,2023-05-28,0.9607843137254902,2.843137254901961
Halifax,2023-05-29,0.9870967741935484,3.3096774193548386
Halifax,2023-05-30,0.9735099337748344,3.5099337748344372
Halifax,2023-05-31,0.9766081871345029,3.888888888888889
Halifax,2023-06-01,0.9683544303797469,3.9430379746835444
Halifax,2023-06-02,0.9575757575757575,3.824242424242424
Halifax,2023-06-03,0.968944099378882,3.2422360248447206
Halifax,2023-06-04,0.9324324324324325,2.7635135135135136
Halifax,2023-06-05,0.9685534591194969,3.2327044025157234
Halifax,2023-06-06,0.95625,3.33125
Halifax,2023-06-07,0.9761904761904762,3.3273809523809526
Halifax,2023-06-08,0.9885714285714285,3.1085714285714285
Halifax,2023-06-09,0.9815950920245399,3.9693251533742333
Halifax,2023-06-10,0.9629629629629629,3.537037037037037
Halifax,2023-06-11,0.975,3.475
Halifax,2023-06-12,0.9814814814814815,3.876543209876543
Halifax,2023-06-13,0.968944099378882,3.701863354037267
Halifax,2023-06-14,0.9536423841059603,3.251655629139073
Halifax,2023-06-15,0.95625,3.41875
Halifax,2023-06-16,0.9559748427672956,3.5157232704402515
Halifax,2023-06-17,0.9617834394904459,2.961783439490446
Halifax,2023-06-18,0.9512195121951219,2.3536585365853657
Halifax,2023-06-19,0.9631901840490797,3.4723926380368098
Halifax,2023-06-20,0.949685534591195,3.7044025157232703
Halifax,2023-06-21,0.9580838323353293,3.4191616766467066
Halifax,2023-06-22,0.9649122807017544,3.754385964912281
Halifax,2023-06-23,0.9707602339181286,3.9473684210526314
Halifax,2023-06-24,0.9553072625698324,3.1675977653631286
Halifax,2023-06-25,0.9558011049723757,2.5580110497237567
Halifax,2023-06-26,0.9578947368421052,2.9105263157894736
Halifax,2023-06-27,0.96,3.165714285714286
Halifax,2023-06-28,0.9644670050761421,2.883248730964467
Halifax,2023-06-29,0.96,3.04
Halifax,2023-06-30,0.9516129032258065,3.2311827956989245
Halifax,2023-07-01,0.9367816091954023,2.6666666666666665
Halifax,2023-07-02,0.945054945054945,2.565934065934066
Halifax,2023-07-03,0.964824120603015,2.6180904522613067
Halifax,2023-07-04,0.9639175257731959,3.1443298969072164
Halifax,2023-07-05,0.9593908629441624,2.7411167512690353
Halifax,2023-07-06,0.9625,3.7375
Halifax,2023-07-07,0.9470198675496688,3.6357615894039736
Halifax,2023-07-08,0.9395973154362416,2.9060402684563758
Halifax,2023-07-09,0.9367088607594937,2.810126582278481
Halifax,2023-07-10,0.9515151515151515,3.2484848484848485
Halifax,2023-07-11,0.967391304347826,2.875
Halifax,2023-07-12,0.9642857142857143,3.3095238095238093
Halifax,2023-07-13,0.9647058823529412,3.2411764705882353
Halifax,2023-07-14,0.9714285714285714,3.08
Halifax,2023-07-15,0.9523809523809523,2.941798941798942
Halifax,2023-07-16,0.9485714285714286,3.1142857142857143
Halifax,2023-07-17,0.9593023255813954,3.0755813953488373
Halifax,2023-07-18,0.9593023255813954,3.0232558139534884
Halifax,2023-07-19,0.9705882352941176,2.8872549019607843
Halifax,2023-07-20,0.947136563876652,2.7400881057268722
Halifax,2023-07-21,0.9326241134751773,2.6099290780141846
Halifax,2023-07-22,0.9227272727272727,2.940909090909091
Halifax,2023-07-23,0.9411764705882353,3.144385026737968
Halifax,2023-07-24,0.9712643678160919,3.735632183908046
Halifax,2023-07-25,0.946524064171123,3.7433155080213902
Halifax,2023-07-26,0.9696969696969697,3.757575757575758
Halifax,2023-07-27,0.9659090909090909,3.2045454545454546
Halifax,2023-07-28,0.9580838323353293,3.4850299401197606
Halifax,2023-07-29,0.9488636363636364,3.7443181818181817
Halifax,2023-07-30,0.9476744186046512,3.2325581395348837
Halifax,2023-07-31,0.9459459459459459,3.4864864864864864
Halifax,2023-08-01,0.9363057324840764,3.535031847133758
Halifax,2023-08-02,0.9933774834437086,3.2781456953642385
Halifax,2023-08-03,0.9617486338797814,3.185792349726776
Halifax,2023-08-04,0.9459459459459459,2.891891891891892
Halifax,2023-08-05,0.9473684210526315,2.229665071770335
Halifax,2023-08-06,0.9567901234567902,2.9753086419753085
Halifax,2023-08-07,0.9726775956284153,2.6448087431693987
Halifax,2023-08-08,0.9651741293532339,3.029850746268657
Halifax,2023-08-09,0.9705882352941176,2.9941176470588236
Halifax,2023-08-10,0.9880239520958084,3.4850299401197606
Halifax,2023-08-11,0.9613259668508287,2.657458563535912
Halifax,2023-08-12,0.99375,2.875
Halifax,2023-08-13,0.9547738693467337,2.592964824120603
Halifax,2023-08-14,0.9685863874345549,2.973821989528796
Halifax,2023-08-15,0.9567567567567568,3.2594594594594595
Halifax,2023-08-16,0.9542857142857143,3.1485714285714286
Halifax,2023-08-17,0.9578947368421052,3.294736842105263
Halifax,2023-08-18,0.9607843137254902,2.5049019607843137
Halifax,2023-08-19,0.9894179894179894,2.8835978835978837
Halifax,2023-08-20,0.9842105263157894,2.668421052631579
Halifax,2023-08-21,0.9635416666666666,2.96875
Halifax,2023-08-22,0.9602272727272727,3.6193181818181817
Halifax,2023-08-23,0.9705882352941176,3.2
Halifax,2023-08-24,0.967741935483871,3.4301075268817205
Halifax,2023-08-25,0.9576719576719577,2.894179894179894
Halifax,2023-08-26,0.9518716577540107,2.374331550802139
Halifax,2023-08-27,0.9523809523809523,2.6964285714285716
Halifax,2023-08-28,0.9693877551020408,2.7857142857142856
Halifax,2023-08-29,0.9681818181818181,3.0727272727272728
Halifax,2023-08-30,0.954954954954955,2.725225225225225
Halifax,2023-08-31,0.9354838709677419,3.0053763440860215
Halifax,2023-09-01,0.9529411764705882,3.541176470588235
Halifax,2023-09-02,0.9324324324324325,2.9864864864864864
Halifax,2023-09-03,0.9379310344827586,3.0965517241379312
Halifax,2023-09-04,0.9565217391304348,2.4161490683229814
Halifax,2023-09-05,0.9767441860465116,3.436046511627907
Halifax,2023-09-06,0.970873786407767,2.883495145631068
Halifax,2023-09-07,0.9455445544554455,3.1732673267326734
Halifax,2023-09-08,0.9483568075117371,3.6338028169014085
Halifax,2023-09-09,0.9494949494949495,2.9444444444444446
Halifax,2023-09-10,0.9427312775330396,2.5859030837004404
Halifax,2023-09-11,0.968609865470852,3.1390134529147984
Halifax,2023-09-12,0.9606299212598425,2.9881889763779528
Halifax,2023-09-13,0.9764705882352941,3.235294117647059
Halifax,2023-09-14,0.9632107023411371,2.668896321070234
Halifax,2023-09-15,0.9717314487632509,2.8409893992932864
Halifax,2023-09-16,0.9341085271317829,1.949612403100775
Halifax,2023-09-17,0.9608938547486033,2.5921787709497206
Halifax,2023-09-18,0.9840425531914894,3.1595744680851063
Halifax,2023-09-19,0.9808917197452229,3.3312101910828025
Halifax,2023-09-20,0.9541984732824428,2.969465648854962
Halifax,2023-09-21,0.9765625,3.2421875
Halifax,2023-09-22,0.967479674796748,3.3252032520325203
Halifax,2023-09-23,0.95,2.6333333333333333
Halifax,2023-09-24,0.9433962264150944,2.8679245283018866
Halifax,2023-09-25,0.9583333333333334,3.0166666666666666
Halifax,2023-09-26,0.9629629629629629,3.3851851851851853
Halifax,2023-09-27,0.9640287769784173,3.4532374100719423
Halifax,2023-09-28,0.9344262295081968,3.3852459016393444
Halifax,2023-09-29,0.9776119402985075,3.6343283582089554
Halifax,2023-09-30,0.9826086956521739,3.0869565217391304
Halifax,2023-10-01,0.9819819819819819,2.936936936936937
Halifax,2023-10-02,0.9619047619047619,3.085714285714286
Halifax,2023-10-03,0.9669421487603306,2.9917355371900825
Halifax,2023-10-04,0.9615384615384616,2.853846153846154
Halifax,2023-10-05,0.9432624113475178,3.0141843971631204
Halifax,2023-10-06,0.9310344827586207,3.089655172413793
Halifax,2023-10-07,0.9323308270676691,2.81203007518797
Halifax,2023-10-08,0.943089430894309,2.1951219512195124
Halifax,2023-10-09,0.9741379310344828,2.413793103448276
Halifax,2023-10-10,0.984251968503937,3.1968503937007875
Halifax,2023-10-11,1.0070921985815602,3.3333333333333335
Halifax,2023-10-12,0.9763779527559056,3.645669291338583
Halifax,2023-10-13,1.0,3.1594202898550723
Halifax,2023-10-14,0.9571428571428572,2.857142857142857
Halifax,2023-10-15,0.9583333333333334,2.475
Halifax,2023-10-16,0.9761904761904762,2.738095238095238
Halifax,2023-10-17,1.0,3.007751937984496
Halifax,2023-10-18,1.0,3.2481203007518795
Halifax,2023-10-19,0.9482758620689655,3.0086206896551726
Halifax,2023-10-20,0.9699248120300752,2.887218045112782
Halifax,2023-10-21,0.941747572815534,2.7281553398058254
Halifax,2023-10-22,0.9230769230769231,2.5494505494505493
Halifax,2023-10-23,0.9292929292929293,2.9292929292929295
Halifax,2023-10-24,0.9736842105263158,3.263157894736842
Halifax,2023-10-25,0.98989898989899,3.595959595959596
Halifax,2023-10-26,0.9826086956521739,3.773913043478261
Halifax,2023-10-27,0.9626168224299065,3.05607476635514
Halifax,2023-10-28,0.9611650485436893,3.320388349514563
Halifax,2023-10-29,0.941747572815534,2.621359223300971
Halifax,2023-10-30,0.9705882352941176,2.9019607843137254
Halifax,2023-10-31,0.9494949494949495,3.5454545454545454
Halifax,2023-11-01,0.9514563106796117,2.825242718446602
Halifax,2023-11-02,0.9823008849557522,3.327433628318584
Halifax,2023-11-03,0.9603960396039604,3.0792079207920793
Halifax,2023-11-04,0.967741935483871,3.193548387096774
Halifax,2023-11-05,0.9651162790697675,2.9069767441860463
Halifax,2023-11-06,0.9705882352941176,3.1470588235294117
Halifax,2023-11-07,0.9716981132075472,3.056603773584906
Halifax,2023-11-08,0.98989898989899,3.494949494949495
Halifax,2023-11-09,0.9578947368421052,3.5052631578947366
Halifax,2023-11-10,0.979381443298969,3.154639175257732
Halifax,2023-11-11,0.9659090909090909,2.784090909090909
Halifax,2023-11-12,0.9782608695652174,2.989130434782609
Halifax,2023-11-13,0.968421052631579,3.136842105263158
Halifax,2023-11-14,0.9345794392523364,2.822429906542056
Halifax,2023-11-15,0.9603960396039604,3.00990099009901
Halifax,2023-11-16,0.9405940594059405,2.98019801980198
Halifax,2023-11-17,0.9541284403669725,2.9541284403669725
Halifax,2023-11-18,0.9423076923076923,2.3653846153846154
Halifax,2023-11-19,0.9555555555555556,2.966666666666667
Halifax,2023-11-20,0.9666666666666667,2.688888888888889
Halifax,2023-11-21,0.9553571428571429,2.8660714285714284
Halifax,2023-11-22,0.9557522123893806,2.8053097345132745
Halifax,2023-11-23,0.9611650485436893,2.970873786407767
Halifax,2023-11-24,0.9541284403669725,3.0091743119266057
Halifax,2023-11-25,0.9494949494949495,2.808080808080808
Halifax,2023-11-26,0.9484536082474226,2.5051546391752577
Halifax,2023-11-27,0.9294117647058824,3.0588235294117645
Halifax,2023-11-28,0.9634146341463414,3.024390243902439
Halifax,2023-11-29,0.9540229885057471,2.942528735632184
Halifax,2023-11-30,0.9655172413793104,3.2873563218390807
Halifax,2023-12-01,0.9468085106382979,2.978723404255319
Halifax,2023-12-02,0.9390243902439024,2.8780487804878048
Halifax,2023-12-03,0.9560439560439561,2.857142857142857
Halifax,2023-12-04,0.967391304347826,2.8260869565217392
Halifax,2023-12-05,0.9789473684210527,3.210526315789474
Halifax,2023-12-06,0.9565217391304348,2.619565217391304
Halifax,2023-12-07,0.975609756097561,2.926829268292683
Halifax,2023-12-08,0.9358974358974359,3.0641025641025643
Halifax,2023-12-09,0.967032967032967,2.868131868131868
Halifax,2023-12-10,0.9456521739130435,2.652173913043478
Halifax,2023-12-11,0.9368421052631579,2.8421052631578947
Halifax,2023-12-12,0.9702970297029703,2.782178217821782
Halifax,2023-12-13,0.979381443298969,3.051546391752577
Halifax,2023-12-14,0.956989247311828,2.913978494623656
Halifax,2023-12-15,0.9574468085106383,3.276595744680851
Halifax,2023-12-16,0.9690721649484536,2.8247422680412373
Halifax,2023-12-17,0.9809523809523809,2.3523809523809525
Halifax,2023-12-18,0.9528301886792453,2.7547169811320753
Halifax,2023-12-19,0.9292929292929293,2.686868686868687
Halifax,2023-12-20,0.925531914893617,2.4574468085106385
Halifax,2023-12-21,0.9587628865979382,2.7422680412371134
Halifax,2023-12-22,0.9789473684210527,3.0736842105263156
Halifax,2023-12-23,0.9512195121951219,3.0609756097560976
Halifax,2023-12-24,0.9487179487179487,2.7051282051282053
Halifax,2023-12-25,0.9375,2.2125
Halifax,2023-12-26,0.9213483146067416,2.067415730337079
Halifax,2023-12-27,0.9473684210526315,2.736842105263158
Halifax,2023-12-28,0.97,2.59
Halifax,2023-12-29,0.96,2.7
Halifax,2023-12-30,0.9894736842105263,2.7157894736842105
Halifax,2023-12-31,0.96875,2.65625
Halifax,2024-01-01,0.9578947368421052,2.294736842105263
Halifax,2024-01-02,0.9555555555555556,3.066666666666667
Halifax,2024-01-03,0.9213483146067416,3.2134831460674156
Halifax,2024-01-04,0.9361702127659575,2.9893617021276597
Halifax,2024-01-05,0.9587628865979382,2.7010309278350517
Halifax,2024-01-06,0.9361702127659575,2.627659574468085
Halifax,2024-01-07,0.9285714285714286,2.122448979591837
Halifax,2024-01-08,0.9433962264150944,2.6037735849056602
Halifax,2024-01-09,0.9279279279279279,2.675675675675676
Halifax,2024-01-10,0.9090909090909091,2.3333333333333335
Halifax,2024-01-11,0.9183673469387755,2.8877551020408165
Halifax,2024-01-12,0.9595959595959596,3.1717171717171717
Halifax,2024-01-13,0.9444444444444444,2.588888888888889
Halifax,2024-01-14,0.9574468085106383,2.4468085106382977
Halifax,2024-01-15,0.9479166666666666,2.8333333333333335
Halifax,2024-01-16,0.9368421052631579,2.7157894736842105
Halifax,2024-01-17,0.9292929292929293,3.1414141414141414
Halifax,2024-01-18,0.9238095238095239,3.0952380952380953
Halifax,2024-01-19,0.9494949494949495,3.0606060606060606
Halifax,2024-01-20,0.93,2.7
Halifax,2024-01-21,0.9325842696629213,2.50561797752809
Halifax,2024-01-22,0.9587628865979382,2.865979381443299
Halifax,2024-01-23,0.9230769230769231,2.8131868131868134
Halifax,2024-01-24,0.9578947368421052,2.7157894736842105
Halifax,2024-01-25,0.9555555555555556,2.6666666666666665
Halifax,2024-01-26,0.9489795918367347,2.857142857142857
Halifax,2024-01-27,0.9278350515463918,2.731958762886598
Halifax,2024-01-28,0.9380530973451328,2.150442477876106
Halifax,2024-01-29,0.900990099009901,1.9207920792079207
Halifax,2024-01-30,0.9238095238095239,2.7904761904761903
Halifax,2024-01-31,0.9361702127659575,2.9574468085106385
Halifax,2024-02-01,0.9555555555555556,3.022222222222222
Halifax,2024-02-02,0.9431818181818182,2.9545454545454546
Halifax,2024-02-03,0.9629629629629629,2.45679012345679
Halifax,2024-02-04,0.9574468085106383,2.2872340425531914
Halifax,2024-02-05,0.8901098901098901,2.758241758241758
Halifax,2024-02-06,0.9387755102040817,3.1530612244897958
Halifax,2024-02-07,0.9306930693069307,2.8316831683168315
Halifax,2024-02-08,0.9191919191919192,3.0202020202020203
Halifax,2024-02-09,0.9473684210526315,2.8947368421052633
Halifax,2024-02-10,0.9375,2.9479166666666665
Halifax,2024-02-11,0.9537037037037037,2.509259259259259
Halifax,2024-02-12,0.9532710280373832,2.869158878504673
Halifax,2024-02-13,0.9473684210526315,2.982456140350877
Halifax,2024-02-14,0.9381443298969072,2.979381443298969
Halifax,2024-02-15,0.9325842696629213,3.157303370786517
Halifax,2024-02-16,0.9404761904761905,2.8214285714285716
Halifax,2024-02-17,0.9195402298850575,2.5402298850574714
Halifax,2024-02-18,0.9230769230769231,2.217948717948718
Halifax,2024-02-19,0.9090909090909091,2.3506493506493507
Halifax,2024-02-20,0.9452054794520548,3.219178082191781
Halifax,2024-02-21,0.9506172839506173,2.888888888888889
Halifax,2024-02-22,0.9764705882352941,2.8117647058823527
Halifax,2024-02-23,0.9662921348314607,3.0
Halifax,2024-02-24,0.9625,2.2375
Halifax,2024-02-25,0.9506172839506173,2.493827160493827
Halifax,2024-02-26,0.9156626506024096,2.674698795180723
Halifax,2024-02-27,0.9574468085106383,2.734042553191489
Halifax,2024-02-28,0.9239130434782609,3.097826086956522
Halifax,2024-02-29,0.9052631578947369,2.663157894736842
Halifax,2024-03-01,0.9294117647058824,2.823529411764706
Halifax,2024-03-02,0.9036144578313253,2.9518072289156625
Halifax,2024-03-03,0.9078947368421053,2.3026315789473686
Halifax,2024-03-04,0.9166666666666666,2.5238095238095237
Halifax,2024-03-05,0.9512195121951219,2.768292682926829
Halifax,2024-03-06,0.9176470588235294,2.623529411764706
Halifax,2024-03-07,0.945054945054945,2.6483516483516483
Halifax,2024-03-08,0.9456521739130435,3.0217391304347827
Halifax,2024-03-09,0.9195402298850575,2.9080459770114944
Halifax,2024-03-10,0.9135802469135802,2.567901234567901
Halifax,2024-03-11,0.9615384615384616,3.128205128205128
Halifax,2024-03-12,0.9629629629629629,3.234567901234568
Halifax,2024-03-13,0.9594594594594594,3.3378378378378377
Halifax,2024-03-14,0.96,3.3866666666666667
Halifax,2024-03-15,0.9879518072289156,3.072289156626506
Halifax,2024-03-16,0.9875,2.875
Halifax,2024-03-17,0.9518072289156626,2.3493975903614457
Halifax,2024-03-18,0.9318181818181818,3.1818181818181817
Halifax,2024-03-19,0.9325842696629213,2.9213483146067416
Halifax,2024-03-20,0.9659090909090909,3.25
Halifax,2024-03-21,0.9310344827586207,2.8850574712643677
Halifax,2024-03-22,0.9318181818181818,3.0681818181818183
Halifax,2024-03-23,0.9195402298850575,2.8620689655172415
Halifax,2024-03-24,0.9489795918367347,2.489795918367347
Halifax,2024-03-25,0.9473684210526315,3.0842105263157893
Halifax,2024-03-26,0.9387755102040817,2.836734693877551
Halifax,2024-03-27,0.9148936170212766,3.117021276595745
Halifax,2024-03-28,0.9285714285714286,3.0306122448979593
Halifax,2024-03-29,0.9310344827586207,2.103448275862069
Halifax,2024-03-30,0.9052631578947369,2.642105263157895
Halifax,2024-03-31,0.9130434782608695,2.0
Halifax,2024-04-01,0.9381443298969072,2.6907216494845363
Halifax,2024-04-02,0.9473684210526315,3.0105263157894737
Halifax,2024-04-03,0.9166666666666666,3.1666666666666665
Halifax,2024-04-04,0.9306930693069307,2.6831683168316833
Halifax,2024-04-05,0.9285714285714286,3.3979591836734695
Halifax,2024-04-06,0.8791208791208791,2.2527472527472527
Halifax,2024-04-07,0.9101123595505618,2.752808988764045
Halifax,2024-04-08,0.9021739130434783,3.217391304347826
Halifax,2024-04-09,0.925531914893617,2.893617021276596
Halifax,2024-04-10,0.9183673469387755,3.306122448979592
Halifax,2024-04-11,0.9285714285714286,2.7857142857142856
Halifax,2024-04-12,0.9340659340659341,2.659340659340659
Halifax,2024-04-13,0.9418604651162791,2.7093023255813953
Halifax,2024-04-14,0.926829268292683,2.6707317073170733
Halifax,2024-04-15,0.9456521739130435,3.217391304347826
Halifax,2024-04-16,0.956989247311828,2.838709677419355
Halifax,2024-04-17,0.9404761904761905,3.011904761904762
Halifax,2024-04-18,0.967032967032967,2.6923076923076925
Halifax,2024-04-19,0.956989247311828,2.7096774193548385
Halifax,2024-04-20,0.9594594594594594,3.108108108108108
Halifax,2024-04-21,0.891566265060241,2.5542168674698793
Halifax,2024-04-22,0.9080459770114943,2.2873563218390807
Halifax,2024-04-23,0.9555555555555556,2.8222222222222224
Halifax,2024-04-24,0.9438202247191011,3.2808988764044944
Halifax,2024-04-25,0.9431818181818182,3.090909090909091
Halifax,2024-04-26,0.9310344827586207,3.057471264367816
Halifax,2024-04-27,0.9583333333333334,2.7395833333333335
Halifax,2024-04-28,0.8888888888888888,2.7888888888888888
Halifax,2024-04-29,0.9333333333333333,2.688888888888889
Halifax,2024-04-30,0.9325842696629213,3.2247191011235956
Halifax,2024-05-01,0.9247311827956989,3.4193548387096775
Halifax,2024-05-02,0.9390243902439024,3.158536585365854
Halifax,2024-05-03,0.9176470588235294,2.8588235294117648
Halifax,2024-05-04,0.9333333333333333,2.688888888888889
Halifax,2024-05-05,0.9166666666666666,2.238095238095238
Halifax,2024-05-06,0.8888888888888888,2.8222222222222224
Halifax,2024-05-07,0.9204545454545454,2.897727272727273
Halifax,2024-05-08,0.9113924050632911,2.8987341772151898
Halifax,2024-05-09,0.9222222222222223,3.1555555555555554
Halifax,2024-05-10,0.9120879120879121,3.131868131868132
Halifax,2024-05-11,0.8823529411764706,2.788235294117647
Halifax,2024-05-12,0.8552631578947368,2.8815789473684212
Halifax,2024-05-13,0.9042553191489362,3.117021276595745
Halifax,2024-05-14,0.9263157894736842,3.6210526315789475
Halifax,2024-05-15,0.8990825688073395,3.238532110091743
Halifax,2024-05-16,0.90625,2.8958333333333335
Halifax,2024-05-17,0.9484536082474226,2.804123711340206
Halifax,2024-05-18,0.9466666666666667,3.1066666666666665
Halifax,2024-05-19,0.9295774647887324,2.676056338028169
Halifax,2024-05-20,0.925,2.625
Halifax,2024-05-21,0.9504950495049505,2.871287128712871
Halifax,2024-05-22,0.946236559139785,3.2903225806451615
Halifax,2024-05-23,0.9239130434782609,3.347826086956522
Halifax,2024-05-24,0.9651162790697675,3.127906976744186
Halifax,2024-05-25,0.9390243902439024,2.6341463414634148
Halifax,2024-05-26,0.927710843373494,2.9397590361445785
Halifax,2024-05-27,0.9318181818181818,3.340909090909091
Halifax,2024-05-28,0.9428571428571428,2.8142857142857145
Halifax,2024-05-29,0.9016393442622951,3.2131147540983607
Halifax,2024-05-30,0.9538461538461539,3.0
Halifax,2024-05-31,0.9736842105263158,2.8947368421052633
Halifax,2024-06-01,0.9242424242424242,2.787878787878788
Halifax,2024-06-02,0.9305555555555556,2.2777777777777777
Halifax,2024-06-03,0.9342105263157895,3.0789473684210527
Halifax,2024-06-04,0.926829268292683,3.426829268292683
Halifax,2024-06-05,0.9534883720930233,3.8372093023255816
Halifax,2024-06-06,0.9381443298969072,3.3608247422680413
Halifax,2024-06-07,0.975609756097561,3.402439024390244
Halifax,2024-06-08,0.9540229885057471,2.574712643678161
Halifax,2024-06-09,0.9240506329113924,2.392405063291139
Halifax,2024-06-10,0.9666666666666667,2.8
Halifax,2024-06-11,0.9368421052631579,3.4
Halifax,2024-06-12,0.978021978021978,3.5934065934065935
Halifax,2024-06-13,0.968421052631579,3.6842105263157894
Halifax,2024-06-14,1.0,3.962962962962963
Halifax,2024-06-15,0.9540229885057471,2.942528735632184
Halifax,2024-06-16,0.9382716049382716,2.5185185185185186
Halifax,2024-06-17,0.9072164948453608,3.0721649484536084
Halifax,2024-06-18,0.9310344827586207,3.310344827586207
Halifax,2024-06-19,0.94,3.41
Halifax,2024-06-20,0.9270833333333334,3.1041666666666665
Halifax,2024-06-21,0.9252336448598131,2.94392523364486
Halifax,2024-06-22,0.9489795918367347,3.173469387755102
Halifax,2024-06-23,0.9464285714285714,2.6875
Halifax,2024-06-24,0.9357798165137615,2.7339449541284404
Halifax,2024-06-25,0.9534883720930233,3.3488372093023258
Halifax,2024-06-26,0.9595959595959596,3.4646464646464645
Halifax,2024-06-27,0.9622641509433962,2.5943396226415096
Halifax,2024-06-28,0.9702970297029703,2.9603960396039604
Halifax,2024-06-29,0.9238095238095239,2.4285714285714284
Halifax,2024-06-30,0.9553571428571429,2.375
Halifax,2024-07-01,0.9823008849557522,2.584070796460177
Halifax,2024-07-02,0.9826086956521739,3.034782608695652
Halifax,2024-07-03,0.9489795918367347,2.7346938775510203
Halifax,2024-07-04,0.9716981132075472,3.0377358490566038
Halifax,2024-07-05,1.00990099009901,2.732673267326733
Halifax,2024-07-06,0.954954954954955,2.3783783783783785
Halifax,2024-07-07,0.9316239316239316,2.299145299145299
Halifax,2024-07-08,0.9669421487603306,3.041322314049587
Halifax,2024-07-09,0.9629629629629629,2.8425925925925926
Halifax,2024-07-10,0.9435483870967742,2.7661290322580645
Halifax,2024-07-11,0.920863309352518,2.7338129496402876
Halifax,2024-07-12,0.944954128440367,2.981651376146789
Halifax,2024-07-13,0.956140350877193,3.026315789473684
Halifax,2024-07-14,0.9223300970873787,3.058252427184466
Halifax,2024-07-15,0.963963963963964,3.1981981981981984
Halifax,2024-07-16,0.975609756097561,3.5284552845528454
Halifax,2024-07-17,0.9398496240601504,2.7518796992481205
Halifax,2024-07-18,0.9555555555555556,2.962962962962963
Halifax,2024-07-19,0.9411764705882353,3.264705882352941
Halifax,2024-07-20,0.9381443298969072,3.0721649484536084
Halifax,2024-07-21,0.9375,3.0
Halifax,2024-07-22,0.9387755102040817,2.7755102040816326
Halifax,2024-07-23,0.9661016949152542,3.1186440677966103
Halifax,2024-07-24,0.9026548672566371,3.0265486725663715
Halifax,2024-07-25,0.9375,3.234375
Halifax,2024-07-26,0.9016393442622951,3.2868852459016393
Halifax,2024-07-27,0.9081632653061225,2.9081632653061225
Halifax,2024-07-28,0.9375,2.8482142857142856
Halifax,2024-07-29,0.921875,2.984375
Halifax,2024-07-30,0.9863013698630136,2.993150684931507
Halifax,2024-07-31,0.9224806201550387,3.0852713178294575
Halifax,2024-08-01,0.9436619718309859,2.8732394366197185
Halifax,2024-08-02,0.968503937007874,2.6929133858267718
Halifax,2024-08-03,1.0066225165562914,2.6953642384105962
Halifax,2024-08-04,0.9655172413793104,2.3793103448275863
Halifax,2024-08-05,0.9274193548387096,2.2983870967741935
Halifax,2024-08-06,0.9411764705882353,2.803921568627451
Halifax,2024-08-07,0.9571428571428572,2.7142857142857144
Halifax,2024-08-08,0.9256756756756757,2.75
Halifax,2024-08-09,0.9529411764705882,2.2294117647058824
Halifax,2024-08-10,0.9477124183006536,2.4901960784313726
Halifax,2024-08-11,0.9473684210526315,2.6140350877192984
Halifax,2024-08-12,0.9504132231404959,2.5702479338842976
Halifax,2024-08-13,0.9473684210526315,2.518796992481203
Halifax,2024-08-14,0.9398496240601504,2.7518796992481205
Halifax,2024-08-15,0.9385964912280702,3.280701754385965
Halifax,2024-08-16,0.9732142857142857,3.3035714285714284
Halifax,2024-08-17,0.944954128440367,2.9357798165137616
Halifax,2024-08-18,0.9354838709677419,2.435483870967742
Halifax,2024-08-19,0.9307692307692308,2.8384615384615386
Halifax,2024-08-20,0.9310344827586207,3.1724137931034484
Halifax,2024-08-21,0.944954128440367,3.6605504587155964
Halifax,2024-08-22,0.9298245614035088,3.675438596491228
Halifax,2024-08-23,0.9652173913043478,3.5217391304347827
Halifax,2024-08-24,0.9494949494949495,2.95959595959596
Halifax,2024-08-25,0.9468085106382979,2.734042553191489
Halifax,2024-08-26,0.9259259259259259,3.175925925925926
Halifax,2024-08-27,0.9357798165137615,3.073394495412844
Halifax,2024-08-28,0.9642857142857143,3.6607142857142856
Halifax,2024-08-29,0.9652173913043478,3.8
Halifax,2024-08-30,0.9672131147540983,3.401639344262295
Halifax,2024-08-31,0.9814814814814815,3.6203703703703702
Halifax,2024-09-01,0.943089430894309,2.975609756097561
Halifax,2024-09-02,0.9207920792079208,2.277227722772277
Halifax,2024-09-03,0.9298245614035088,3.543859649122807
Halifax,2024-09-04,0.9316239316239316,3.017094017094017
Halifax,2024-09-05,0.953125,3.4453125
Halifax,2024-09-06,0.9615384615384616,2.9692307692307693
Halifax,2024-09-07,0.9669421487603306,2.5785123966942147
Halifax,2024-09-08,0.954954954954955,2.5315315315315314
Halifax,2024-09-09,0.9672131147540983,3.2868852459016393
Halifax,2024-09-10,1.0,2.9851851851851854
Halifax,2024-09-11,0.9369369369369369,3.144144144144144
Halifax,2024-09-12,0.9557522123893806,3.079646017699115
Halifax,2024-09-13,0.9553571428571429,3.017857142857143
Halifax,2024-09-14,0.9411764705882353,2.696078431372549
Halifax,2024-09-15,0.9166666666666666,2.3229166666666665
Halifax,2024-09-16,0.9381443298969072,3.329896907216495
Halifax,2024-09-17,0.968421052631579,2.8210526315789473
Halifax,2024-09-18,0.9519230769230769,2.9615384615384617
Halifax,2024-09-19,0.9411764705882353,3.715686274509804
Halifax,2024-09-20,0.9306930693069307,3.485148514851485
Halifax,2024-09-21,0.9339622641509434,2.858490566037736
Halifax,2024-09-22,0.95,2.72
Halifax,2024-09-23,0.9619047619047619,3.1142857142857143
Halifax,2024-09-24,0.9694656488549618,2.7938931297709924
Halifax,2024-09-25,0.9666666666666667,3.066666666666667
Halifax,2024-09-26,1.0,2.5294117647058822
Halifax,2024-09-27,0.9856115107913669,2.58273381294964
Halifax,2024-09-28,0.9340659340659341,2.879120879120879
Halifax,2024-09-29,0.9425287356321839,2.7471264367816093
Halifax,2024-09-30,0.9175257731958762,2.6082474226804124
Halifax,2024-10-01,0.9596774193548387,3.129032258064516
Halifax,2024-10-02,0.9298245614035088,3.263157894736842
Halifax,2024-10-03,0.9327731092436975,2.9747899159663866
Halifax,2024-10-04,0.9338842975206612,2.958677685950413
Halifax,2024-10-05,0.9029126213592233,2.233009708737864
Halifax,2024-10-06,0.9279279279279279,2.2972972972972974
Halifax,2024-10-07,0.9285714285714286,2.4642857142857144
Halifax,2024-10-08,0.9517241379310345,2.6344827586206896
Halifax,2024-10-09,0.9716312056737588,2.7092198581560285
Halifax,2024-10-10,0.9538461538461539,2.8692307692307693
Halifax,2024-10-11,0.9921259842519685,3.1338582677165356
Halifax,2024-10-12,0.9292035398230089,2.415929203539823
Halifax,2024-10-13,0.9245283018867925,2.6037735849056602
Halifax,2024-10-14,0.9180327868852459,2.0163934426229506
Halifax,2024-10-15,0.9369369369369369,3.126126126126126
Halifax,2024-10-16,0.9741379310344828,3.0775862068965516
Halifax,2024-10-17,0.9393939393939394,3.4242424242424243
Halifax,2024-10-18,0.9791666666666666,2.8333333333333335
Halifax,2024-10-19,0.9259259259259259,3.074074074074074
Halifax,2024-10-20,0.9213483146067416,2.5842696629213484
Halifax,2024-10-21,0.9340659340659341,2.912087912087912
Halifax,2024-10-22,0.9509803921568627,3.1372549019607843
Halifax,2024-10-23,0.9375,3.3645833333333335
Halifax,2024-10-24,0.941747572815534,2.912621359223301
Halifax,2024-10-25,0.959349593495935,2.9186991869918697
Halifax,2024-10-26,0.9479166666666666,2.53125
Halifax,2024-10-27,0.945054945054945,2.6263736263736264
Halifax,2024-10-28,0.9484536082474226,3.0927835051546393
Halifax,2024-10-29,0.9444444444444444,3.1666666666666665
Halifax,2024-10-30,0.9325842696629213,3.2134831460674156
Halifax,2024-10-31,0.9603960396039604,3.603960396039604
Halifax,2024-11-01,0.9278350515463918,3.0309278350515463
Halifax,2024-11-02,0.9418604651162791,2.9767441860465116
Halifax,2024-11-03,0.9550561797752809,2.640449438202247
Halifax,2024-11-04,0.9139784946236559,3.10752688172043
Halifax,2024-11-05,0.9431818181818182,2.8863636363636362
Halifax,2024-11-06,0.9148936170212766,3.1808510638297873
Halifax,2024-11-07,0.8979591836734694,3.1020408163265305
Halifax,2024-11-08,0.896551724137931,2.8620689655172415
Halifax,2024-11-09,0.8933333333333333,3.013333333333333
Halifax,2024-11-10,0.8987341772151899,2.632911392405063
Halifax,2024-11-11,0.8875,1.8875
Halifax,2024-11-12,0.963855421686747,3.3373493975903616
Halifax,2024-11-13,0.9069767441860465,2.86046511627907
Halifax,2024-11-14,0.9518072289156626,2.9518072289156625
Halifax,2024-11-15,0.9156626506024096,2.8072289156626504
Halifax,2024-11-16,0.9125,2.7625
Halifax,2024-11-17,0.9230769230769231,2.5714285714285716
Halifax,2024-11-18,0.9634146341463414,2.975609756097561
Halifax,2024-11-19,0.9425287356321839,3.2988505747126435
Halifax,2024-11-20,0.9285714285714286,2.988095238095238
Halifax,2024-11-21,0.9285714285714286,3.4523809523809526
Halifax,2024-11-22,0.925,3.5125
Halifax,2024-11-23,0.9764705882352941,2.823529411764706
Halifax,2024-11-24,0.9342105263157895,3.210526315789474
Halifax,2024-11-25,0.9222222222222223,2.9555555555555557
Halifax,2024-11-26,0.9166666666666666,2.9404761904761907
Halifax,2024-11-27,0.9333333333333333,3.022222222222222
Halifax,2024-11-28,0.9047619047619048,3.2857142857142856
Halifax,2024-11-29,0.9156626506024096,3.144578313253012
Halifax,2024-11-30,0.9473684210526315,3.039473684210526
Halifax,2024-12-01,0.92,2.5733333333333333
Halifax,2024-12-02,0.927710843373494,3.0481927710843375
Halifax,2024-12-03,0.926829268292683,2.6097560975609757
Halifax,2024-12-04,0.925,2.775
Halifax,2024-12-05,0.926829268292683,2.6219512195121952
Halifax,2024-12-06,0.9340659340659341,2.3956043956043955
Halifax,2024-12-07,0.8888888888888888,2.617283950617284
Halifax,2024-12-08,0.9342105263157895,2.289473684210526
Halifax,2024-12-09,0.961038961038961,2.5324675324675323
Halifax,2024-12-10,0.9565217391304348,2.9420289855072466
Halifax,2024-12-11,0.92,2.5866666666666664
Halifax,2024-12-12,0.8947368421052632,2.8157894736842106
Halifax,2024-12-13,0.9315068493150684,2.8493150684931505
Halifax,2024-12-14,0.9295774647887324,2.619718309859155
Halifax,2024-12-15,0.9324324324324325,2.22972972972973
Halifax,2024-12-16,0.9436619718309859,2.8309859154929575
Halifax,2024-12-17,0.9473684210526315,2.5789473684210527
Halifax,2024-12-18,0.9404761904761905,2.6666666666666665
Halifax,2024-12-19,0.9529411764705882,2.847058823529412
Halifax,2024-12-20,0.9565217391304348,2.7717391304347827
Halifax,2024-12-21,0.8536585365853658,2.451219512195122
Halifax,2024-12-22,0.8928571428571429,2.9404761904761907
Halifax,2024-12-23,0.9411764705882353,3.1882352941176473
Halifax,2024-12-24,0.8857142857142857,2.8142857142857145
Halifax,2024-12-25,0.9253731343283582,2.044776119402985
Halifax,2024-12-26,0.8904109589041096,2.1506849315068495
Halifax,2024-12-27,0.935064935064935,2.727272727272727
Halifax,2024-12-28,0.9047619047619048,2.738095238095238
Halifax,2024-12-29,0.9066666666666666,2.68
Halifax,2024-12-30,0.9428571428571428,2.7285714285714286
Halifax,2024-12-31,0.9375,2.5875
Halifax,2025-01-01,0.92,1.96
Halifax,2025-01-02,0.9382716049382716,2.5308641975308643
Halifax,2025-01-03,0.9705882352941176,3.1911764705882355
Halifax,2025-01-04,0.9459459459459459,2.3783783783783785
Halifax,2025-01-05,0.9264705882352942,2.411764705882353
Halifax,2025-01-06,0.9411764705882353,2.4705882352941178
Halifax,2025-01-07,0.9404761904761905,2.369047619047619
Halifax,2025-01-08,0.9210526315789473,2.6052631578947367
Halifax,2025-01-09,0.9459459459459459,2.689189189189189
Halifax,2025-01-10,0.9436619718309859,2.5211267605633805
Halifax,2025-01-11,0.890625,2.4375
Halifax,2025-01-12,0.9310344827586207,2.1724137931034484
Halifax,2025-01-13,0.9428571428571428,2.7142857142857144
Halifax,2025-01-14,0.9047619047619048,2.3492063492063493
Halifax,2025-01-15,0.9411764705882353,2.5686274509803924
Halifax,2025-01-16,0.9038461538461539,2.5
Halifax,2025-01-17,0.875,2.375
Halifax,2025-01-18,0.8627450980392157,2.4705882352941178
Halifax,2025-01-19,0.8421052631578947,2.4035087719298245
Halifax,2025-01-20,0.8793103448275862,2.206896551724138
Halifax,2025-01-21,0.8823529411764706,2.3529411764705883
Halifax,2025-01-22,0.9104477611940298,2.5522388059701493
Halifax,2025-01-23,0.9102564102564102,2.576923076923077
Halifax,2025-01-24,0.92,2.6
Halifax,2025-01-25,0.9420289855072463,2.739130434782609
Halifax,2025-01-26,0.9230769230769231,2.4923076923076923
Halifax,2025-01-27,0.9264705882352942,2.6176470588235294
Halifax,2025-01-28,0.9166666666666666,2.3333333333333335
Halifax,2025-01-29,0.927536231884058,2.652173913043478
Halifax,2025-01-30,0.9344262295081968,2.7704918032786887
Halifax,2025-01-31,0.9552238805970149,2.8805970149253732
Halifax,2025-02-01,0.9384615384615385,2.769230769230769
Halifax,2025-02-02,0.9420289855072463,2.4927536231884058
Halifax,2025-02-03,0.9420289855072463,2.652173913043478
Halifax,2025-02-04,0.9436619718309859,2.8028169014084505
Halifax,2025-02-05,0.927536231884058,2.6956521739130435
Halifax,2025-02-06,0.9090909090909091,2.287878787878788
Halifax,2025-02-07,0.9516129032258065,3.225806451612903
Halifax,2025-02-08,0.9104477611940298,2.611940298507463
Halifax,2025-02-09,0.918918918918919,1.9189189189189189
Halifax,2025-02-10,0.9404761904761905,2.5952380952380953
Halifax,2025-02-11,0.9506172839506173,2.8641975308641974
Halifax,2025-02-12,0.8857142857142857,3.085714285714286
Halifax,2025-02-13,0.922077922077922,2.5454545454545454
Halifax,2025-02-14,0.8939393939393939,2.727272727272727
Halifax,2025-02-15,0.9066666666666666,1.88
Halifax,2025-02-16,0.9117647058823529,2.0588235294117645
Halifax,2025-02-17,0.8983050847457628,2.559322033898305
Halifax,2025-02-18,0.8939393939393939,2.8484848484848486
Halifax,2025-02-19,0.9649122807017544,2.9649122807017543
Halifax,2025-02-20,0.9545454545454546,2.196969696969697
Halifax,2025-02-21,0.9682539682539683,2.7142857142857144
Halifax,2025-02-22,0.9166666666666666,2.316666666666667
Halifax,2025-02-23,0.9245283018867925,2.7169811320754715
Halifax,2025-02-24,0.9516129032258065,2.9838709677419355
Halifax,2025-02-25,0.9459459459459459,2.554054054054054
Halifax,2025-02-26,0.9583333333333334,2.4583333333333335
Halifax,2025-02-27,0.9264705882352942,2.5588235294117645
Halifax,2025-02-28,0.9305555555555556,2.6805555555555554
Halifax,2025-03-01,0.9393939393939394,2.5757575757575757
Halifax,2025-03-02,0.9552238805970149,2.417910447761194
Halifax,2025-03-03,0.9315068493150684,2.6027397260273974
Halifax,2025-03-04,0.9342105263157895,2.723684210526316
Halifax,2025-03-05,0.9615384615384616,2.8076923076923075
Halifax,2025-03-06,0.9113924050632911,2.3164556962025316
Halifax,2025-03-07,0.9459459459459459,2.7567567567567566
Halifax,2025-03-08,0.9090909090909091,2.4393939393939394
Halifax,2025-03-09,0.9180327868852459,2.278688524590164
Halifax,2025-03-10,0.9428571428571428,2.2714285714285714
Halifax,2025-03-11,0.9365079365079365,2.3968253968253967
Halifax,2025-03-12,0.9523809523809523,2.9206349206349205
Halifax,2025-03-13,0.9558823529411765,2.75
Halifax,2025-03-14,0.948051948051948,2.3896103896103895
Halifax,2025-03-15,0.9166666666666666,2.5277777777777777
Halifax,2025-03-16,0.9090909090909091,2.303030303030303
Halifax,2025-03-17,0.9577464788732394,2.7746478873239435
Halifax,2025-03-18,0.9642857142857143,2.7857142857142856
Halifax,2025-03-19,0.9154929577464789,2.619718309859155
Halifax,2025-03-20,0.8970588235294118,2.4558823529411766
Halifax,2025-03-21,0.8985507246376812,2.5072463768115942
Halifax,2025-03-22,0.9122807017543859,2.824561403508772
Halifax,2025-03-23,0.9411764705882353,2.0
Halifax,2025-03-24,0.92,2.493333333333333
Halifax,2025-03-25,0.9452054794520548,2.8493150684931505
Halifax,2025-03-26,0.9166666666666666,2.736111111111111
Halifax,2025-03-27,0.9473684210526315,3.039473684210526
Halifax,2025-03-28,0.9558823529411765,3.3088235294117645
Halifax,2025-03-29,0.8970588235294118,2.6323529411764706
Halifax,2025-03-30,0.9041095890410958,2.5205479452054793
Halifax,2025-03-31,0.9090909090909091,2.792207792207792
Halifax,2025-04-01,0.9315068493150684,2.73972602739726
Halifax,2025-04-02,0.9518072289156626,2.9036144578313254
Halifax,2025-04-03,0.9382716049382716,3.308641975308642
Halifax,2025-04-04,0.9285714285714286,3.25
Halifax,2025-04-05,0.9285714285714286,2.9714285714285715
Halifax,2025-04-06,0.9016393442622951,2.6721311475409837
Halifax,2025-04-07,0.8941176470588236,2.388235294117647
Halifax,2025-04-08,0.8831168831168831,2.7012987012987013
Halifax,2025-04-09,0.9210526315789473,3.3552631578947367
Halifax,2025-04-10,0.9176470588235294,2.988235294117647
Halifax,2025-04-11,0.9,3.45
Halifax,2025-04-12,0.8648648648648649,2.810810810810811
Halifax,2025-04-13,0.935064935064935,2.220779220779221
Halifax,2025-04-14,0.9534883720930233,2.7325581395348837
Halifax,2025-04-15,0.9404761904761905,3.2857142857142856
Halifax,2025-04-16,0.975609756097561,2.707317073170732
Halifax,2025-04-17,0.9577464788732394,3.3380281690140845
Halifax,2025-04-18,0.9,2.1857142857142855
Halifax,2025-04-19,0.921875,2.8125
Halifax,2025-04-20,0.9193548387096774,2.064516129032258
Halifax,2025-04-21,0.927710843373494,2.4457831325301207
Halifax,2025-04-22,0.9315068493150684,2.767123287671233
Halifax,2025-04-23,0.9565217391304348,2.9130434782608696
Halifax,2025-04-24,0.9315068493150684,2.7534246575342465
Halifax,2025-04-25,0.935064935064935,3.090909090909091
Halifax,2025-04-26,0.918918918918919,2.324324324324324
Halifax,2025-04-27,0.9565217391304348,2.2318840579710146
Halifax,2025-04-28,0.975,2.9875
Halifax,2025-04-29,0.9459459459459459,2.945945945945946
Halifax,2025-04-30,0.935064935064935,3.0259740259740258
Halifax,2025-05-01,0.9420289855072463,3.2028985507246377
Halifax,2025-05-02,0.9,3.0375
Halifax,2025-05-03,0.8873239436619719,3.028169014084507
Halifax,2025-05-04,0.8857142857142857,2.5428571428571427
Halifax,2025-05-05,0.9142857142857143,3.3857142857142857
Halifax,2025-05-06,0.9285714285714286,3.2857142857142856
Halifax,2025-05-07,0.9024390243902439,3.1097560975609757
Halifax,2025-05-08,0.9375,3.3375
Halifax,2025-05-09,0.9523809523809523,3.2261904761904763
Halifax,2025-05-10,0.9078947368421053,2.6973684210526314
Halifax,2025-05-11,0.8732394366197183,2.676056338028169
Halifax,2025-05-12,0.9080459770114943,3.264367816091954
Halifax,2025-05-13,0.9210526315789473,3.513157894736842
Halifax,2025-05-14,0.9166666666666666,3.0694444444444446
Halifax,2025-05-15,0.9135802469135802,2.8518518518518516
Halifax,2025-05-16,0.9090909090909091,2.9886363636363638
Halifax,2025-05-17,0.9230769230769231,3.269230769230769
Halifax,2025-05-18,0.9333333333333333,2.6
Halifax,2025-05-19,0.8831168831168831,2.4805194805194803
Halifax,2025-05-20,0.9,3.2375
Halifax,2025-05-21,0.9213483146067416,2.539325842696629
Halifax,2025-05-22,0.9550561797752809,3.292134831460674
Halifax,2025-05-23,0.967032967032967,2.7252747252747254
Halifax,2025-05-24,0.9540229885057471,2.7471264367816093
Halifax,2025-05-25,0.9278350515463918,2.484536082474227
Halifax,2025-05-26,0.9482758620689655,2.9827586206896552
Halifax,2025-05-27,0.9646017699115044,3.0265486725663715
Halifax,2025-05-28,0.957983193277311,2.8823529411764706
Halifax,2025-05-29,0.984251968503937,2.968503937007874
Halifax,2025-05-30,0.9444444444444444,2.787037037037037
Halifax,2025-05-31,0.9479166666666666,3.0416666666666665
Halifax,2025-06-01,0.94,2.73
Halifax,2025-06-02,0.9444444444444444,2.9444444444444446
Halifax,2025-06-03,0.9428571428571428,2.876190476190476
Halifax,2025-06-04,0.9572649572649573,2.752136752136752
Halifax,2025-06-05,0.943089430894309,2.813008130081301
Halifax,2025-06-06,0.9436619718309859,3.1338028169014085
Halifax,2025-06-07,0.9112903225806451,2.782258064516129
Halifax,2025-06-08,0.9032258064516129,2.4193548387096775
Halifax,2025-06-09,0.921875,2.921875
Halifax,2025-06-10,0.9432624113475178,2.652482269503546
Halifax,2025-06-11,0.9635036496350365,2.81021897810219
Halifax,2025-06-12,0.946969696969697,3.1136363636363638
Halifax,2025-06-13,0.9112903225806451,3.306451612903226
Halifax,2025-06-14,0.9557522123893806,3.017699115044248
Halifax,2025-06-15,0.9586776859504132,2.9669421487603307
Halifax,2025-06-16,0.9710144927536232,2.7681159420289854
Halifax,2025-06-17,0.9612403100775194,2.89922480620155
Halifax,2025-06-18,0.9365079365079365,2.4603174603174605
Halifax,2025-06-19,0.9659863945578231,2.741496598639456
Halifax,2025-06-20,0.9444444444444444,3.0952380952380953
Halifax,2025-06-21,0.9557522123893806,3.0707964601769913
Halifax,2025-06-22,0.9411764705882353,2.5714285714285716
Halifax,2025-06-23,0.9428571428571428,2.835714285714286
Halifax,2025-06-24,0.9708029197080292,3.072992700729927
Halifax,2025-06-25,0.9318181818181818,2.7803030303030303
Halifax,2025-06-26,0.9574468085106383,3.226950354609929
Halifax,2025-06-27,0.9295774647887324,3.1971830985915495
Halifax,2025-06-28,0.920863309352518,2.6546762589928057
Halifax,2025-06-29,0.9230769230769231,2.4615384615384617
Halifax,2025-06-30,0.9166666666666666,3.2954545454545454
Halifax,2025-07-01,0.9103448275862069,2.606896551724138
Halifax,2025-07-02,0.9324324324324325,2.7162162162162162
Halifax,2025-07-03,0.9533333333333334,2.8133333333333335
Halifax,2025-07-04,0.9538461538461539,3.3
Halifax,2025-07-05,0.959349593495935,2.707317073170732
Halifax,2025-07-06,0.9224137931034483,2.6724137931034484
Halifax,2025-07-07,0.965034965034965,3.055944055944056
Halifax,2025-07-08,0.9419354838709677,2.9548387096774196
Halifax,2025-07-09,0.917910447761194,2.798507462686567
Halifax,2025-07-10,0.9259259259259259,2.8444444444444446
Halifax,2025-07-11,0.952,3.224
Halifax,2025-07-12,0.9166666666666666,2.759259259259259
Halifax,2025-07-13,0.8958333333333334,2.6666666666666665
Halifax,2025-07-14,0.98,3.05
Halifax,2025-07-15,0.9425287356321839,3.4482758620689653
Halifax,2025-07-16,0.9504950495049505,3.198019801980198
Halifax,2025-07-17,0.963963963963964,3.3063063063063063
Halifax,2025-07-18,0.9433962264150944,3.1226415094339623
Halifax,2025-07-19,0.9278350515463918,3.1443298969072164
Halifax,2025-07-20,0.8876404494382022,2.662921348314607
Halifax,2025-07-21,0.9051724137931034,2.7844827586206895
Halifax,2025-07-22,0.97,3.24
Halifax,2025-07-23,0.968421052631579,3.1473684210526316
Halifax,2025-07-24,0.9814814814814815,3.259259259259259
Halifax,2025-07-25,0.9565217391304348,2.9217391304347826
Halifax,2025-07-26,0.90625,3.1458333333333335
Halifax,2025-07-27,0.9381443298969072,2.5257731958762886
Halifax,2025-07-28,0.941747572815534,2.8737864077669903
Halifax,2025-07-29,0.9716981132075472,2.943396226415094
Halifax,2025-07-30,0.941747572815534,2.7281553398058254
Halifax,2025-07-31,0.9416666666666667,3.025
Halifax,2025-08-01,0.9532710280373832,2.7570093457943927
Halifax,2025-08-02,0.9052631578947369,2.6526315789473682
Halifax,2025-08-03,0.9354838709677419,2.4408602150537635
Halifax,2025-08-04,0.956989247311828,2.989247311827957
Halifax,2025-08-05,0.9139784946236559,3.118279569892473
Halifax,2025-08-06,0.9238095238095239,3.142857142857143
Halifax,2025-08-07,0.94,3.15
Halifax,2025-08-08,0.97,3.54
Halifax,2025-08-09,0.967741935483871,3.6451612903225805
Halifax,2025-08-10,0.9318181818181818,2.7613636363636362
Halifax,2025-08-11,0.9484536082474226,2.536082474226804
Halifax,2025-08-12,0.9428571428571428,2.6857142857142855
Halifax,2025-08-13,0.9586776859504132,2.7355371900826446
Halifax,2025-08-14,0.9528301886792453,3.1320754716981134
Halifax,2025-08-15,0.968421052631579,3.0210526315789474
Halifax,2025-08-16,0.9032258064516129,2.5161290322580645
Halifax,2025-08-17,0.8924731182795699,2.4516129032258065
Halifax,2025-08-18,0.9405940594059405,2.712871287128713
Halifax,2025-08-19,0.9574468085106383,2.9574468085106385
Halifax,2025-08-20,0.9532710280373832,2.7383177570093458
Halifax,2025-08-21,0.9626168224299065,2.635514018691589
Halifax,2025-08-22,0.9166666666666666,3.0
Halifax,2025-08-23,0.891566265060241,2.8433734939759034
Halifax,2025-08-24,0.9387755102040817,2.2755102040816326
Halifax,2025-08-25,0.9514563106796117,2.5533980582524274
Halifax,2025-08-26,0.9532710280373832,2.7663551401869158
Halifax,2025-08-27,0.9320388349514563,2.9902912621359223
Halifax,2025-08-28,0.968421052631579,3.336842105263158
Halifax,2025-08-29,0.9340659340659341,3.3846153846153846
Halifax,2025-08-30,0.9113924050632911,3.151898734177215
Halifax,2025-08-31,0.9411764705882353,2.8117647058823527
Halifax,2025-09-01,0.9222222222222223,2.533333333333333
Halifax,2025-09-02,0.9555555555555556,2.988888888888889
Halifax,2025-09-03,0.9423076923076923,3.048076923076923
Halifax,2025-09-04,0.9215686274509803,2.9215686274509802
Halifax,2025-09-05,0.9292035398230089,2.5486725663716814
Halifax,2025-09-06,0.9239130434782609,2.6630434782608696
Halifax,2025-09-07,0.91,2.42
Halifax,2025-09-08,0.9560439560439561,3.1648351648351647
Halifax,2025-09-09,0.9523809523809523,3.2666666666666666
Halifax,2025-09-10,0.9444444444444444,3.0833333333333335
Halifax,2025-09-11,0.9550561797752809,3.258426966292135
Halifax,2025-09-12,0.9591836734693877,3.336734693877551
Halifax,2025-09-13,0.9761904761904762,3.119047619047619
Halifax,2025-09-14,0.8969072164948454,2.2061855670103094
Halifax,2025-09-15,0.9333333333333333,3.1142857142857143
Halifax,2025-09-16,0.9504950495049505,2.4653465346534653
Halifax,2025-09-17,0.9444444444444444,2.7962962962962963
Halifax,2025-09-18,0.941747572815534,3.1650485436893203
Halifax,2025-09-19,0.9523809523809523,3.1142857142857143
Halifax,2025-09-20,0.9555555555555556,2.688888888888889
Halifax,2025-09-21,0.9545454545454546,2.9318181818181817
Halifax,2025-09-22,0.9425287356321839,2.8275862068965516
Halifax,2025-09-23,0.9528301886792453,2.9622641509433962
Halifax,2025-09-24,0.9803921568627451,2.8823529411764706
Halifax,2025-09-25,1.0,3.1018518518518516
Halifax,2025-09-26,0.9791666666666666,3.1041666666666665
Halifax,2025-09-27,1.0120481927710843,3.3734939759036147
Halifax,2025-09-28,0.9764705882352941,2.6
Halifax,2025-09-29,0.944954128440367,2.706422018348624
Halifax,2025-09-30,0.9572649572649573,2.8376068376068377
Halifax,2025-10-01,0.9448818897637795,2.8897637795275593
Halifax,2025-10-02,0.9444444444444444,2.6180555555555554
Halifax,2025-10-03,0.9534883720930233,2.75968992248062
Halifax,2025-10-04,0.917910447761194,2.1940298507462686
Halifax,2025-10-05,0.9617834394904459,2.477707006369427
Halifax,2025-10-06,0.9485714285714286,2.8
Halifax,2025-10-07,0.9526627218934911,2.5680473372781063
Halifax,2025-10-08,0.9723756906077348,2.679558011049724
Halifax,2025-10-09,0.9430051813471503,2.5544041450777204
Halifax,2025-10-10,0.9415204678362573,2.4502923976608186
Halifax,2025-10-11,0.9056603773584906,2.2264150943396226
Halifax,2025-10-12,0.9612903225806452,2.1483870967741936
Halifax,2025-10-13,0.9235294117647059,1.7058823529411764
Halifax,2025-10-14,0.9281767955801105,2.6022099447513813
Halifax,2025-10-15,0.9336734693877551,2.4642857142857144
Halifax,2025-10-16,0.9423076923076923,2.423076923076923
Halifax,2025-10-17,0.9572192513368984,2.283422459893048
Halifax,2025-10-18,0.9392265193370166,2.0497237569060776
Halifax,2025-10-19,0.9314285714285714,1.9028571428571428
Halifax,2025-10-20,0.9463414634146341,2.180487804878049
Halifax,2025-10-21,0.9771689497716894,2.593607305936073
Halifax,2025-10-22,0.9409090909090909,2.3727272727272726
Halifax,2025-10-23,0.9414634146341463,2.175609756097561
Halifax,2025-10-24,0.9485981308411215,2.2289719626168223
Halifax,2025-10-25,0.921875,2.03125
Halifax,2025-10-26,0.9319371727748691,1.963350785340314
Halifax,2025-10-27,0.944206008583691,2.107296137339056
Halifax,2025-10-28,0.9478260869565217,2.1478260869565218
Halifax,2025-10-29,0.9452054794520548,2.287671232876712
Halifax,2025-10-30,0.944954128440367,2.293577981651376
Halifax,2025-10-31,0.9478672985781991,2.322274881516588
Halifax,2025-11-01,0.9578947368421052,2.2263157894736842
Halifax,2025-11-02,0.9521276595744681,2.0372340425531914
Halifax,2025-11-03,0.9473684210526315,2.15311004784689
Halifax,2025-11-04,0.9302325581395349,2.1767441860465118
Halifax,2025-11-05,0.9215686274509803,2.073529411764706
Halifax,2025-11-06,0.9320388349514563,2.2135922330097086
Halifax,2025-11-07,0.9238578680203046,2.2081218274111674
Halifax,2025-11-08,0.8941798941798942,1.8253968253968254
Halifax,2025-11-09,0.9032258064516129,2.075268817204301
Halifax,2025-11-10,0.9441624365482234,2.228426395939086
Halifax,2025-11-11,0.9081081081081082,1.5945945945945945
Halifax,2025-11-12,0.9292452830188679,2.292452830188679
Halifax,2025-11-13,0.9458128078817734,2.3004926108374386
Halifax,2025-11-14,0.925531914893617,2.3404255319148937
Halifax,2025-11-15,0.9222797927461139,2.062176165803109
Halifax,2025-11-16,0.919047619047619,1.6952380952380952
Halifax,2025-11-17,0.9272727272727272,1.9681818181818183
Halifax,2025-11-18,0.9449152542372882,2.2161016949152543
Halifax,2025-11-19,0.9163179916317992,2.276150627615063
Halifax,2025-11-20,0.9139344262295082,2.2336065573770494
Halifax,2025-11-21,0.9203539823008849,2.3053097345132745
Halifax,2025-11-22,0.9348837209302325,2.1627906976744184
Halifax,2025-11-23,0.9099099099099099,1.9504504504504505
Halifax,2025-11-24,0.933920704845815,2.171806167400881
Halifax,2025-11-25,0.9364406779661016,2.2966101694915255
Halifax,2025-11-26,0.9377593360995851,2.215767634854772
Halifax,2025-11-27,0.9421487603305785,2.260330578512397
Halifax,2025-11-28,0.9457013574660633,2.3755656108597285
Halifax,2025-11-29,0.9289099526066351,2.042654028436019
Halifax,2025-11-30,0.905829596412556,1.937219730941704
Halifax,2025-12-01,0.9141630901287554,2.240343347639485
Halifax,2025-12-02,0.9106382978723404,2.1319148936170214
Halifax,2025-12-03,0.9154929577464789,2.0375586854460095
Halifax,2025-12-04,0.9351851851851852,2.1435185185185186
Halifax,2025-12-05,0.9466666666666667,2.111111111111111
Halifax,2025-12-06,0.9295774647887324,1.971830985915493
Halifax,2025-12-07,0.9113300492610837,1.8226600985221675
Halifax,2025-12-08,0.9090909090909091,2.229665071770335
Halifax,2025-12-09,0.9318181818181818,2.2363636363636363
Halifax,2025-12-10,0.9262672811059908,2.184331797235023
Halifax,2025-12-11,0.9368932038834952,2.121359223300971
Halifax,2025-12-12,0.923469387755102,2.316326530612245
Halifax,2025-12-13,0.9333333333333333,2.2205128205128206
Halifax,2025-12-14,0.9032258064516129,2.032258064516129
Halifax,2025-12-15,0.9014084507042254,2.183098591549296
Halifax,2025-12-16,0.9295154185022027,2.2731277533039647
Halifax,2025-12-17,0.9510204081632653,2.2
Halifax,2025-12-18,0.9461883408071748,2.3721973094170403
Halifax,2025-12-19,0.9282296650717703,2.287081339712919
Halifax,2025-12-20,0.915,1.985
Halifax,2025-12-21,0.9090909090909091,2.0303030303030303
Halifax,2025-12-22,0.9078947368421053,2.1578947368421053
Halifax,2025-12-23,0.9241706161137441,2.5071090047393363
Halifax,2025-12-24,0.9193548387096774,2.306451612903226
Halifax,2025-12-25,0.901840490797546,1.8895705521472392
Halifax,2025-12-26,0.9069767441860465,1.7674418604651163
Halifax,2025-12-27,0.9117647058823529,1.9950980392156863
Halifax,2025-12-28,0.9045226130653267,1.9095477386934674
Halifax,2025-12-29,0.9234234234234234,1.8288288288288288
Halifax,2025-12-30,0.9271844660194175,2.0533980582524274
Halifax,2025-12-31,0.946078431372549,2.264705882352941
London,2023-01-01,0.7407407407407407,1.594541910331384
London,2023-01-02,0.7540983606557377,1.9927140255009108
London,2023-01-03,0.7749546279491834,2.488203266787659
London,2023-01-04,0.7672253258845437,2.536312849162011
London,2023-01-05,0.7729007633587787,2.469465648854962
London,2023-01-06,0.7907869481765835,2.6429942418426102
London,2023-01-07,0.7771084337349398,2.2690763052208833
London,2023-01-08,0.7755102040816326,2.220408163265306
London,2023-01-09,0.7674418604651163,2.7267441860465116
London,2023-01-10,0.7578558225508318,2.6395563770794825
London,2023-01-11,0.7410071942446043,2.618705035971223
London,2023-01-12,0.7546468401486989,2.6617100371747213
London,2023-01-13,0.7734082397003745,2.7228464419475658
London,2023-01-14,0.7490421455938697,2.3314176245210727
London,2023-01-15,0.751503006012024,2.1683366733466936
London,2023-01-16,0.781431334622824,2.520309477756286
London,2023-01-17,0.7819548872180451,2.4586466165413534
London,2023-01-18,0.7658349328214972,2.4625719769673706
London,2023-01-19,0.7685009487666035,2.4667931688804554
London,2023-01-20,0.7588785046728972,2.6261682242990654
London,2023-01-21,0.7598425196850394,2.2086614173228347
London,2023-01-22,0.762278978388998,2.019646365422397
London,2023-01-23,0.7607476635514019,2.433644859813084
London,2023-01-24,0.7459165154264973,2.4627949183303084
London,2023-01-25,0.7252747252747253,2.3736263736263736
London,2023-01-26,0.748062015503876,2.4031007751937983
London,2023-01-27,0.7695238095238095,2.6742857142857144
London,2023-01-28,0.7636022514071295,2.2570356472795496
London,2023-01-29,0.7591093117408907,2.103238866396761
London,2023-01-30,0.7740667976424361,2.444007858546169
London,2023-01-31,0.7696969696969697,2.6565656565656566
London,2023-02-01,0.7633587786259542,2.6202290076335877
London,2023-02-02,0.7477638640429338,2.4186046511627906
London,2023-02-03,0.768796992481203,2.1334586466165413
London,2023-02-04,0.7542372881355932,2.4258474576271185
London,2023-02-05,0.7547169811320755,2.1341719077568135
London,2023-02-06,0.758130081300813,2.3983739837398375
London,2023-02-07,0.7645875251509054,2.4527162977867203
London,2023-02-08,0.7615384615384615,2.582692307692308
London,2023-02-09,0.7343453510436433,2.3301707779886147
London,2023-02-10,0.7544204322200393,2.5324165029469548
London,2023-02-11,0.7695652173913043,2.4369565217391305
London,2023-02-12,0.753393665158371,2.235294117647059
London,2023-02-13,0.7613882863340564,2.527114967462039
London,2023-02-14,0.7547169811320755,2.706498951781971
London,2023-02-15,0.7474332648870636,2.455852156057495
London,2023-02-16,0.7586912065439673,2.4907975460122698
London,2023-02-17,0.7619047619047619,2.5734989648033126
London,2023-02-18,0.757847533632287,2.4618834080717487
London,2023-02-19,0.7534562211981567,2.216589861751152
London,2023-02-20,0.7130620985010707,1.5738758029978586
London,2023-02-21,0.7254545454545455,2.2036363636363636
London,2023-02-22,0.6980461811722913,2.1314387211367674
London,2023-02-23,0.716297786720322,2.1468812877263583
London,2023-02-24,0.7354166666666667,2.3583333333333334
London,2023-02-25,0.7474747474747475,2.0787878787878786
London,2023-02-26,0.7594142259414226,1.9225941422594142
London,2023-02-27,0.7433962264150943,2.0547169811320756
London,2023-02-28,0.7651991614255765,2.4821802935010484
London,2023-03-01,0.7414448669201521,2.4923954372623576
London,2023-03-02,0.7495652173913043,2.302608695652174
London,2023-03-03,0.7364975450081833,2.2225859247135844
London,2023-03-04,0.7159533073929961,2.036964980544747
London,2023-03-05,0.7326732673267327,2.001980198019802
London,2023-03-06,0.7338403041825095,2.197718631178707
London,2023-03-07,0.7504990019960079,2.467065868263473
London,2023-03-08,0.7537593984962406,2.210526315789474
London,2023-03-09,0.7308377896613191,2.2210338680926918
London,2023-03-10,0.71939736346516,2.133709981167608
London,2023-03-11,0.7488888888888889,2.28
London,2023-03-12,0.710239651416122,1.9150326797385622
London,2023-03-13,0.7416481069042317,2.269487750556793
London,2023-03-14,0.7612612612612613,2.286036036036036
London,2023-03-15,0.7763440860215054,2.313978494623656
London,2023-03-16,0.749003984063745,2.137450199203187
London,2023-03-17,0.740506329113924,2.19831223628692
London,2023-03-18,0.7444444444444445,2.102222222222222
London,2023-03-19,0.7306791569086651,1.9133489461358313
London,2023-03-20,0.7549234135667396,2.4070021881838075
London,2023-03-21,0.75,2.347916666666667
London,2023-03-22,0.7244258872651357,2.2630480167014615
London,2023-03-23,0.7430997876857749,2.254777070063694
London,2023-03-24,0.7464503042596349,2.3772819472616633
London,2023-03-25,0.7385229540918163,1.9241516966067864
London,2023-03-26,0.74235807860262,2.024017467248908
London,2023-03-27,0.7479508196721312,2.2397540983606556
London,2023-03-28,0.7616033755274262,2.4641350210970465
London,2023-03-29,0.7449799196787149,2.2429718875502007
London,2023-03-30,0.7485714285714286,2.243809523809524
London,2023-03-31,0.7379679144385026,2.1907308377896615
London,2023-04-01,0.711645101663586,1.9963031423290203
London,2023-04-02,0.746,1.92
London,2023-04-03,0.7397034596375618,2.1120263591433277
London,2023-04-04,0.7263681592039801,2.03150912106136
London,2023-04-05,0.7383177570093458,2.101246105919003
London,2023-04-06,0.7862595419847328,2.568702290076336
London,2023-04-07,0.7505518763796909,1.9028697571743929
London,2023-04-08,0.7594142259414226,2.1150627615062763
London,2023-04-09,0.735632183908046,1.6689655172413793
London,2023-04-10,0.771889400921659,2.3755760368663594
London,2023-04-11,0.7447795823665894,2.577726218097448
London,2023-04-12,0.7558139534883721,2.616279069767442
London,2023-04-13,0.728735632183908,2.514942528735632
London,2023-04-14,0.7306843267108167,2.5783664459161146
London,2023-04-15,0.6918238993710691,2.0817610062893084
London,2023-04-16,0.6808905380333952,1.6920222634508348
London,2023-04-17,0.7301255230125523,2.271966527196653
London,2023-04-18,0.7396061269146609,2.4857768052516414
London,2023-04-19,0.7372708757637475,2.4317718940936865
London,2023-04-20,0.7271028037383177,2.3457943925233646
London,2023-04-21,0.7169459962756052,2.3482309124767227
London,2023-04-22,0.727810650887574,1.9802761341222879
London,2023-04-23,0.7295081967213115,1.9405737704918034
London,2023-04-24,0.7678207739307535,2.539714867617108
London,2023-04-25,0.7515400410677618,2.3613963039014374
London,2023-04-26,0.7236580516898609,2.3101391650099403
London,2023-04-27,0.7075664621676891,2.2208588957055215
London,2023-04-28,0.7142857142857143,2.175675675675676
London,2023-04-29,0.7370600414078675,2.0434782608695654
London,2023-04-30,0.717741935483871,1.8951612903225807
London,2023-05-01,0.7402061855670103,2.224742268041237
London,2023-05-02,0.7389473684210527,2.16
London,2023-05-03,0.7208791208791209,2.4043956043956043
London,2023-05-04,0.7427937915742794,2.52549889135255
London,2023-05-05,0.7244258872651357,2.3695198329853864
London,2023-05-06,0.7089715536105032,2.1947483588621446
London,2023-05-07,0.6708074534161491,1.834368530020704
London,2023-05-08,0.7619047619047619,2.6485260770975056
London,2023-05-09,0.7759815242494227,2.7182448036951503
London,2023-05-10,0.7494252873563219,2.6160919540229886
London,2023-05-11,0.7470997679814385,2.519721577726218
London,2023-05-12,0.7721822541966427,2.774580335731415
London,2023-05-13,0.7433414043583535,2.3680387409200967
London,2023-05-14,0.7346938775510204,2.1479591836734695
London,2023-05-15,0.7614213197969543,2.5862944162436547
London,2023-05-16,0.7310513447432763,2.491442542787286
London,2023-05-17,0.7488888888888889,2.42
London,2023-05-18,0.743421052631579,2.3903508771929824
London,2023-05-19,0.7269230769230769,2.1961538461538463
London,2023-05-20,0.7322654462242563,2.082379862700229
London,2023-05-21,0.7243107769423559,2.288220551378446
London,2023-05-22,0.7211538461538461,1.8221153846153846
London,2023-05-23,0.7670329670329671,2.6285714285714286
London,2023-05-24,0.7505518763796909,2.728476821192053
London,2023-05-25,0.7625272331154684,2.496732026143791
London,2023-05-26,0.7742663656884876,2.7765237020316027
London,2023-05-27,0.7363636363636363,2.422727272727273
London,2023-05-28,0.7535211267605634,2.3943661971830985
London,2023-05-29,0.7611607142857143,2.5245535714285716
London,2023-05-30,0.7697674418604651,2.7837209302325583
London,2023-05-31,0.7568807339449541,2.591743119266055
London,2023-06-01,0.7424242424242424,2.6103896103896105
London,2023-06-02,0.7111597374179431,2.50109409190372
London,2023-06-03,0.695067264573991,2.2399103139013454
London,2023-06-04,0.7012987012987013,2.064935064935065
London,2023-06-05,0.7369565217391304,2.5869565217391304
London,2023-06-06,0.7193675889328063,2.1956521739130435
London,2023-06-07,0.7169421487603306,2.4648760330578514
London,2023-06-08,0.7121212121212122,2.3068181818181817
London,2023-06-09,0.7037773359840954,2.4473161033797215
London,2023-06-10,0.6685499058380414,2.0602636534839927
London,2023-06-11,0.6513761467889908,1.5672782874617737
London,2023-06-12,0.6881188118811881,2.099009900990099
London,2023-06-13,0.6980874316939891,2.0040983606557377
London,2023-06-14,0.7036395147313691,2.2842287694974
London,2023-06-15,0.7133333333333334,2.225
London,2023-06-16,0.7360308285163777,2.551059730250482
London,2023-06-17,0.7124735729386892,2.2283298097251585
London,2023-06-18,0.721868365180467,2.0191082802547773
London,2023-06-19,0.7440860215053764,2.3741935483870966
London,2023-06-20,0.7217573221757322,2.4435146443514646
London,2023-06-21,0.716,2.294
London,2023-06-22,0.7092198581560284,2.25177304964539
London,2023-06-23,0.7030015797788309,1.985781990521327
London,2023-06-24,0.656441717791411,1.7254601226993864
London,2023-06-25,0.6301169590643275,1.5482456140350878
London,2023-06-26,0.6945668135095447,1.8516886930983847
London,2023-06-27,0.7211367673179396,2.310834813499112
London,2023-06-28,0.7301587301587301,2.305114638447972
London,2023-06-29,0.7244224422442245,2.240924092409241
London,2023-06-30,0.6692546583850931,2.0
London,2023-07-01,0.5964343598055105,1.346839546191248
London,2023-07-02,0.6286644951140065,1.4120521172638436
London,2023-07-03,0.6564748201438849,1.5485611510791366
London,2023-07-04,0.707641196013289,1.9501661129568106
London,2023-07-05,0.6757215619694398,2.064516129032258
London,2023-07-06,0.6985391766268261,1.847277556440903
London,2023-07-07,0.7001763668430335,2.1393298059964727
London,2023-07-08,0.667741935483871,1.7580645161290323
London,2023-07-09,0.6649746192893401,1.7055837563451777
London,2023-07-10,0.6849557522123894,2.0017699115044247
London,2023-07-11,0.6794520547945205,1.8767123287671232
London,2023-07-12,0.68,2.0
London,2023-07-13,0.6759388038942976,1.8414464534075103
London,2023-07-14,0.708974358974359,1.844871794871795
London,2023-07-15,0.6891117478510028,1.83810888252149
London,2023-07-16,0.6819012797074955,1.8775137111517368
London,2023-07-17,0.7263581488933601,2.404426559356137
London,2023-07-18,0.7145299145299145,2.1094017094017095
London,2023-07-19,0.7007042253521126,2.1742957746478875
London,2023-07-20,0.6859504132231405,1.6942148760330578
London,2023-07-21,0.7285974499089253,2.429872495446266
London,2023-07-22,0.6792792792792792,1.8630630630630631
London,2023-07-23,0.6747181964573269,1.7053140096618358
London,2023-07-24,0.6789940828402367,1.8801775147928994
London,2023-07-25,0.6853932584269663,1.9919743178170144
London,2023-07-26,0.698019801980198,1.7673267326732673
London,2023-07-27,0.7179878048780488,2.1189024390243905
London,2023-07-28,0.6975748930099858,2.0427960057061343
London,2023-07-29,0.684654300168634,1.794266441821248
London,2023-07-30,0.7061224489795919,1.9306122448979592
London,2023-07-31,0.7464788732394366,2.380281690140845
London,2023-08-01,0.731610337972167,2.304174950298211
London,2023-08-02,0.7258687258687259,2.3436293436293436
London,2023-08-03,0.7079303675048356,2.3365570599613155
London,2023-08-04,0.704225352112676,2.191901408450704
London,2023-08-05,0.6822429906542056,1.9121495327102804
London,2023-08-06,0.6302521008403361,1.519327731092437
London,2023-08-07,0.6672897196261682,1.6261682242990654
London,2023-08-08,0.7190388170055453,2.3327171903881703
London,2023-08-09,0.6855670103092784,2.1924398625429555
London,2023-08-10,0.6763425253991292,1.9970972423802613
London,2023-08-11,0.6604068857589984,1.9812206572769953
London,2023-08-12,0.6682316118935837,1.6604068857589984
London,2023-08-13,0.6887755102040817,1.7295918367346939
London,2023-08-14,0.6964586846543002,2.0168634064080946
London,2023-08-15,0.6878531073446328,1.6723163841807909
London,2023-08-16,0.7010309278350515,2.1013745704467355
London,2023-08-17,0.6863636363636364,1.85
London,2023-08-18,0.743879472693032,2.4105461393596985
London,2023-08-19,0.754601226993865,2.2719836400817996
London,2023-08-20,0.7243460764587525,1.903420523138833
London,2023-08-21,0.7249134948096886,2.1193771626297577
London,2023-08-22,0.6916802610114192,2.0864600326264275
London,2023-08-23,0.6953727506426736,1.673521850899743
London,2023-08-24,0.6964560862865947,1.8782742681047766
London,2023-08-25,0.720292504570384,2.3491773308957953
London,2023-08-26,0.7134387351778656,2.2470355731225298
London,2023-08-27,0.7318982387475538,1.9549902152641878
London,2023-08-28,0.7579143389199255,2.281191806331471
London,2023-08-29,0.7385740402193784,2.3674588665447898
London,2023-08-30,0.7495145631067961,2.429126213592233
London,2023-08-31,0.7479338842975206,2.4483471074380163
London,2023-09-01,0.7893660531697342,2.6298568507157465
London,2023-09-02,0.7438752783964365,2.224944320712695
London,2023-09-03,0.7191780821917808,2.2420091324200913
London,2023-09-04,0.6761487964989059,1.6455142231947484
London,2023-09-05,0.7340823970037453,2.305243445692884
London,2023-09-06,0.7332214765100671,2.530201342281879
London,2023-09-07,0.7455516014234875,2.6441281138790034
London,2023-09-08,0.7730769230769231,2.9288461538461537
London,2023-09-09,0.7544554455445545,2.5742574257425743
London,2023-09-10,0.7346534653465346,2.1881188118811883
London,2023-09-11,0.7300380228136882,2.467680608365019
London,2023-09-12,0.7324723247232472,2.5682656826568264
London,2023-09-13,0.73,2.714
London,2023-09-14,0.7405940594059406,2.792079207920792
London,2023-09-15,0.7289719626168224,2.607476635514019
London,2023-09-16,0.7048543689320388,2.2233009708737863
London,2023-09-17,0.6928446771378709,1.8394415357766143
London,2023-09-18,0.7327935222672065,2.4898785425101213
London,2023-09-19,0.736734693877551,2.4346938775510205
London,2023-09-20,0.75,2.404471544715447
London,2023-09-21,0.7547169811320755,2.4758909853249476
London,2023-09-22,0.7629310344827587,2.5991379310344827
London,2023-09-23,0.7120879120879121,2.4175824175824174
London,2023-09-24,0.7139874739039666,1.9749478079331941
London,2023-09-25,0.7484008528784648,2.298507462686567
London,2023-09-26,0.7309236947791165,2.4176706827309236
London,2023-09-27,0.7468085106382979,2.508510638297872
London,2023-09-28,0.7451820128479657,2.4132762312633833
London,2023-09-29,0.7528604118993135,2.6979405034324944
London,2023-09-30,0.7270588235294118,2.3717647058823528
London,2023-10-01,0.7325581395348837,1.958139534883721
London,2023-10-02,0.7630331753554502,2.6966824644549763
London,2023-10-03,0.7477064220183486,2.378440366972477
London,2023-10-04,0.7278481012658228,2.3375527426160336
London,2023-10-05,0.7346153846153847,2.1615384615384614
London,2023-10-06,0.7520325203252033,2.341463414634146
London,2023-10-07,0.7237687366167024,2.02355460385439
London,2023-10-08,0.6854166666666667,1.6895833333333334
London,2023-10-09,0.6695842450765864,1.4310722100656454
London,2023-10-10,0.7422037422037422,2.397089397089397
London,2023-10-11,0.7400793650793651,2.4087301587301586
London,2023-10-12,0.7554671968190855,2.423459244532803
London,2023-10-13,0.7452471482889734,2.283269961977186
London,2023-10-14,0.7318087318087318,2.0956340956340958
London,2023-10-15,0.7043478260869566,1.7804347826086957
London,2023-10-16,0.7581699346405228,2.4618736383442266
London,2023-10-17,0.7294372294372294,2.4415584415584415
London,2023-10-18,0.7465069860279441,2.4211576846307383
London,2023-10-19,0.7352380952380952,2.3066666666666666
London,2023-10-20,0.7342799188640974,2.3225152129817443
London,2023-10-21,0.7472035794183445,2.058165548098434
London,2023-10-22,0.7373068432671082,1.8057395143487858
London,2023-10-23,0.725,2.341666666666667
London,2023-10-24,0.72568093385214,2.2587548638132295
London,2023-10-25,0.7269503546099291,2.147163120567376
London,2023-10-26,0.7301293900184843,2.312384473197782
London,2023-10-27,0.7470817120622568,2.577821011673152
London,2023-10-28,0.7110187110187111,2.1185031185031185
London,2023-10-29,0.712742980561555,1.7732181425485962
London,2023-10-30,0.7346072186836518,2.199575371549894
London,2023-10-31,0.75,2.5934782608695652
London,2023-11-01,0.7494407158836689,2.6711409395973154
London,2023-11-02,0.756043956043956,2.4461538461538463
London,2023-11-03,0.7505938242280285,2.6413301662707838
London,2023-11-04,0.7108695652173913,2.1782608695652175
London,2023-11-05,0.694954128440367,1.853211009174312
London,2023-11-06,0.7267206477732794,2.174089068825911
London,2023-11-07,0.7351694915254238,2.3813559322033897
London,2023-11-08,0.7250996015936255,2.2111553784860556
London,2023-11-09,0.7510822510822511,2.5735930735930737
London,2023-11-10,0.7403189066059226,2.580865603644647
London,2023-11-11,0.7354260089686099,2.2399103139013454
London,2023-11-12,0.6984536082474226,2.015463917525773
London,2023-11-13,0.7654639175257731,2.5438144329896906
London,2023-11-14,0.7639902676399026,2.6034063260340634
London,2023-11-15,0.7522522522522522,2.4684684684684686
London,2023-11-16,0.7445414847161572,2.438864628820961
London,2023-11-17,0.7188940092165899,2.525345622119816
London,2023-11-18,0.7312348668280871,2.288135593220339
London,2023-11-19,0.7142857142857143,2.0421545667447307
London,2023-11-20,0.7180616740088106,2.182819383259912
London,2023-11-21,0.7130434782608696,2.0760869565217392
London,2023-11-22,0.7620137299771167,2.40045766590389
London,2023-11-23,0.7523148148148148,2.3703703703703702
London,2023-11-24,0.7790432801822323,2.6697038724373576
London,2023-11-25,0.7208237986270023,2.3020594965675056
London,2023-11-26,0.6772151898734177,1.7658227848101267
London,2023-11-27,0.7163865546218487,2.0987394957983194
London,2023-11-28,0.7383966244725738,2.2067510548523206
London,2023-11-29,0.7549234135667396,2.25164113785558
London,2023-11-30,0.7603485838779956,2.3028322440087146
London,2023-12-01,0.7780126849894292,2.266384778012685
London,2023-12-02,0.7546728971962616,2.2803738317757007
London,2023-12-03,0.7446300715990454,1.8687350835322196
London,2023-12-04,0.7367149758454107,2.292270531400966
London,2023-12-05,0.7494252873563219,2.2574712643678163
London,2023-12-06,0.7756563245823389,2.4988066825775657
London,2023-12-07,0.7738095238095238,2.3595238095238096
London,2023-12-08,0.7597087378640777,2.371359223300971
London,2023-12-09,0.7379310344827587,2.066666666666667
London,2023-12-10,0.7407407407407407,1.9925925925925927
London,2023-12-11,0.762589928057554,2.3764988009592325
London,2023-12-12,0.7568238213399504,2.436724565756824
London,2023-12-13,0.7837209302325582,2.3255813953488373
London,2023-12-14,0.7887323943661971,2.624413145539906
London,2023-12-15,0.7813953488372093,2.513953488372093
London,2023-12-16,0.7360515021459227,2.188841201716738
London,2023-12-17,0.7152173913043478,1.7130434782608697
London,2023-12-18,0.7573221757322176,2.1589958158995817
London,2023-12-19,0.7725225225225225,2.509009009009009
London,2023-12-20,0.7649667405764967,2.631929046563193
London,2023-12-21,0.7755555555555556,2.6044444444444443
London,2023-12-22,0.7788235294117647,2.583529411764706
London,2023-12-23,0.7319347319347319,2.2284382284382285
London,2023-12-24,0.7380952380952381,1.9973544973544974
London,2023-12-25,0.7153465346534653,1.4579207920792079
London,2023-12-26,0.7242206235011991,1.6402877697841727
London,2023-12-27,0.7213930348258707,2.0497512437810945
London,2023-12-28,0.7506361323155216,2.015267175572519
London,2023-12-29,0.770573566084788,2.2593516209476308
London,2023-12-30,0.7146464646464646,1.9595959595959596
London,2023-12-31,0.7386934673366834,1.879396984924623
London,2024-01-01,0.7027777777777777,1.413888888888889
London,2024-01-02,0.7740259740259741,2.381818181818182
London,2024-01-03,0.7593052109181141,2.3176178660049627
London,2024-01-04,0.7637231503579952,2.136038186157518
London,2024-01-05,0.7794117647058824,2.2230392156862746
London,2024-01-06,0.7524038461538461,2.1899038461538463
London,2024-01-07,0.727906976744186,1.7767441860465116
London,2024-01-08,0.7521929824561403,2.3684210526315788
London,2024-01-09,0.7436974789915967,2.1785714285714284
London,2024-01-10,0.759493670886076,2.242616033755274
London,2024-01-11,0.7546777546777547,2.158004158004158
London,2024-01-12,0.7283236994219653,2.1464354527938343
London,2024-01-13,0.7345537757437071,2.116704805491991
London,2024-01-14,0.7088305489260143,1.9713603818615753
London,2024-01-15,0.7714285714285715,2.3380952380952382
London,2024-01-16,0.7505720823798627,2.2906178489702516
London,2024-01-17,0.7449664429530202,2.185682326621924
London,2024-01-18,0.7249466950959488,2.208955223880597
London,2024-01-19,0.7272727272727273,2.183982683982684
London,2024-01-20,0.7320261437908496,2.2113289760348582
London,2024-01-21,0.7222222222222222,1.837962962962963
London,2024-01-22,0.7288135593220338,2.152542372881356
London,2024-01-23,0.744874715261959,2.419134396355353
London,2024-01-24,0.7788018433179723,2.4055299539170507
London,2024-01-25,0.7804295942720764,2.5346062052505967
London,2024-01-26,0.7692307692307693,2.3597285067873304
London,2024-01-27,0.7860824742268041,2.3608247422680413
London,2024-01-28,0.7417721518987341,2.027848101265823
London,2024-01-29,0.7713567839195979,2.35929648241206
London,2024-01-30,0.7642487046632125,2.4507772020725387
London,2024-01-31,0.7771883289124668,2.5623342175066313
London,2024-02-01,0.7959697732997482,2.4987405541561714
London,2024-02-02,0.8191214470284238,2.5736434108527133
London,2024-02-03,0.7593582887700535,2.374331550802139
London,2024-02-04,0.7458563535911602,2.0607734806629834
London,2024-02-05,0.7883008356545961,2.4958217270194987
London,2024-02-06,0.7988980716253443,2.674931129476584
London,2024-02-07,0.7802197802197802,2.590659340659341
London,2024-02-08,0.8056338028169014,2.656338028169014
London,2024-02-09,0.7880434782608695,2.654891304347826
London,2024-02-10,0.7839335180055401,2.268698060941828
London,2024-02-11,0.7464387464387464,2.091168091168091
London,2024-02-12,0.7666666666666667,2.3055555555555554
London,2024-02-13,0.7676767676767676,2.3585858585858586
London,2024-02-14,0.8010204081632653,2.461734693877551
London,2024-02-15,0.7712264150943396,2.2287735849056602
London,2024-02-16,0.7963446475195822,2.4386422976501305
London,2024-02-17,0.7795698924731183,2.0940860215053765
London,2024-02-18,0.7681564245810056,2.0614525139664805
London,2024-02-19,0.7289156626506024,1.5632530120481927
London,2024-02-20,0.775,2.477777777777778
London,2024-02-21,0.7650429799426934,2.4613180515759314
London,2024-02-22,0.7736389684813754,2.5759312320916905
London,2024-02-23,0.7549295774647887,2.591549295774648
London,2024-02-24,0.7528089887640449,2.2191011235955056
London,2024-02-25,0.7106017191977078,1.9484240687679084
London,2024-02-26,0.739946380697051,2.3699731903485253
London,2024-02-27,0.7423167848699763,2.186761229314421
London,2024-02-28,0.7288557213930348,2.2686567164179103
London,2024-02-29,0.7751322751322751,2.552910052910053
London,2024-03-01,0.7651715039577837,2.4432717678100264
London,2024-03-02,0.7547169811320755,2.056603773584906
London,2024-03-03,0.739247311827957,1.8010752688172043
London,2024-03-04,0.7518796992481203,2.355889724310777
London,2024-03-05,0.7663316582914573,2.407035175879397
London,2024-03-06,0.7568238213399504,2.3746898263027294
London,2024-03-07,0.7707317073170732,2.351219512195122
London,2024-03-08,0.7370786516853932,2.2606741573033706
London,2024-03-09,0.7425742574257426,2.022277227722772
London,2024-03-10,0.725,1.6611111111111112
London,2024-03-11,0.772972972972973,2.3162162162162163
London,2024-03-12,0.7364532019704434,2.3054187192118225
London,2024-03-13,0.7462311557788944,2.409547738693467
London,2024-03-14,0.7399527186761229,2.1536643026004727
London,2024-03-15,0.7797927461139896,2.4689119170984455
London,2024-03-16,0.7575757575757576,2.1237373737373737
London,2024-03-17,0.7219251336898396,1.7967914438502675
London,2024-03-18,0.7390180878552972,2.03359173126615
London,2024-03-19,0.7444168734491315,2.163771712158809
London,2024-03-20,0.7342657342657343,2.233100233100233
London,2024-03-21,0.7481840193704601,2.4527845036319613
London,2024-03-22,0.7382075471698113,2.2523584905660377
London,2024-03-23,0.7675,2.13
London,2024-03-24,0.7615176151761518,1.9024390243902438
London,2024-03-25,0.7777777777777778,2.503875968992248
London,2024-03-26,0.7730870712401056,2.3060686015831133
London,2024-03-27,0.75,2.2606382978723403
London,2024-03-28,0.7755102040816326,2.7346938775510203
London,2024-03-29,0.7100591715976331,1.6745562130177514
London,2024-03-30,0.7255936675461742,2.063324538258575
London,2024-03-31,0.7076502732240437,1.5327868852459017
London,2024-04-01,0.7034313725490197,2.0661764705882355
London,2024-04-02,0.6991150442477876,2.101769911504425
London,2024-04-03,0.7132867132867133,2.212121212121212
London,2024-04-04,0.7166276346604216,2.3044496487119437
London,2024-04-05,0.7361809045226131,2.3969849246231156
London,2024-04-06,0.7374701670644391,2.2911694510739857
London,2024-04-07,0.7201946472019465,2.0072992700729926
London,2024-04-08,0.7013274336283186,1.9756637168141593
London,2024-04-09,0.7419354838709677,2.2350230414746544
London,2024-04-10,0.7579185520361991,2.4389140271493215
London,2024-04-11,0.7640692640692641,2.316017316017316
London,2024-04-12,0.754950495049505,2.222772277227723
London,2024-04-13,0.7413793103448276,2.3620689655172415
London,2024-04-14,0.7407407407407407,2.325925925925926
London,2024-04-15,0.7429906542056075,2.371495327102804
London,2024-04-16,0.7371937639198218,2.4097995545657014
London,2024-04-17,0.7515151515151515,2.2363636363636363
London,2024-04-18,0.7675544794188862,2.49636803874092
London,2024-04-19,0.7749419953596288,2.4895591647331785
London,2024-04-20,0.7751322751322751,2.4708994708994707
London,2024-04-21,0.7237851662404092,2.0997442455242967
London,2024-04-22,0.77,2.5025
London,2024-04-23,0.7775061124694377,2.488997555012225
London,2024-04-24,0.7686170212765957,2.643617021276596
London,2024-04-25,0.7511627906976744,2.3883720930232557
London,2024-04-26,0.7321428571428571,2.296875
London,2024-04-27,0.7096114519427403,2.0286298568507157
London,2024-04-28,0.69375,1.7708333333333333
London,2024-04-29,0.7460674157303371,2.2876404494382023
London,2024-04-30,0.7625,2.4375
London,2024-05-01,0.7637614678899083,2.5252293577981653
London,2024-05-02,0.7207207207207207,2.3423423423423424
London,2024-05-03,0.697495183044316,2.140655105973025
London,2024-05-04,0.684964200477327,2.4105011933174225
London,2024-05-05,0.7027027027027027,1.9707207207207207
London,2024-05-06,0.75,2.4257425742574257
London,2024-05-07,0.7154639175257732,2.154639175257732
London,2024-05-08,0.7085953878406709,2.2557651991614254
London,2024-05-09,0.7115009746588694,2.138401559454191
London,2024-05-10,0.7203883495145631,2.2893203883495143
London,2024-05-11,0.6686274509803921,1.7431372549019608
London,2024-05-12,0.6868250539956804,1.8444924406047516
London,2024-05-13,0.6976284584980237,1.9644268774703557
London,2024-05-14,0.7122153209109731,2.1842650103519667
London,2024-05-15,0.717434869739479,2.1482965931863727
London,2024-05-16,0.7259414225941423,2.311715481171548
London,2024-05-17,0.6901960784313725,1.996078431372549
London,2024-05-18,0.7209876543209877,2.0765432098765433
London,2024-05-19,0.6916299559471366,1.8083700440528634
London,2024-05-20,0.6146788990825688,1.2073394495412844
London,2024-05-21,0.6716738197424893,2.1566523605150216
London,2024-05-22,0.6914893617021277,2.2617021276595746
London,2024-05-23,0.6727642276422764,2.0203252032520327
London,2024-05-24,0.6725490196078432,2.0686274509803924
London,2024-05-25,0.6355421686746988,1.697289156626506
London,2024-05-26,0.6117455138662317,1.463295269168026
London,2024-05-27,0.6541598694942904,1.696574225122349
London,2024-05-28,0.7355212355212355,2.16023166023166
London,2024-05-29,0.7004310344827587,2.459051724137931
London,2024-05-30,0.74364896073903,2.7367205542725173
London,2024-05-31,0.7328918322295805,2.5849889624724063
London,2024-06-01,0.6666666666666666,2.2244444444444444
London,2024-06-02,0.688034188034188,1.7799145299145298
London,2024-06-03,0.7046332046332047,2.305019305019305
London,2024-06-04,0.7053406998158379,2.123388581952118
London,2024-06-05,0.6968390804597702,1.9252873563218391
London,2024-06-06,0.6996587030716723,2.1262798634812285
London,2024-06-07,0.7076648841354723,2.2210338680926918
London,2024-06-08,0.6900826446280992,2.049586776859504
London,2024-06-09,0.703962703962704,1.6247086247086246
London,2024-06-10,0.7563218390804598,2.5448275862068965
London,2024-06-11,0.7263374485596708,2.48559670781893
London,2024-06-12,0.7136929460580913,2.3817427385892116
London,2024-06-13,0.7101167315175098,2.2568093385214008
London,2024-06-14,0.7674418604651163,2.86046511627907
London,2024-06-15,0.7107623318385651,2.3251121076233185
London,2024-06-16,0.665938864628821,1.665938864628821
London,2024-06-17,0.671304347826087,1.8469565217391304
London,2024-06-18,0.6949152542372882,1.964406779661017
London,2024-06-19,0.7006079027355623,1.9574468085106382
London,2024-06-20,0.6609442060085837,1.765379113018598
London,2024-06-21,0.6770670826833073,1.8876755070202809
London,2024-06-22,0.6758147512864494,1.9845626072041167
London,2024-06-23,0.6781045751633987,1.6993464052287581
London,2024-06-24,0.6747404844290658,2.08477508650519
London,2024-06-25,0.6756352765321375,1.7997010463378176
London,2024-06-26,0.6735340729001584,1.9778129952456418
London,2024-06-27,0.6850828729281768,2.2117863720073663
London,2024-06-28,0.6678700361010831,2.0144404332129966
London,2024-06-29,0.6797020484171322,1.8752327746741155
London,2024-06-30,0.6635514018691588,1.9789719626168225
London,2024-07-01,0.6571428571428571,1.811904761904762
London,2024-07-02,0.703187250996016,2.1294820717131473
London,2024-07-03,0.7142857142857143,2.0445269016697587
London,2024-07-04,0.6934046345811051,2.106951871657754
London,2024-07-05,0.6844036697247706,2.2458715596330276
London,2024-07-06,0.6868475991649269,2.0981210855949897
London,2024-07-07,0.6892177589852009,1.708245243128964
London,2024-07-08,0.6984402079722704,1.9688041594454073
London,2024-07-09,0.686838124054463,1.9894099848714069
London,2024-07-10,0.7153179190751445,1.9450867052023122
London,2024-07-11,0.7268993839835729,2.6673511293634498
London,2024-07-12,0.7129094412331407,2.3603082851637764
London,2024-07-13,0.6761904761904762,2.0304761904761905
London,2024-07-14,0.6509146341463414,1.5701219512195121
London,2024-07-15,0.7104591836734694,1.7423469387755102
London,2024-07-16,0.6826086956521739,1.9710144927536233
London,2024-07-17,0.6952554744525548,2.3485401459854014
London,2024-07-18,0.7251585623678647,2.558139534883721
London,2024-07-19,0.7408993576017131,2.398286937901499
London,2024-07-20,0.6986607142857143,2.2142857142857144
London,2024-07-21,0.673728813559322,1.8411016949152543
London,2024-07-22,0.6893542757417103,1.9598603839441535
London,2024-07-23,0.7085714285714285,2.2457142857142856
London,2024-07-24,0.7214700193423598,2.3384912959381046
London,2024-07-25,0.738359201773836,2.529933481152993
London,2024-07-26,0.7482185273159145,2.7624703087885987
London,2024-07-27,0.7082405345211581,2.2538975501113585
London,2024-07-28,0.6959183673469388,1.8428571428571427
London,2024-07-29,0.7080645161290322,1.8741935483870968
London,2024-07-30,0.7165109034267912,2.0576323987538943
London,2024-07-31,0.6958855098389982,2.261180679785331
London,2024-08-01,0.6985815602836879,2.1897163120567376
London,2024-08-02,0.7125645438898451,2.1600688468158347
London,2024-08-03,0.675564681724846,2.1047227926078027
London,2024-08-04,0.6686991869918699,1.8191056910569106
London,2024-08-05,0.649737302977233,1.6339754816112084
London,2024-08-06,0.6991452991452991,1.9316239316239316
London,2024-08-07,0.7133891213389121,2.5355648535564854
London,2024-08-08,0.7346938775510204,2.5795918367346937
London,2024-08-09,0.7408163265306122,2.4714285714285715
London,2024-08-10,0.7376344086021506,2.529032258064516
London,2024-08-11,0.7081447963800905,2.183257918552036
London,2024-08-12,0.744343891402715,2.567873303167421
London,2024-08-13,0.7522522522522522,2.713963963963964
London,2024-08-14,0.7485265225933202,2.3634577603143416
London,2024-08-15,0.7162872154115587,2.12784588441331
London,2024-08-16,0.6904761904761905,2.0595238095238093
London,2024-08-17,0.6761453396524486,1.8578199052132702
London,2024-08-18,0.6906614785992218,1.8560311284046693
London,2024-08-19,0.75,2.6386363636363637
London,2024-08-20,0.7580645161290323,2.6059907834101383
London,2024-08-21,0.7477678571428571,2.5691964285714284
London,2024-08-22,0.7372093023255814,2.627906976744186
London,2024-08-23,0.7330316742081447,2.6357466063348416
London,2024-08-24,0.7345971563981043,2.4218009478672986
London,2024-08-25,0.687382297551789,1.8342749529190208
London,2024-08-26,0.6804635761589404,2.056291390728477
London,2024-08-27,0.653566229985444,1.8748180494905387
London,2024-08-28,0.7158671586715867,2.376383763837638
London,2024-08-29,0.7246653919694073,2.3977055449330784
London,2024-08-30,0.6963636363636364,2.2145454545454544
London,2024-08-31,0.7214611872146118,2.3424657534246576
London,2024-09-01,0.7086247086247086,2.272727272727273
London,2024-09-02,0.7242206235011991,1.7865707434052758
London,2024-09-03,0.743421052631579,2.7149122807017543
London,2024-09-04,0.7101449275362319,2.5652173913043477
London,2024-09-05,0.6897810218978102,2.301094890510949
London,2024-09-06,0.6962457337883959,2.2935153583617747
London,2024-09-07,0.71939736346516,2.1186440677966103
London,2024-09-08,0.712742980561555,2.2311015118790496
London,2024-09-09,0.7494553376906318,2.605664488017429
London,2024-09-10,0.7478260869565218,2.6608695652173915
London,2024-09-11,0.7538461538461538,2.7626373626373626
London,2024-09-12,0.7556053811659192,2.8632286995515694
London,2024-09-13,0.793859649122807,2.949561403508772
London,2024-09-14,0.7670329670329671,2.7494505494505495
London,2024-09-15,0.7631578947368421,2.5328947368421053
London,2024-09-16,0.7589285714285714,2.7745535714285716
London,2024-09-17,0.7612293144208038,2.7092198581560285
London,2024-09-18,0.7494089834515366,2.640661938534279
London,2024-09-19,0.7522935779816514,2.4862385321100917
London,2024-09-20,0.7311111111111112,2.442222222222222
London,2024-09-21,0.7218543046357616,1.9845474613686533
London,2024-09-22,0.681640625,1.740234375
London,2024-09-23,0.7383177570093458,2.1925233644859814
London,2024-09-24,0.7232824427480916,2.183206106870229
London,2024-09-25,0.731404958677686,2.293388429752066
London,2024-09-26,0.7049504950495049,2.211881188118812
London,2024-09-27,0.7048543689320388,2.1922330097087377
London,2024-09-28,0.6961770623742455,2.0724346076458753
London,2024-09-29,0.7075892857142857,1.9821428571428572
London,2024-09-30,0.7488372093023256,2.3790697674418606
London,2024-10-01,0.7785087719298246,2.300438596491228
London,2024-10-02,0.7562642369020501,2.44874715261959
London,2024-10-03,0.7742663656884876,2.54627539503386
London,2024-10-04,0.739514348785872,2.280353200883002
London,2024-10-05,0.7149643705463183,1.821852731591449
London,2024-10-06,0.6997929606625258,1.6583850931677018
London,2024-10-07,0.7315175097276264,1.933852140077821
London,2024-10-08,0.7087912087912088,1.9908424908424909
London,2024-10-09,0.7419354838709677,2.3346774193548385
London,2024-10-10,0.7563559322033898,2.444915254237288
London,2024-10-11,0.7224669603524229,2.2224669603524227
London,2024-10-12,0.6990950226244343,1.8619909502262444
London,2024-10-13,0.6681818181818182,1.5340909090909092
London,2024-10-14,0.6801007556675063,1.4055415617128464
London,2024-10-15,0.7388235294117647,2.2023529411764704
London,2024-10-16,0.7342995169082126,2.393719806763285
London,2024-10-17,0.7328431372549019,2.3308823529411766
London,2024-10-18,0.7713625866050808,2.3302540415704387
London,2024-10-19,0.7674418604651163,2.2713178294573644
London,2024-10-20,0.7712082262210797,2.051413881748072
London,2024-10-21,0.7405660377358491,2.233490566037736
London,2024-10-22,0.714622641509434,2.2995283018867925
London,2024-10-23,0.7407407407407407,2.2788671023965144
London,2024-10-24,0.7449664429530202,2.4093959731543624
London,2024-10-25,0.7538126361655774,2.281045751633987
London,2024-10-26,0.7383863080684596,2.1026894865525674
London,2024-10-27,0.713953488372093,1.7604651162790699
London,2024-10-28,0.7450549450549451,2.2879120879120878
London,2024-10-29,0.708984375,2.21484375
London,2024-10-30,0.7236842105263158,2.2982456140350878
London,2024-10-31,0.7251585623678647,2.287526427061311
London,2024-11-01,0.7334963325183375,2.3960880195599024
London,2024-11-02,0.7463768115942029,2.108695652173913
London,2024-11-03,0.7105882352941176,1.7458823529411764
London,2024-11-04,0.7071583514099783,2.0911062906724514
London,2024-11-05,0.72,2.2470588235294118
London,2024-11-06,0.7536585365853659,2.375609756097561
London,2024-11-07,0.7518987341772152,2.4455696202531647
London,2024-11-08,0.7253012048192771,2.3493975903614457
London,2024-11-09,0.7,2.0097560975609756
London,2024-11-10,0.6752336448598131,1.5817757009345794
London,2024-11-11,0.7556675062972292,2.3123425692695214
London,2024-11-12,0.7259953161592506,2.250585480093677
London,2024-11-13,0.7066666666666667,2.2888888888888888
London,2024-11-14,0.7149425287356321,2.160919540229885
London,2024-11-15,0.7635467980295566,2.3054187192118225
London,2024-11-16,0.7335092348284961,2.3693931398416885
London,2024-11-17,0.7135549872122762,1.918158567774936
London,2024-11-18,0.7136150234741784,2.2370892018779345
London,2024-11-19,0.724373576309795,2.202733485193622
London,2024-11-20,0.7315436241610739,2.261744966442953
London,2024-11-21,0.7406483790523691,2.488778054862843
London,2024-11-22,0.7356608478802993,2.3541147132169575
London,2024-11-23,0.7364532019704434,2.1576354679802954
London,2024-11-24,0.7396907216494846,1.8943298969072164
London,2024-11-25,0.7487562189054726,2.0796019900497513
London,2024-11-26,0.7474747474747475,2.2702020202020203
London,2024-11-27,0.7584415584415585,2.348051948051948
London,2024-11-28,0.7529976019184652,2.028776978417266
London,2024-11-29,0.7281323877068558,2.144208037825059
London,2024-11-30,0.6852678571428571,1.8191964285714286
London,2024-12-01,0.6757369614512472,1.3945578231292517
London,2024-12-02,0.6862348178137652,1.742914979757085
London,2024-12-03,0.693069306930693,1.7405940594059406
London,2024-12-04,0.6936758893280632,1.7588932806324111
London,2024-12-05,0.6653386454183267,1.6195219123505975
London,2024-12-06,0.695852534562212,1.9907834101382489
London,2024-12-07,0.7210401891252955,1.8203309692671394
London,2024-12-08,0.7146282973621103,1.6163069544364508
London,2024-12-09,0.7529411764705882,1.8070588235294118
London,2024-12-10,0.7348484848484849,2.0505050505050506
London,2024-12-11,0.7188264058679706,1.9339853300733496
London,2024-12-12,0.7284595300261096,2.1279373368146213
London,2024-12-13,0.7324324324324324,1.9783783783783784
London,2024-12-14,0.7289002557544757,2.0051150895140664
London,2024-12-15,0.7275132275132276,1.664021164021164
London,2024-12-16,0.7568922305764411,2.0150375939849625
London,2024-12-17,0.7647058823529411,2.0962566844919786
London,2024-12-18,0.7577319587628866,2.167525773195876
London,2024-12-19,0.753731343283582,2.1343283582089554
London,2024-12-20,0.7583547557840618,2.1928020565552697
London,2024-12-21,0.7161803713527851,1.9496021220159152
London,2024-12-22,0.7066666666666667,1.6693333333333333
London,2024-12-23,0.7493261455525606,2.175202156334232
London,2024-12-24,0.7553516819571865,2.0122324159021407
London,2024-12-25,0.7231270358306189,1.3648208469055374
London,2024-12-26,0.716374269005848,1.5321637426900585
London,2024-12-27,0.7549857549857549,1.7378917378917378
London,2024-12-28,0.7385057471264368,1.75
London,2024-12-29,0.7142857142857143,1.4723032069970845
London,2024-12-30,0.7449856733524355,1.7679083094555874
London,2024-12-31,0.73224043715847,1.8852459016393444
London,2025-01-01,0.6745562130177515,1.272189349112426
London,2025-01-02,0.7130681818181818,1.7727272727272727
London,2025-01-03,0.7122905027932961,1.7486033519553073
London,2025-01-04,0.7293447293447294,1.6951566951566952
London,2025-01-05,0.7134670487106017,1.4183381088825215
London,2025-01-06,0.75,1.9605263157894737
London,2025-01-07,0.7434679334916865,1.8907363420427554
London,2025-01-08,0.7131979695431472,1.8071065989847717
London,2025-01-09,0.7402597402597403,1.981818181818182
London,2025-01-10,0.7560321715817694,2.0428954423592494
London,2025-01-11,0.7306590257879656,1.988538681948424
London,2025-01-12,0.7298136645962733,1.6149068322981366
London,2025-01-13,0.7593123209169055,2.0888252148997135
London,2025-01-14,0.7650429799426934,2.0
London,2025-01-15,0.7602339181286549,2.1052631578947367
London,2025-01-16,0.7378917378917379,1.982905982905983
London,2025-01-17,0.7711864406779662,2.1299435028248586
London,2025-01-18,0.6909090909090909,1.8
London,2025-01-19,0.726775956284153,1.6311475409836065
London,2025-01-20,0.7421203438395415,1.9111747851002865
London,2025-01-21,0.7507163323782235,1.8796561604584527
London,2025-01-22,0.7428571428571429,2.025714285714286
London,2025-01-23,0.7630057803468208,2.1184971098265897
London,2025-01-24,0.7591463414634146,2.2195121951219514
London,2025-01-25,0.7295597484276729,1.7767295597484276
London,2025-01-26,0.6991150442477876,1.5693215339233038
London,2025-01-27,0.7466666666666667,1.9226666666666667
London,2025-01-28,0.7514285714285714,1.9142857142857144
London,2025-01-29,0.7407407407407407,1.7863247863247864
London,2025-01-30,0.7584097859327217,1.981651376146789
London,2025-01-31,0.7384196185286104,2.0544959128065394
London,2025-02-01,0.7551020408163265,1.9591836734693877
London,2025-02-02,0.742671009771987,1.703583061889251
London,2025-02-03,0.793918918918919,2.010135135135135
London,2025-02-04,0.7476635514018691,2.1059190031152646
London,2025-02-05,0.7373417721518988,2.0411392405063293
London,2025-02-06,0.7213622291021672,1.956656346749226
London,2025-02-07,0.7476038338658147,2.0926517571884986
London,2025-02-08,0.7325581395348837,1.7674418604651163
London,2025-02-09,0.7009646302250804,1.697749196141479
London,2025-02-10,0.7302052785923754,1.782991202346041
London,2025-02-11,0.7643835616438356,1.8684931506849316
London,2025-02-12,0.727735368956743,1.6921119592875318
London,2025-02-13,0.7335243553008596,1.9770773638968482
London,2025-02-14,0.7487046632124352,2.0362694300518136
London,2025-02-15,0.6774193548387096,1.7123655913978495
London,2025-02-16,0.6739811912225705,1.6363636363636365
London,2025-02-17,0.7010309278350515,1.5051546391752577
London,2025-02-18,0.7388535031847133,1.9872611464968153
London,2025-02-19,0.7287066246056783,2.047318611987382
London,2025-02-20,0.7491961414790996,2.0032154340836015
London,2025-02-21,0.7559322033898305,2.288135593220339
London,2025-02-22,0.75,1.9013157894736843
London,2025-02-23,0.7455830388692579,1.6996466431095407
London,2025-02-24,0.745819397993311,1.9464882943143813
London,2025-02-25,0.75,2.12
London,2025-02-26,0.7147540983606557,2.0131147540983605
London,2025-02-27,0.7376543209876543,2.169753086419753
London,2025-02-28,0.7771084337349398,2.2289156626506026
London,2025-03-01,0.7363344051446945,2.0160771704180065
London,2025-03-02,0.7570422535211268,1.8556338028169015
London,2025-03-03,0.7454545454545455,1.9787878787878788
London,2025-03-04,0.7559523809523809,1.8720238095238095
London,2025-03-05,0.7267080745341615,2.127329192546584
London,2025-03-06,0.75,2.1973684210526314
London,2025-03-07,0.7278688524590164,2.1508196721311474
London,2025-03-08,0.7612903225806451,2.0129032258064514
London,2025-03-09,0.7375886524822695,1.698581560283688
London,2025-03-10,0.7647058823529411,2.121107266435986
London,2025-03-11,0.7441077441077442,2.1683501683501682
London,2025-03-12,0.7627118644067796,2.2576271186440677
London,2025-03-13,0.7574750830564784,2.222591362126246
London,2025-03-14,0.7178770949720671,2.0726256983240225
London,2025-03-15,0.7091412742382271,1.7506925207756232
London,2025-03-16,0.7003257328990228,1.6449511400651466
London,2025-03-17,0.7523809523809524,2.1746031746031744
London,2025-03-18,0.7554179566563467,2.222910216718266
London,2025-03-19,0.7357357357357357,2.171171171171171
London,2025-03-20,0.7331288343558282,2.1165644171779143
London,2025-03-21,0.7616099071207431,2.278637770897833
London,2025-03-22,0.7314814814814815,1.9938271604938271
London,2025-03-23,0.7792207792207793,1.7629870129870129
London,2025-03-24,0.74375,1.9125
London,2025-03-25,0.737012987012987,2.0259740259740258
London,2025-03-26,0.7530864197530864,1.9814814814814814
London,2025-03-27,0.712707182320442,2.1270718232044197
London,2025-03-28,0.7458563535911602,2.1629834254143647
London,2025-03-29,0.7230320699708455,2.067055393586006
London,2025-03-30,0.6968838526912181,1.6458923512747876
London,2025-03-31,0.7256410256410256,1.941025641025641
London,2025-04-01,0.7117346938775511,1.8801020408163265
London,2025-04-02,0.7128712871287128,1.881188118811881
London,2025-04-03,0.7837078651685393,2.455056179775281
London,2025-04-04,0.772020725388601,2.44300518134715
London,2025-04-05,0.7214854111405835,2.103448275862069
London,2025-04-06,0.6925287356321839,1.971264367816092
London,2025-04-07,0.7205882352941176,2.1470588235294117
London,2025-04-08,0.7252747252747253,1.9587912087912087
London,2025-04-09,0.7528409090909091,2.2244318181818183
London,2025-04-10,0.7351190476190477,2.1577380952380953
London,2025-04-11,0.7439759036144579,2.3042168674698793
London,2025-04-12,0.718562874251497,2.182634730538922
London,2025-04-13,0.7304075235109718,1.9090909090909092
London,2025-04-14,0.7167630057803468,2.277456647398844
London,2025-04-15,0.7159420289855073,1.9333333333333333
London,2025-04-16,0.7380281690140845,2.129577464788732
London,2025-04-17,0.7286432160804021,2.351758793969849
London,2025-04-18,0.7064676616915423,1.5746268656716418
London,2025-04-19,0.6767676767676768,1.9747474747474747
London,2025-04-20,0.672566371681416,1.5870206489675516
London,2025-04-21,0.7265625,1.8411458333333333
London,2025-04-22,0.7293447293447294,2.2678062678062676
London,2025-04-23,0.7479224376731302,2.365650969529086
London,2025-04-24,0.7507163323782235,2.5530085959885387
London,2025-04-25,0.7124352331606217,2.2202072538860103
London,2025-04-26,0.7329376854599406,2.0623145400593472
London,2025-04-27,0.7246753246753247,1.8077922077922077
London,2025-04-28,0.7284263959390863,2.248730964467005
London,2025-04-29,0.722007722007722,1.832046332046332
London,2025-04-30,0.7365853658536585,2.129268292682927
London,2025-05-01,0.710955710955711,1.9883449883449884
London,2025-05-02,0.7573333333333333,2.3626666666666667
London,2025-05-03,0.7272727272727273,2.0748663101604277
London,2025-05-04,0.6632124352331606,1.7150259067357514
London,2025-05-05,0.7186700767263428,2.0588235294117645
London,2025-05-06,0.7382920110192838,2.3829201101928374
London,2025-05-07,0.749271137026239,2.434402332361516
London,2025-05-08,0.7223880597014926,2.5074626865671643
London,2025-05-09,0.75,2.4098837209302326
London,2025-05-10,0.7087087087087087,2.294294294294294
London,2025-05-11,0.7023809523809523,2.1964285714285716
London,2025-05-12,0.7297297297297297,2.364864864864865
London,2025-05-13,0.6954314720812182,2.1421319796954315
London,2025-05-14,0.7150684931506849,2.304109589041096
London,2025-05-15,0.6805896805896806,2.152334152334152
London,2025-05-16,0.6903073286052009,2.1252955082742315
London,2025-05-17,0.6852941176470588,2.0911764705882354
London,2025-05-18,0.6761904761904762,1.8603174603174604
London,2025-05-19,0.6605504587155964,1.6452599388379205
London,2025-05-20,0.7225,2.2125
London,2025-05-21,0.7093596059113301,2.0369458128078817
London,2025-05-22,0.6900269541778976,2.2452830188679247
London,2025-05-23,0.726790450928382,2.477453580901857
London,2025-05-24,0.739612188365651,2.3462603878116344
London,2025-05-25,0.7039106145251397,1.9720670391061452
London,2025-05-26,0.7039800995024875,2.1940298507462686
London,2025-05-27,0.6839622641509434,2.2004716981132075
London,2025-05-28,0.7025862068965517,1.9612068965517242
London,2025-05-29,0.6941431670281996,2.052060737527115
London,2025-05-30,0.6946236559139785,1.9956989247311827
London,2025-05-31,0.6907730673316709,1.9002493765586035
London,2025-06-01,0.7116883116883117,1.9922077922077923
London,2025-06-02,0.7075,2.29
London,2025-06-03,0.7067833698030634,2.2166301969365425
London,2025-06-04,0.6746031746031746,2.003968253968254
London,2025-06-05,0.6896551724137931,1.9870689655172413
London,2025-06-06,0.6926503340757239,2.2271714922048997
London,2025-06-07,0.6884057971014492,1.9685990338164252
London,2025-06-08,0.6756152125279642,1.6733780760626398
London,2025-06-09,0.683083511777302,2.1605995717344753
London,2025-06-10,0.6916299559471366,2.185022026431718
London,2025-06-11,0.7163461538461539,2.2091346153846154
London,2025-06-12,0.7136150234741784,2.112676056338028
London,2025-06-13,0.7050359712230215,2.2350119904076737
London,2025-06-14,0.7064935064935065,2.1844155844155844
London,2025-06-15,0.7365728900255755,1.9053708439897699
London,2025-06-16,0.7082452431289641,1.9323467230443974
London,2025-06-17,0.7089108910891089,1.9089108910891088
London,2025-06-18,0.6945337620578779,1.8263665594855305
London,2025-06-19,0.6795096322241682,1.957968476357268
London,2025-06-20,0.7079303675048356,1.9825918762088974
London,2025-06-21,0.7057569296375267,1.9402985074626866
London,2025-06-22,0.6967032967032967,1.6923076923076923
London,2025-06-23,0.7329059829059829,1.985042735042735
London,2025-06-24,0.7040816326530612,1.9812925170068028
London,2025-06-25,0.7191011235955056,2.146067415730337
London,2025-06-26,0.7132743362831858,2.104424778761062
London,2025-06-27,0.7034764826175869,2.179959100204499
London,2025-06-28,0.6919642857142857,1.8794642857142858
London,2025-06-29,0.6905829596412556,1.8004484304932735
London,2025-06-30,0.7072727272727273,2.0290909090909093
London,2025-07-01,0.7146067415730337,1.8584269662921349
London,2025-07-02,0.7510204081632653,2.2081632653061223
London,2025-07-03,0.743421052631579,2.4539473684210527
London,2025-07-04,0.7238979118329466,2.508120649651972
London,2025-07-05,0.6879120879120879,2.002197802197802
London,2025-07-06,0.7158119658119658,1.7756410256410255
London,2025-07-07,0.7140039447731755,2.086785009861933
London,2025-07-08,0.7157258064516129,2.225806451612903
London,2025-07-09,0.7019400352733686,1.9788359788359788
London,2025-07-10,0.7235294117647059,2.135294117647059
London,2025-07-11,0.6869244935543278,2.0718232044198897
London,2025-07-12,0.6508264462809917,1.8161157024793388
London,2025-07-13,0.6643835616438356,1.7716894977168949
London,2025-07-14,0.7016706443914081,2.1575178997613365
London,2025-07-15,0.711864406779661,2.2978208232445523
London,2025-07-16,0.6798336798336798,2.0145530145530146
London,2025-07-17,0.7192118226600985,2.3866995073891624
London,2025-07-18,0.7131979695431472,2.5431472081218276
London,2025-07-19,0.6968911917098446,2.2124352331606216
London,2025-07-20,0.7277777777777777,2.1083333333333334
London,2025-07-21,0.7565217391304347,2.550724637681159
London,2025-07-22,0.7552631578947369,2.5052631578947366
London,2025-07-23,0.7209302325581395,2.2583979328165373
London,2025-07-24,0.6934579439252336,1.9775700934579439
London,2025-07-25,0.6866666666666666,2.1266666666666665
London,2025-07-26,0.662870159453303,1.8086560364464692
London,2025-07-27,0.693069306930693,1.8440594059405941
London,2025-07-28,0.7071428571428572,2.1952380952380954
London,2025-07-29,0.7283653846153846,2.2596153846153846
London,2025-07-30,0.7246049661399548,2.2415349887133185
London,2025-07-31,0.7338129496402878,2.41726618705036
London,2025-08-01,0.727027027027027,2.4891891891891893
London,2025-08-02,0.6735294117647059,2.1470588235294117
London,2025-08-03,0.6996996996996997,1.993993993993994
London,2025-08-04,0.7008797653958945,1.7624633431085044
London,2025-08-05,0.7241379310344828,2.363395225464191
London,2025-08-06,0.7431693989071039,2.4153005464480874
London,2025-08-07,0.7122905027932961,2.3268156424581004
London,2025-08-08,0.6829896907216495,2.1082474226804124
London,2025-08-09,0.7094972067039106,1.9608938547486034
London,2025-08-10,0.6909090909090909,1.683116883116883
London,2025-08-11,0.7146341463414634,2.0609756097560976
London,2025-08-12,0.6945054945054945,2.1164835164835165
London,2025-08-13,0.7256857855361596,2.3865336658354113
London,2025-08-14,0.7240506329113924,2.339240506329114
London,2025-08-15,0.6982543640897756,2.2693266832917707
London,2025-08-16,0.6966580976863753,2.0
London,2025-08-17,0.6708542713567839,1.7386934673366834
London,2025-08-18,0.687192118226601,2.1354679802955663
London,2025-08-19,0.7176470588235294,2.0894117647058823
London,2025-08-20,0.7526315789473684,2.444736842105263
London,2025-08-21,0.7453580901856764,2.5305039787798407
London,2025-08-22,0.7035175879396985,2.2462311557788945
London,2025-08-23,0.654228855721393,1.8955223880597014
London,2025-08-24,0.7043701799485861,1.7969151670951158
London,2025-08-25,0.6824146981627297,2.215223097112861
London,2025-08-26,0.7032085561497327,2.283422459893048
London,2025-08-27,0.7387862796833773,2.3271767810026387
London,2025-08-28,0.7397959183673469,2.270408163265306
London,2025-08-29,0.7514285714285714,2.611428571428571
London,2025-08-30,0.7065527065527065,2.0997150997150995
London,2025-08-31,0.7272727272727273,2.187683284457478
London,2025-09-01,0.685459940652819,1.9554896142433233
London,2025-09-02,0.7304785894206549,2.46095717884131
London,2025-09-03,0.7386091127098321,2.628297362110312
London,2025-09-04,0.7203791469194313,2.6729857819905214
London,2025-09-05,0.7852028639618138,2.8162291169451072
London,2025-09-06,0.7814070351758794,2.821608040201005
London,2025-09-07,0.7551546391752577,2.404639175257732
London,2025-09-08,0.7447368421052631,2.5
London,2025-09-09,0.7376623376623377,2.4597402597402596
London,2025-09-10,0.7416666666666667,2.5805555555555557
London,2025-09-11,0.7397260273972602,2.4904109589041097
London,2025-09-12,0.7518987341772152,2.721518987341772
London,2025-09-13,0.7287671232876712,2.2684931506849315
London,2025-09-14,0.69164265129683,2.0201729106628243
London,2025-09-15,0.7740112994350282,2.5395480225988702
London,2025-09-16,0.7700831024930748,2.518005540166205
London,2025-09-17,0.7673130193905817,2.673130193905817
London,2025-09-18,0.7698863636363636,2.585227272727273
London,2025-09-19,0.7300275482093664,2.4517906336088156
London,2025-09-20,0.7229916897506925,2.0775623268698062
London,2025-09-21,0.6704805491990846,1.4919908466819223
London,2025-09-22,0.7204081632653061,1.9285714285714286
London,2025-09-23,0.7284768211920529,2.0706401766004414
London,2025-09-24,0.7348837209302326,2.2046511627906975
London,2025-09-25,0.7951482479784366,2.579514824797844
London,2025-09-26,0.7230769230769231,2.471794871794872
London,2025-09-27,0.7142857142857143,2.272727272727273
London,2025-09-28,0.7349726775956285,1.9562841530054644
London,2025-09-29,0.7553191489361702,2.2925531914893615
London,2025-09-30,0.7831632653061225,2.239795918367347
London,2025-10-01,0.7760814249363868,2.435114503816794
London,2025-10-02,0.7644230769230769,2.3125
London,2025-10-03,0.7843137254901961,2.3823529411764706
London,2025-10-04,0.7238095238095238,1.9166666666666667
London,2025-10-05,0.7136842105263158,1.6336842105263158
London,2025-10-06,0.7413793103448276,2.028735632183908
London,2025-10-07,0.7577981651376147,2.001834862385321
London,2025-10-08,0.7722772277227723,2.1900990099009903
London,2025-10-09,0.7817164179104478,2.158582089552239
London,2025-10-10,0.7782026768642447,2.225621414913958
London,2025-10-11,0.7363083164300203,1.9634888438133875
London,2025-10-12,0.770042194092827,1.8227848101265822
London,2025-10-13,0.7536534446764092,1.4864300626304803
London,2025-10-14,0.781981981981982,2.0558558558558557
London,2025-10-15,0.7758318739054291,2.1541155866900175
London,2025-10-16,0.8039568345323741,2.226618705035971
London,2025-10-17,0.7592592592592593,2.0
London,2025-10-18,0.7533333333333333,1.86
London,2025-10-19,0.7317880794701986,1.5596026490066226
London,2025-10-20,0.7826797385620915,1.9689542483660132
London,2025-10-21,0.7601880877742947,1.8197492163009403
London,2025-10-22,0.7642405063291139,1.8069620253164558
London,2025-10-23,0.786833855799373,1.8322884012539185
London,2025-10-24,0.7601351351351351,2.0692567567567566
London,2025-10-25,0.7663043478260869,1.9221014492753623
London,2025-10-26,0.7618147448015122,1.724007561436673
London,2025-10-27,0.7732656514382402,2.0
London,2025-10-28,0.7865168539325843,1.884430176565008
London,2025-10-29,0.7694753577106518,1.9618441971383147
London,2025-10-30,0.7766990291262136,1.8980582524271845
London,2025-10-31,0.7881773399014779,2.1198686371100166
London,2025-11-01,0.7535714285714286,1.8357142857142856
London,2025-11-02,0.7541284403669725,1.6844036697247706
London,2025-11-03,0.7789115646258503,1.9472789115646258
London,2025-11-04,0.7715289982425307,1.9103690685413006
London,2025-11-05,0.7577741407528642,1.7872340425531914
London,2025-11-06,0.7660714285714286,1.9857142857142858
London,2025-11-07,0.7674418604651163,1.93687707641196
London,2025-11-08,0.7457337883959044,1.7474402730375427
London,2025-11-09,0.727580372250423,1.455160744500846
London,2025-11-10,0.752411575562701,1.9308681672025723
London,2025-11-11,0.7770491803278688,1.9475409836065574
London,2025-11-12,0.788961038961039,1.9237012987012987
London,2025-11-13,0.7920792079207921,1.981848184818482
London,2025-11-14,0.7924528301886793,2.078902229845626
London,2025-11-15,0.7729549248747913,1.8447412353923205
London,2025-11-16,0.7495826377295493,1.6193656093489148
London,2025-11-17,0.7937007874015748,1.963779527559055
London,2025-11-18,0.7872340425531915,1.9738134206219313
London,2025-11-19,0.7950819672131147,1.9721311475409835
London,2025-11-20,0.7934959349593496,2.0504065040650405
London,2025-11-21,0.7992957746478874,2.117957746478873
London,2025-11-22,0.7926829268292683,1.8275261324041812
London,2025-11-23,0.7883597883597884,1.6737213403880071
London,2025-11-24,0.7840909090909091,1.8555194805194806
London,2025-11-25,0.7894736842105263,1.8676236044657097
London,2025-11-26,0.7809667673716012,1.8685800604229608
London,2025-11-27,0.7874251497005988,1.875748502994012
London,2025-11-28,0.8015873015873016,2.0095238095238095
London,2025-11-29,0.7619808306709265,1.7236421725239617
London,2025-11-30,0.7652733118971061,1.607717041800643
London,2025-12-01,0.7856025039123631,2.0344287949921753
London,2025-12-02,0.7885906040268457,1.8271812080536913
London,2025-12-03,0.7754098360655738,1.9032786885245903
London,2025-12-04,0.7970049916805324,2.016638935108153
London,2025-12-05,0.7874149659863946,2.1462585034013606
London,2025-12-06,0.7886323268206039,1.9946714031971582
London,2025-12-07,0.7704626334519573,1.6441281138790036
London,2025-12-08,0.7821138211382114,1.8910569105691057
London,2025-12-09,0.7633928571428571,1.75
London,2025-12-10,0.76793893129771,1.8183206106870229
London,2025-12-11,0.7951807228915663,1.9969879518072289
London,2025-12-12,0.7723577235772358,2.0715447154471547
London,2025-12-13,0.7483660130718954,1.7777777777777777
London,2025-12-14,0.74,1.4966666666666666
London,2025-12-15,0.7727272727272727,1.9781144781144782
London,2025-12-16,0.7691029900332226,1.8222591362126246
London,2025-12-17,0.7752808988764045,1.8651685393258426
London,2025-12-18,0.7719568567026194,1.8828967642526964
London,2025-12-19,0.7761904761904762,1.980952380952381
London,2025-12-20,0.7834710743801653,1.9834710743801653
London,2025-12-21,0.7707979626485568,1.6740237691001698
London,2025-12-22,0.770096463022508,1.9019292604501608
London,2025-12-23,0.7925531914893617,2.24290780141844
London,2025-12-24,0.7869481765834933,2.049904030710173
London,2025-12-25,0.7739307535641547,1.3991853360488797
London,2025-12-26,0.7403508771929824,1.46140350877193
London,2025-12-27,0.7521514629948365,1.5920826161790018
London,2025-12-28,0.7423014586709886,1.4651539708265802
London,2025-12-29,0.7610169491525424,1.6389830508474577
London,2025-12-30,0.7732656514382402,1.8612521150592216
London,2025-12-31,0.7659574468085106,1.9131205673758864
Montreal,2023-01-01,0.4137426900584795,1.0285087719298245
Montreal,2023-01-02,0.409058231488138,1.2624011502516175
Montreal,2023-01-03,0.4274537695590327,1.2802275960170697
Montreal,2023-01-04,0.4371508379888268,1.3875698324022345
Montreal,2023-01-05,0.44665194996320823,1.3760117733627668
Montreal,2023-01-06,0.4517543859649123,1.4078947368421053
Montreal,2023-01-07,0.45657015590200445,1.3793615441722347
Montreal,2023-01-08,0.43037974683544306,1.1340282948622487
Montreal,2023-01-09,0.4469314079422383,1.4021660649819494
Montreal,2023-01-10,0.453723034098817,1.4662491301322198
Montreal,2023-01-11,0.45473393227366965,1.4920525224602625
Montreal,2023-01-12,0.4612352168199737,1.4730617608409986
Montreal,2023-01-13,0.4413447782546495,1.4256080114449212
Montreal,2023-01-14,0.43544857768052514,1.4055433989788475
Montreal,2023-01-15,0.42664670658682635,1.2133233532934131
Montreal,2023-01-16,0.47417503586800575,1.5624103299856529
Montreal,2023-01-17,0.4643377001455604,1.5065502183406114
Montreal,2023-01-18,0.47,1.5514285714285714
Montreal,2023-01-19,0.4883556810162315,1.5913902611150317
Montreal,2023-01-20,0.46525237746891,1.3899049012435991
Montreal,2023-01-21,0.4590038314176245,1.3256704980842913
Montreal,2023-01-22,0.4509505703422053,1.1711026615969582
Montreal,2023-01-23,0.46464646464646464,1.455988455988456
Montreal,2023-01-24,0.4822190611664296,1.5341394025604551
Montreal,2023-01-25,0.47467036780013877,1.4448299791811243
Montreal,2023-01-26,0.4763636363636364,1.456
Montreal,2023-01-27,0.46336206896551724,1.5474137931034482
Montreal,2023-01-28,0.44337527757216877,1.463360473723168
Montreal,2023-01-29,0.4246268656716418,1.1522388059701492
Montreal,2023-01-30,0.4547429398986242,1.5177407675597394
Montreal,2023-01-31,0.4633093525179856,1.5258992805755396
Montreal,2023-02-01,0.481962481962482,1.6096681096681096
Montreal,2023-02-02,0.4703328509406657,1.5195369030390737
Montreal,2023-02-03,0.4684484038604306,1.305864884929473
Montreal,2023-02-04,0.432183908045977,1.2482758620689656
Montreal,2023-02-05,0.43197026022304835,1.1851301115241635
Montreal,2023-02-06,0.46474601971190294,1.5208491281273693
Montreal,2023-02-07,0.4710682492581602,1.594213649851632
Montreal,2023-02-08,0.4670614359733531,1.4803849000740192
Montreal,2023-02-09,0.4765739385065886,1.5417276720351392
Montreal,2023-02-10,0.46828908554572274,1.4837758112094395
Montreal,2023-02-11,0.4550989345509893,1.5471841704718416
Montreal,2023-02-12,0.43656716417910446,1.2701492537313432
Montreal,2023-02-13,0.4609552691432904,1.5200909780136467
Montreal,2023-02-14,0.4749813293502614,1.5825242718446602
Montreal,2023-02-15,0.46273062730627307,1.5771217712177121
Montreal,2023-02-16,0.4661764705882353,1.5911764705882352
Montreal,2023-02-17,0.45494505494505494,1.4534798534798534
Montreal,2023-02-18,0.4444444444444444,1.4241741741741742
Montreal,2023-02-19,0.42674680691209615,1.3365890308039068
Montreal,2023-02-20,0.46285714285714286,1.4835714285714285
Montreal,2023-02-21,0.45971223021582736,1.5172661870503596
Montreal,2023-02-22,0.45664739884393063,1.5166184971098267
Montreal,2023-02-23,0.4700222057735011,1.5048112509252405
Montreal,2023-02-24,0.4508627156789197,1.431357839459865
Montreal,2023-02-25,0.44357366771159873,1.4474921630094044
Montreal,2023-02-26,0.4242658423493045,1.1599690880989182
Montreal,2023-02-27,0.4421613394216134,1.4452054794520548
Montreal,2023-02-28,0.44866920152091255,1.4486692015209126
Montreal,2023-03-01,0.4665641813989239,1.5649500384319754
Montreal,2023-03-02,0.454477050413845,1.5432656132430398
Montreal,2023-03-03,0.46909903201787045,1.667163067758749
Montreal,2023-03-04,0.4212218649517685,1.2813504823151125
Montreal,2023-03-05,0.43427230046948356,1.245696400625978
Montreal,2023-03-06,0.4632068164213788,1.5267234701781565
Montreal,2023-03-07,0.47277032359905286,1.606156274664562
Montreal,2023-03-08,0.4752553024351925,1.6355066771406128
Montreal,2023-03-09,0.4920255183413078,1.5645933014354068
Montreal,2023-03-10,0.4714064914992272,1.5247295208655331
Montreal,2023-03-11,0.45737051792828687,1.449402390438247
Montreal,2023-03-12,0.4200626959247649,1.224921630094044
Montreal,2023-03-13,0.46977811782708495,1.5026778882938026
Montreal,2023-03-14,0.479483282674772,1.588145896656535
Montreal,2023-03-15,0.4791192103264996,1.633257403189066
Montreal,2023-03-16,0.47241647241647244,1.508935508935509
Montreal,2023-03-17,0.468034727703236,1.4830307813733228
Montreal,2023-03-18,0.44291497975708505,1.451012145748988
Montreal,2023-03-19,0.43276283618581907,1.2102689486552567
Montreal,2023-03-20,0.46526655896607433,1.5234248788368336
Montreal,2023-03-21,0.48104265402843605,1.5276461295418642
Montreal,2023-03-22,0.453198127925117,1.424336973478939
Montreal,2023-03-23,0.46273291925465837,1.3695652173913044
Montreal,2023-03-24,0.466977466977467,1.4996114996114995
Montreal,2023-03-25,0.43432715551974216,1.2514101531023367
Montreal,2023-03-26,0.40145985401459855,1.1208434712084347
Montreal,2023-03-27,0.4490968801313629,1.5410509031198687
Montreal,2023-03-28,0.4733492442322991,1.5727923627684963
Montreal,2023-03-29,0.4682850430696946,1.5074393108848865
Montreal,2023-03-30,0.471183800623053,1.4571651090342679
Montreal,2023-03-31,0.4506604506604507,1.4506604506604506
Montreal,2023-04-01,0.444624090541633,1.475343573160873
Montreal,2023-04-02,0.4400977995110024,1.2991035044824777
Montreal,2023-04-03,0.44122137404580153,1.400763358778626
Montreal,2023-04-04,0.46079881656804733,1.525887573964497
Montreal,2023-04-05,0.44412607449856734,1.3603151862464182
Montreal,2023-04-06,0.44714828897338404,1.514828897338403
Montreal,2023-04-07,0.428,1.4408
Montreal,2023-04-08,0.4141078838174274,1.4796680497925312
Montreal,2023-04-09,0.40594059405940597,1.1064356435643565
Montreal,2023-04-10,0.4262691377921031,1.3166800966962127
Montreal,2023-04-11,0.45550161812297735,1.477346278317152
Montreal,2023-04-12,0.4805194805194805,1.5633116883116882
Montreal,2023-04-13,0.4957841483979764,1.7419898819561552
Montreal,2023-04-14,0.4603174603174603,1.672514619883041
Montreal,2023-04-15,0.4272875816993464,1.4812091503267975
Montreal,2023-04-16,0.41253051261187956,1.276647681041497
Montreal,2023-04-17,0.46160064672594986,1.4696847210994342
Montreal,2023-04-18,0.47783251231527096,1.5788177339901477
Montreal,2023-04-19,0.4758454106280193,1.5442834138486312
Montreal,2023-04-20,0.46859903381642515,1.6167471819645733
Montreal,2023-04-21,0.4691753402722178,1.5220176140912731
Montreal,2023-04-22,0.4217854217854218,1.4586404586404587
Montreal,2023-04-23,0.4242174629324547,1.2240527182866556
Montreal,2023-04-24,0.4409199048374306,1.358445678033307
Montreal,2023-04-25,0.45750595710881653,1.4392374900714853
Montreal,2023-04-26,0.45863453815261046,1.4449799196787148
Montreal,2023-04-27,0.4859663191659984,1.6439454691259021
Montreal,2023-04-28,0.46178343949044587,1.6528662420382165
Montreal,2023-04-29,0.4324734446130501,1.3990895295902883
Montreal,2023-04-30,0.4034954407294833,1.1709726443768997
Montreal,2023-05-01,0.41014168530947054,1.2997762863534676
Montreal,2023-05-02,0.4447852760736196,1.3872699386503067
Montreal,2023-05-03,0.4496753246753247,1.4082792207792207
Montreal,2023-05-04,0.46180257510729616,1.5836909871244635
Montreal,2023-05-05,0.44209636517328826,1.5748098055790363
Montreal,2023-05-06,0.4397163120567376,1.6462765957446808
Montreal,2023-05-07,0.4095409540954095,1.378037803780378
Montreal,2023-05-08,0.4451327433628319,1.5628318584070797
Montreal,2023-05-09,0.4567350579839429,1.592328278322926
Montreal,2023-05-10,0.4630454140694568,1.628673196794301
Montreal,2023-05-11,0.4588131089459699,1.6696191319751994
Montreal,2023-05-12,0.45741878841088673,1.6251097453906935
Montreal,2023-05-13,0.4281742354031511,1.437442075996293
Montreal,2023-05-14,0.42818181818181816,1.3218181818181818
Montreal,2023-05-15,0.4423076923076923,1.5043706293706294
Montreal,2023-05-16,0.4435831180017227,1.4659776055124891
Montreal,2023-05-17,0.46835443037974683,1.5786618444846292
Montreal,2023-05-18,0.4653812445223488,1.6012269938650308
Montreal,2023-05-19,0.4592529711375212,1.6417657045840408
Montreal,2023-05-20,0.42780269058295967,1.3766816143497758
Montreal,2023-05-21,0.394275161588181,1.319482917820868
Montreal,2023-05-22,0.39360730593607307,1.2529680365296805
Montreal,2023-05-23,0.42732811140121846,1.4142732811140122
Montreal,2023-05-24,0.4473684210526316,1.4821731748726656
Montreal,2023-05-25,0.46403508771929824,1.5464912280701755
Montreal,2023-05-26,0.46631205673758863,1.6453900709219857
Montreal,2023-05-27,0.43974241030358785,1.594296228150874
Montreal,2023-05-28,0.4448495897903373,1.4995442114858706
Montreal,2023-05-29,0.47137745974955275,1.6779964221824686
Montreal,2023-05-30,0.4713430282292558,1.4918733960650128
Montreal,2023-05-31,0.44849445324881143,1.487321711568938
Montreal,2023-06-01,0.4434544208361892,1.387251542152159
Montreal,2023-06-02,0.4411764705882353,1.473457675753228
Montreal,2023-06-03,0.43846153846153846,1.588034188034188
Montreal,2023-06-04,0.4185667752442997,1.3151465798045603
Montreal,2023-06-05,0.43564356435643564,1.4348819497334349
Montreal,2023-06-06,0.44163150492264414,1.4374120956399437
Montreal,2023-06-07,0.4586080586080586,1.4842490842490843
Montreal,2023-06-08,0.4749262536873156,1.6275811209439528
Montreal,2023-06-09,0.47923076923076924,1.7046153846153846
Montreal,2023-06-10,0.45664739884393063,1.5573905862923203
Montreal,2023-06-11,0.44326530612244897,1.4620408163265306
Montreal,2023-06-12,0.453125,1.50078125
Montreal,2023-06-13,0.45211267605633804,1.4359154929577465
Montreal,2023-06-14,0.4591362126245847,1.4744186046511627
Montreal,2023-06-15,0.4559077809798271,1.4132564841498558
Montreal,2023-06-16,0.51061388410786,1.706253585771658
Montreal,2023-06-17,0.5078226857887875,1.6499348109517602
Montreal,2023-06-18,0.4780380673499268,1.6054172767203514
Montreal,2023-06-19,0.4628482972136223,1.498452012383901
Montreal,2023-06-20,0.4544012688342585,1.5836637589214908
Montreal,2023-06-21,0.45555555555555555,1.7357142857142858
Montreal,2023-06-22,0.44653614457831325,1.5873493975903614
Montreal,2023-06-23,0.4244052187260169,1.4159631619339985
Montreal,2023-06-24,0.408,1.2106666666666666
Montreal,2023-06-25,0.4028966425279789,1.163923633969717
Montreal,2023-06-26,0.3874560375146542,1.145369284876905
Montreal,2023-06-27,0.4309148264984227,1.3488958990536277
Montreal,2023-06-28,0.4309148264984227,1.362776025236593
Montreal,2023-06-29,0.4328180737217598,1.356718192627824
Montreal,2023-06-30,0.42679127725856697,1.4847352024922118
Montreal,2023-07-01,0.42703009653605906,1.3810335036910846
Montreal,2023-07-02,0.40969455511288183,1.3871181938911024
Montreal,2023-07-03,0.4134154688569473,1.4024640657084189
Montreal,2023-07-04,0.43103448275862066,1.392081736909323
Montreal,2023-07-05,0.42507002801120447,1.4565826330532212
Montreal,2023-07-06,0.44629753168779185,1.4823215476984657
Montreal,2023-07-07,0.4310907903331156,1.4297844546048335
Montreal,2023-07-08,0.40833932422717467,1.415528396836808
Montreal,2023-07-09,0.39295039164490864,1.0881201044386424
Montreal,2023-07-10,0.4183344092963202,1.3060038734667527
Montreal,2023-07-11,0.4043010752688172,1.2521505376344086
Montreal,2023-07-12,0.414039262343843,1.3563355145746578
Montreal,2023-07-13,0.4085201793721973,1.1556053811659193
Montreal,2023-07-14,0.43766233766233764,1.5720779220779222
Montreal,2023-07-15,0.4287690179806362,1.4979253112033195
Montreal,2023-07-16,0.4031055900621118,1.1354037267080745
Montreal,2023-07-17,0.4129993229519296,1.4150304671631686
Montreal,2023-07-18,0.4213709677419355,1.3971774193548387
Montreal,2023-07-19,0.4167794316644114,1.4803788903924222
Montreal,2023-07-20,0.4118012422360248,1.3614906832298137
Montreal,2023-07-21,0.4043427230046948,1.221244131455399
Montreal,2023-07-22,0.379136690647482,1.2676258992805756
Montreal,2023-07-23,0.38724727838258166,1.2698289269051322
Montreal,2023-07-24,0.40728253540121373,1.2656776803776129
Montreal,2023-07-25,0.40868924889543445,1.4101620029455082
Montreal,2023-07-26,0.40375302663438256,1.1797820823244551
Montreal,2023-07-27,0.4238787113076437,1.2950094756790904
Montreal,2023-07-28,0.40371925614877024,1.209358128374325
Montreal,2023-07-29,0.4044943820224719,1.3040730337078652
Montreal,2023-07-30,0.421505376344086,1.2810035842293908
Montreal,2023-07-31,0.4511627906976744,1.462015503875969
Montreal,2023-08-01,0.4397590361445783,1.4856927710843373
Montreal,2023-08-02,0.40988169798190677,1.4620737647877522
Montreal,2023-08-03,0.41235888294711825,1.1919191919191918
Montreal,2023-08-04,0.43916486681065514,1.558675305975522
Montreal,2023-08-05,0.4322723908216136,1.5085122131754256
Montreal,2023-08-06,0.4197002141327623,1.409707351891506
Montreal,2023-08-07,0.42592592592592593,1.3584656084656084
Montreal,2023-08-08,0.42893725992317544,1.3866837387964148
Montreal,2023-08-09,0.4520547945205479,1.5335616438356163
Montreal,2023-08-10,0.4317937701396348,1.2309344790547798
Montreal,2023-08-11,0.45517241379310347,1.598746081504702
Montreal,2023-08-12,0.43746031746031744,1.433015873015873
Montreal,2023-08-13,0.4313593539703903,1.493943472409152
Montreal,2023-08-14,0.44017094017094016,1.4707977207977208
Montreal,2023-08-15,0.4390415785764623,1.4686398872445383
Montreal,2023-08-16,0.4278145695364238,1.4602649006622517
Montreal,2023-08-17,0.4391304347826087,1.4180124223602484
Montreal,2023-08-18,0.44875,1.436875
Montreal,2023-08-19,0.43004115226337447,1.350480109739369
Montreal,2023-08-20,0.43859649122807015,1.4064327485380117
Montreal,2023-08-21,0.4406015037593985,1.47593984962406
Montreal,2023-08-22,0.4560117302052786,1.5131964809384164
Montreal,2023-08-23,0.450476889214967,1.5524578136463683
Montreal,2023-08-24,0.4420629604822505,1.3710649698593436
Montreal,2023-08-25,0.4490223463687151,1.5237430167597765
Montreal,2023-08-26,0.4126113776559287,1.3495544893762852
Montreal,2023-08-27,0.40611353711790393,1.2045123726346434
Montreal,2023-08-28,0.4206036745406824,1.353018372703412
Montreal,2023-08-29,0.4421052631578947,1.3145510835913312
Montreal,2023-08-30,0.43814747105423524,1.3461304082876295
Montreal,2023-08-31,0.4484463276836158,1.57909604519774
Montreal,2023-09-01,0.45303468208092484,1.7059248554913296
Montreal,2023-09-02,0.4332514332514332,1.6158886158886159
Montreal,2023-09-03,0.4426229508196721,1.5254529767040552
Montreal,2023-09-04,0.41774193548387095,1.3346774193548387
Montreal,2023-09-05,0.44715447154471544,1.5609756097560976
Montreal,2023-09-06,0.4478442280945758,1.5006954102920724
Montreal,2023-09-07,0.4322747893713545,1.410239792611795
Montreal,2023-09-08,0.4445893089960887,1.4876140808344198
Montreal,2023-09-09,0.43026706231454004,1.6172106824925816
Montreal,2023-09-10,0.42382671480144407,1.288808664259928
Montreal,2023-09-11,0.4362709395484341,1.4770575382374362
Montreal,2023-09-12,0.45473833097595473,1.5198019801980198
Montreal,2023-09-13,0.4556786703601108,1.5270083102493075
Montreal,2023-09-14,0.4786931818181818,1.5646306818181819
Montreal,2023-09-15,0.4668125455871627,1.6797957695113057
Montreal,2023-09-16,0.4451114922813036,1.6149228130360205
Montreal,2023-09-17,0.40919037199124725,1.3150984682713347
Ottawa,2023-01-01,0.7338129496402878,1.8158273381294965
Ottawa,2023-01-02,0.7421652421652422,2.282051282051282
Ottawa,2023-01-03,0.7756497948016415,2.7770177838577292
Ottawa,2023-01-04,0.7547169811320755,2.5309973045822103
Ottawa,2023-01-05,0.7619047619047619,2.704481792717087
Ottawa,2023-01-06,0.7793296089385475,2.7737430167597767
Ottawa,2023-01-07,0.7556179775280899,2.4297752808988764
Ottawa,2023-01-08,0.7381275440976933,2.0922659430122117
Ottawa,2023-01-09,0.7877551020408163,2.88843537414966
Ottawa,2023-01-10,0.783068783068783,2.822751322751323
Ottawa,2023-01-11,0.7779204107830552,2.9050064184852373
Ottawa,2023-01-12,0.7680798004987531,2.64713216957606
Ottawa,2023-01-13,0.7556440903054449,2.5803452855245683
Ottawa,2023-01-14,0.7596685082872928,2.5303867403314917
Ottawa,2023-01-15,0.7224489795918367,2.0625850340136056
Ottawa,2023-01-16,0.7760210803689065,2.828722002635046
Ottawa,2023-01-17,0.76953125,2.8372395833333335
Ottawa,2023-01-18,0.7770360480640854,2.7823765020026703
Ottawa,2023-01-19,0.7681159420289855,2.820816864295125
Ottawa,2023-01-20,0.759233926128591,2.8153214774281805
Ottawa,2023-01-21,0.7489655172413793,2.3572413793103446
Ottawa,2023-01-22,0.7374301675977654,2.2206703910614527
Ottawa,2023-01-23,0.784366576819407,2.9245283018867925
Ottawa,2023-01-24,0.7814569536423841,2.6847682119205296
Ottawa,2023-01-25,0.7761394101876675,2.6823056300268098
Ottawa,2023-01-26,0.7726638772663877,2.6861924686192467
Ottawa,2023-01-27,0.7875507442489851,3.0054127198917455
Ottawa,2023-01-28,0.7608391608391608,2.5272727272727273
Ottawa,2023-01-29,0.7330383480825958,2.122418879056047
Ottawa,2023-01-30,0.7596017069701281,2.7567567567567566
Ottawa,2023-01-31,0.7843406593406593,2.98489010989011
Ottawa,2023-02-01,0.7873183619550859,2.8560105680317043
Ottawa,2023-02-02,0.7941176470588235,2.858288770053476
Ottawa,2023-02-03,0.7939142461964038,2.594744121715076
Ottawa,2023-02-04,0.7599431818181818,2.321022727272727
Ottawa,2023-02-05,0.7380281690140845,2.228169014084507
Ottawa,2023-02-06,0.7851351351351351,2.772972972972973
Ottawa,2023-02-07,0.7788203753351206,2.8270777479892764
Ottawa,2023-02-08,0.7762803234501348,2.939353099730458
Ottawa,2023-02-09,0.7479784366576819,2.5525606469002695
Ottawa,2023-02-10,0.7679558011049724,2.7831491712707184
Ottawa,2023-02-11,0.739010989010989,2.3914835164835164
Ottawa,2023-02-12,0.7330508474576272,2.2217514124293785
Ottawa,2023-02-13,0.7643835616438356,2.915068493150685
Ottawa,2023-02-14,0.7788595271210014,3.0848400556328235
Ottawa,2023-02-15,0.7827298050139275,2.8899721448467965
Ottawa,2023-02-16,0.7673469387755102,2.8462585034013603
Ottawa,2023-02-17,0.7798295454545454,2.772727272727273
Ottawa,2023-02-18,0.7384843982169391,2.4695393759286777
Ottawa,2023-02-19,0.7548579970104634,2.321375186846039
Ottawa,2023-02-20,0.7383966244725738,1.9746835443037976
Ottawa,2023-02-21,0.788235294117647,2.8444444444444446
Ottawa,2023-02-22,0.783068783068783,2.9206349206349205
Ottawa,2023-02-23,0.7606951871657754,2.644385026737968
Ottawa,2023-02-24,0.7648648648648648,2.651351351351351
Ottawa,2023-02-25,0.73006993006993,2.4013986013986015
Ottawa,2023-02-26,0.728021978021978,2.184065934065934
Ottawa,2023-02-27,0.771117166212534,2.8950953678474116
Ottawa,2023-02-28,0.7694369973190348,2.680965147453083
Ottawa,2023-03-01,0.7658730158730159,2.945767195767196
Ottawa,2023-03-02,0.7603626943005182,2.72279792746114
Ottawa,2023-03-03,0.7767741935483871,2.758709677419355
Ottawa,2023-03-04,0.7394468704512372,2.37117903930131
Ottawa,2023-03-05,0.7390029325513197,2.19208211143695
Ottawa,2023-03-06,0.771545827633379,2.764705882352941
Ottawa,2023-03-07,0.7828571428571428,2.8657142857142857
Ottawa,2023-03-08,0.7931526390870185,2.905848787446505
Ottawa,2023-03-09,0.7822931785195936,2.811320754716981
Ottawa,2023-03-10,0.78125,2.6505681818181817
Ottawa,2023-03-11,0.7308270676691729,2.3172932330827067
Ottawa,2023-03-12,0.7206106870229008,2.051908396946565
Ottawa,2023-03-13,0.764179104477612,2.5223880597014925
Ottawa,2023-03-14,0.7725903614457831,2.5045180722891565
Ottawa,2023-03-15,0.7308248914616498,2.489146164978292
Ottawa,2023-03-16,0.7577092511013216,2.5609397944199705
Ottawa,2023-03-17,0.7328467153284671,2.448175182481752
Ottawa,2023-03-18,0.7301829268292683,2.25
Ottawa,2023-03-19,0.7255813953488373,2.074418604651163
Ottawa,2023-03-20,0.7650513950073421,2.562408223201175
Ottawa,2023-03-21,0.775,2.7411764705882353
Ottawa,2023-03-22,0.7601744186046512,2.6875
Ottawa,2023-03-23,0.7713458755426917,2.635311143270622
Ottawa,2023-03-24,0.7762039660056658,2.6558073654390935
Ottawa,2023-03-25,0.7329376854599406,2.327893175074184
Ottawa,2023-03-26,0.7267267267267268,2.0675675675675675
Ottawa,2023-03-27,0.7550432276657061,2.5360230547550433
Ottawa,2023-03-28,0.7471590909090909,2.6548295454545454
Ottawa,2023-03-29,0.7535612535612536,2.425925925925926
Ottawa,2023-03-30,0.7583798882681564,2.6033519553072626
Ottawa,2023-03-31,0.7575757575757576,2.5330578512396693
Ottawa,2023-04-01,0.757754800590842,2.4017725258493354
Ottawa,2023-04-02,0.7440828402366864,2.2677514792899407
Ottawa,2023-04-03,0.7579529737206085,2.4868603042876902
Ottawa,2023-04-04,0.752258064516129,2.432258064516129
Ottawa,2023-04-05,0.7576158940397351,2.222516556291391
Ottawa,2023-04-06,0.7874125874125875,3.0895104895104897
Ottawa,2023-04-07,0.7391304347826086,2.0749625187406298
Ottawa,2023-04-08,0.745253164556962,2.6582278481012658
Ottawa,2023-04-09,0.7297734627831716,1.9822006472491909
Ottawa,2023-04-10,0.7757575757575758,2.5424242424242425
Ottawa,2023-04-11,0.7717717717717718,2.933933933933934
Ottawa,2023-04-12,0.7833572453371592,2.977044476327116
Ottawa,2023-04-13,0.772005772005772,2.862914862914863
Ottawa,2023-04-14,0.7730600292825769,3.0453879941434847
Ottawa,2023-04-15,0.7551319648093842,2.5865102639296187
Ottawa,2023-04-16,0.7355982274741507,2.1299852289512557
Ottawa,2023-04-17,0.7737430167597765,2.451117318435754
Ottawa,2023-04-18,0.7914893617021277,2.668085106382979
Ottawa,2023-04-19,0.7691197691197691,2.619047619047619
Ottawa,2023-04-20,0.7578347578347578,2.764957264957265
Ottawa,2023-04-21,0.7763532763532763,2.6296296296296298
Ottawa,2023-04-22,0.75,2.339080459770115
Ottawa,2023-04-23,0.7542857142857143,2.025714285714286
Ottawa,2023-04-24,0.7636103151862464,2.7507163323782233
Ottawa,2023-04-25,0.7822349570200573,2.9197707736389686
Ottawa,2023-04-26,0.7868383404864091,2.876967095851216
Ottawa,2023-04-27,0.780250347705146,2.9068150208623087
Ottawa,2023-04-28,0.7679558011049724,2.7624309392265194
Ottawa,2023-04-29,0.7475317348377997,2.3526093088857545
Ottawa,2023-04-30,0.7290780141843972,1.9900709219858157
Ottawa,2023-05-01,0.7839335180055401,2.5457063711911356
Ottawa,2023-05-02,0.8035714285714286,2.848901098901099
Ottawa,2023-05-03,0.7890044576523031,2.836552748885587
Ottawa,2023-05-04,0.7681818181818182,2.9363636363636365
Ottawa,2023-05-05,0.7828746177370031,3.18348623853211
Ottawa,2023-05-06,0.7603305785123967,2.874380165289256
Ottawa,2023-05-07,0.7292006525285482,2.3703099510603587
Ottawa,2023-05-08,0.7674050632911392,2.8971518987341773
Ottawa,2023-05-09,0.7687400318979266,3.082934609250399
Ottawa,2023-05-10,0.7962382445141066,3.2288401253918497
Ottawa,2023-05-11,0.7947122861586314,3.314152410575428
Ottawa,2023-05-12,0.7760968229954615,3.0287443267776095
Ottawa,2023-05-13,0.750814332247557,2.773615635179153
Ottawa,2023-05-14,0.7389885807504079,2.33442088091354
Ottawa,2023-05-15,0.7608346709470305,2.749598715890851
Ottawa,2023-05-16,0.7612612612612613,2.684684684684685
Ottawa,2023-05-17,0.7786499215070644,2.7849293563579276
Ottawa,2023-05-18,0.7712609970674487,2.7052785923753664
Ottawa,2023-05-19,0.7686567164179104,2.8298507462686566
Ottawa,2023-05-20,0.7441497659906396,2.3042121684867394
Ottawa,2023-05-21,0.7399030694668821,2.4539579967689824
Ottawa,2023-05-22,0.732484076433121,2.0764331210191083
Ottawa,2023-05-23,0.7713414634146342,2.783536585365854
Ottawa,2023-05-24,0.7803379416282642,2.8202764976958523
Ottawa,2023-05-25,0.7613104524180967,3.0998439937597504
Ottawa,2023-05-26,0.7728658536585366,3.042682926829268
Ottawa,2023-05-27,0.7642276422764228,2.7252032520325202
Ottawa,2023-05-28,0.7642405063291139,2.4778481012658227
Ottawa,2023-05-29,0.7909774436090226,3.174436090225564
Ottawa,2023-05-30,0.7942073170731707,2.9771341463414633
Ottawa,2023-05-31,0.782608695652174,3.126086956521739
Ottawa,2023-06-01,0.778236914600551,2.8829201101928374
Ottawa,2023-06-02,0.7741496598639456,2.8122448979591836
Ottawa,2023-06-03,0.7484848484848485,2.672727272727273
Ottawa,2023-06-04,0.7447108603667136,2.3455571227080396
Ottawa,2023-06-05,0.7767379679144385,2.6510695187165774
Ottawa,2023-06-06,0.7820823244552058,2.5060532687651333
Ottawa,2023-06-07,0.7783375314861462,2.554156171284635
Ottawa,2023-06-08,0.7816537467700259,2.6640826873385013
Ottawa,2023-06-09,0.7595772787318362,2.8295904887714665
Ottawa,2023-06-10,0.761049723756906,2.6035911602209945
Ottawa,2023-06-11,0.7486910994764397,2.053664921465969
Ottawa,2023-06-12,0.781491002570694,2.6953727506426737
Ottawa,2023-06-13,0.772169167803547,2.6562073669849933
Ottawa,2023-06-14,0.7700394218134035,2.431011826544021
Ottawa,2023-06-15,0.7916120576671035,2.833551769331586
Ottawa,2023-06-16,0.7822164948453608,2.765463917525773
Ottawa,2023-06-17,0.7610872675250357,2.525035765379113
Ottawa,2023-06-18,0.746031746031746,2.2784992784992784
Ottawa,2023-06-19,0.7722908093278463,2.6941015089163236
Ottawa,2023-06-20,0.7765205091937766,2.85007072135785
Ottawa,2023-06-21,0.7706293706293706,2.988811188811189
Ottawa,2023-06-22,0.778236914600551,2.866391184573003
Ottawa,2023-06-23,0.7622841965471447,2.8818061088977425
Ottawa,2023-06-24,0.7249114521841794,2.155844155844156
Ottawa,2023-06-25,0.7419354838709677,1.9065628476084537
Ottawa,2023-06-26,0.7588179218303146,2.1143946615824594
Ottawa,2023-06-27,0.7636566332218506,2.5183946488294313
Ottawa,2023-06-28,0.779837775202781,2.5063731170336037
Ottawa,2023-06-29,0.779826464208243,2.529284164859002
Ottawa,2023-06-30,0.7532894736842105,2.4375
Ottawa,2023-07-01,0.7285714285714285,1.9153846153846155
Ottawa,2023-07-02,0.7337837837837838,2.1094594594594596
Ottawa,2023-07-03,0.7479452054794521,2.2150684931506848
Ottawa,2023-07-04,0.758988015978695,2.374167776298269
Ottawa,2023-07-05,0.7806539509536785,2.5286103542234333
Ottawa,2023-07-06,0.7780713342140027,2.5508586525759576
Ottawa,2023-07-07,0.7678321678321678,2.7398601398601397
Ottawa,2023-07-08,0.724191063174114,2.312788906009245
Ottawa,2023-07-09,0.746031746031746,1.9603174603174602
Ottawa,2023-07-10,0.7727873183619551,2.4464993394980183
Ottawa,2023-07-11,0.7547169811320755,2.158280922431866
Ottawa,2023-07-12,0.7560096153846154,2.4170673076923075
Ottawa,2023-07-13,0.7631578947368421,2.154135338345865
Ottawa,2023-07-14,0.7623888182973316,2.698856416772554
Ottawa,2023-07-15,0.7463087248322148,2.491275167785235
Ottawa,2023-07-16,0.7533577533577533,2.0097680097680097
Ottawa,2023-07-17,0.7561929595827901,2.5228161668839637
Ottawa,2023-07-18,0.771712158808933,2.411910669975186
Ottawa,2023-07-19,0.7535667963683528,2.6264591439688716
Ottawa,2023-07-20,0.7564259485924113,2.4908200734394126
Ottawa,2023-07-21,0.7480818414322251,2.473145780051151
Ottawa,2023-07-22,0.7208333333333333,2.3944444444444444
Ottawa,2023-07-23,0.7196765498652291,2.0970350404312668
Ottawa,2023-07-24,0.7587373167981961,2.319052987598647
Ottawa,2023-07-25,0.78375,2.63
Ottawa,2023-07-26,0.7834602829162133,2.3427638737758434
Ottawa,2023-07-27,0.7840531561461794,2.3676633444075303
Ottawa,2023-07-28,0.773,2.301
Ottawa,2023-07-29,0.7288359788359788,2.3835978835978837
Ottawa,2023-07-30,0.7115646258503401,2.1714285714285713
Ottawa,2023-07-31,0.768595041322314,2.7024793388429753
Ottawa,2023-08-01,0.7960199004975125,2.6393034825870645
Ottawa,2023-08-02,0.7645631067961165,2.5400485436893203
Ottawa,2023-08-03,0.7933801404212638,2.3560682046138415
Ottawa,2023-08-04,0.7783711615487316,2.835781041388518
Ottawa,2023-08-05,0.7432835820895523,2.5432835820895523
Ottawa,2023-08-06,0.7196132596685083,2.1698895027624308
Ottawa,2023-08-07,0.7187894073139974,1.7957124842370744
Ottawa,2023-08-08,0.7775147928994083,2.4437869822485205
Ottawa,2023-08-09,0.7630922693266833,2.650872817955112
Ottawa,2023-08-10,0.7663366336633664,2.211881188118812
Ottawa,2023-08-11,0.7696827262044653,2.6321974148061105
Ottawa,2023-08-12,0.7369033760186263,2.162980209545984
Ottawa,2023-08-13,0.7225806451612903,2.150967741935484
Ottawa,2023-08-14,0.7597977243994943,2.5739570164348926
Ottawa,2023-08-15,0.7779187817258884,2.697969543147208
Ottawa,2023-08-16,0.7645631067961165,2.595873786407767
Ottawa,2023-08-17,0.789598108747045,2.743498817966903
Ottawa,2023-08-18,0.7729988052568698,2.5961768219832737
Ottawa,2023-08-19,0.7489539748953975,2.599721059972106
Ottawa,2023-08-20,0.7618403247631935,2.4127198917456023
Ottawa,2023-08-21,0.7699594046008119,2.706359945872801
Ottawa,2023-08-22,0.7736351531291611,2.797603195739015
Ottawa,2023-08-23,0.7914507772020726,2.923575129533679
Ottawa,2023-08-24,0.8044328552803129,2.8422425032594525
Ottawa,2023-08-25,0.7737617135207496,2.8447121820615795
Ottawa,2023-08-26,0.7460087082728593,2.5268505079825836
Ottawa,2023-08-27,0.7429775280898876,2.433988764044944
Ottawa,2023-08-28,0.776332899869961,2.5695708712613783
Ottawa,2023-08-29,0.7655259822560203,2.67553865652725
Ottawa,2023-08-30,0.7707317073170732,2.5792682926829267
Ottawa,2023-08-31,0.7657657657657657,2.6936936936936937
Ottawa,2023-09-01,0.765685019206146,2.8642765685019205
Ottawa,2023-09-02,0.7636363636363637,2.6923076923076925
Ottawa,2023-09-03,0.7573099415204678,2.6052631578947367
Ottawa,2023-09-04,0.7383040935672515,2.175438596491228
Ottawa,2023-09-05,0.771838331160365,2.679269882659713
Ottawa,2023-09-06,0.7790849673202614,2.665359477124183
Ottawa,2023-09-07,0.7777777777777778,2.781523096129838
Ottawa,2023-09-08,0.7724867724867724,2.7394179894179893
Ottawa,2023-09-09,0.7485632183908046,2.718390804597701
Ottawa,2023-09-10,0.7448559670781894,2.3004115226337447
Ottawa,2023-09-11,0.7697283311772316,2.7503234152652003
Ottawa,2023-09-12,0.7638709677419355,2.7238709677419353
Ottawa,2023-09-13,0.7821380243572396,2.901217861975643
Ottawa,2023-09-14,0.807741935483871,2.870967741935484
Ottawa,2023-09-15,0.7833981841763943,2.7159533073929962
Ottawa,2023-09-16,0.7732394366197183,2.684507042253521
Ottawa,2023-09-17,0.782608695652174,2.350824587706147
Ottawa,2023-09-18,0.9068181818181819,2.2409090909090907
Ottawa,2023-09-19,0.9106628242074928,2.5504322766570606
Ottawa,2023-09-20,0.9156626506024096,2.8855421686746987
Ottawa,2023-09-21,0.9238095238095239,2.958730158730159
Ottawa,2023-09-22,0.9158249158249159,3.074074074074074
Ottawa,2023-09-23,0.9221789883268483,2.972762645914397
Ottawa,2023-09-24,0.9148148148148149,2.533333333333333
Ottawa,2023-09-25,0.9102990033222591,2.488372093023256
Ottawa,2023-09-26,0.9333333333333333,2.9466666666666668
Ottawa,2023-09-27,0.921311475409836,3.0065573770491802
Ottawa,2023-09-28,0.9084745762711864,3.216949152542373
Ottawa,2023-09-29,0.8966789667896679,2.9483394833948338
Ottawa,2023-09-30,0.8671328671328671,2.874125874125874
Ottawa,2023-10-01,0.8897058823529411,2.886029411764706
Ottawa,2023-10-02,0.9081967213114754,3.036065573770492
Ottawa,2023-10-03,0.9194630872483222,2.815436241610738
Ottawa,2023-10-04,0.9188191881918819,2.6346863468634685
Ottawa,2023-10-05,0.9083665338645418,2.5617529880478087
Ottawa,2023-10-06,0.8793774319066148,2.167315175097276
Ottawa,2023-10-07,0.8913043478260869,2.417391304347826
Ottawa,2023-10-08,0.8815165876777251,2.161137440758294
Ottawa,2023-10-09,0.8509615384615384,1.7067307692307692
Ottawa,2023-10-10,0.8823529411764706,2.2941176470588234
Ottawa,2023-10-11,0.9098712446351931,2.7381974248927037
Ottawa,2023-10-12,0.9182879377431906,3.0233463035019454
Ottawa,2023-10-13,0.9178571428571428,3.0785714285714287
Ottawa,2023-10-14,0.872852233676976,2.676975945017182
Ottawa,2023-10-15,0.8484848484848485,2.337121212121212
Ottawa,2023-10-16,0.9035714285714286,3.0714285714285716
Ottawa,2023-10-17,0.9093959731543624,2.865771812080537
Ottawa,2023-10-18,0.8980263157894737,2.8717105263157894
Ottawa,2023-10-19,0.8980891719745223,2.984076433121019
Ottawa,2023-10-20,0.8836477987421384,3.018867924528302
Ottawa,2023-10-21,0.8903654485049833,2.877076411960133
Ottawa,2023-10-22,0.9025974025974026,2.188311688311688
Ottawa,2023-10-23,0.9119496855345912,2.930817610062893
Ottawa,2023-10-24,0.9161676646706587,3.155688622754491
Ottawa,2023-10-25,0.9122807017543859,2.8567251461988303
Ottawa,2023-10-26,0.9077809798270894,3.112391930835735
Ottawa,2023-10-27,0.9171597633136095,3.094674556213018
Ottawa,2023-10-28,0.8986928104575164,2.866013071895425
Ottawa,2023-10-29,0.9090909090909091,2.2884012539184955
Ottawa,2023-10-30,0.8984615384615384,3.2215384615384615
Ottawa,2023-10-31,0.889937106918239,3.2169811320754715
Ottawa,2023-11-01,0.9053627760252366,2.9053627760252367
Ottawa,2023-11-02,0.9011976047904192,3.18562874251497
Ottawa,2023-11-03,0.9044585987261147,3.162420382165605
Ottawa,2023-11-04,0.89171974522293,2.9363057324840764
Ottawa,2023-11-05,0.8903654485049833,2.574750830564784
Ottawa,2023-11-06,0.9012738853503185,3.0414012738853504
Ottawa,2023-11-07,0.9150326797385621,2.9673202614379086
Ottawa,2023-11-08,0.8986486486486487,2.8716216216216215
Ottawa,2023-11-09,0.8701923076923077,2.4615384615384617
Ottawa,2023-11-10,0.9206349206349206,2.5502645502645502
Ottawa,2023-11-11,0.9068627450980392,2.2205882352941178
Ottawa,2023-11-12,0.883495145631068,1.883495145631068
Ottawa,2023-11-13,0.9032258064516129,2.774193548387097
Ottawa,2023-11-14,0.8990825688073395,3.0
Ottawa,2023-11-15,0.9,3.1166666666666667
Ottawa,2023-11-16,0.8840579710144928,3.0072463768115942
Ottawa,2023-11-17,0.9127272727272727,3.1236363636363635
Ottawa,2023-11-18,0.8931297709923665,2.5229007633587788
Ottawa,2023-11-19,0.896551724137931,2.164750957854406
Ottawa,2023-11-20,0.9259259259259259,3.22962962962963
Ottawa,2023-11-21,0.8945578231292517,2.836734693877551
Ottawa,2023-11-22,0.9109311740890689,2.3562753036437245
Ottawa,2023-11-23,0.9214876033057852,2.9917355371900825
Ottawa,2023-11-24,0.9299610894941635,2.7665369649805447
Ottawa,2023-11-25,0.9036144578313253,2.8795180722891565
Ottawa,2023-11-26,0.9015748031496063,2.37007874015748
Ottawa,2023-11-27,0.9090909090909091,2.8814229249011856
Ottawa,2023-11-28,0.9051383399209486,2.758893280632411
Ottawa,2023-11-29,0.9057971014492754,2.753623188405797
Ottawa,2023-11-30,0.9112627986348123,3.0580204778157
Ottawa,2023-12-01,0.9154929577464789,3.186619718309859
Ottawa,2023-12-02,0.9,2.725
Ottawa,2023-12-03,0.9136690647482014,2.0899280575539567
Ottawa,2023-12-04,0.9033457249070632,2.83271375464684
Ottawa,2023-12-05,0.9014598540145985,2.8795620437956204
Ottawa,2023-12-06,0.9169675090252708,2.9783393501805056
Ottawa,2023-12-07,0.9163636363636364,2.923636363636364
Ottawa,2023-12-08,0.9090909090909091,3.050909090909091
Ottawa,2023-12-09,0.9104477611940298,2.8805970149253732
Ottawa,2023-12-10,0.8901098901098901,2.3626373626373627
Ottawa,2023-12-11,0.9084507042253521,2.767605633802817
Ottawa,2023-12-12,0.9018867924528302,3.0037735849056606
Ottawa,2023-12-13,0.9049295774647887,2.8450704225352115
Ottawa,2023-12-14,0.8949152542372881,2.986440677966102
Ottawa,2023-12-15,0.900355871886121,3.1245551601423487
Ottawa,2023-12-16,0.9063670411985019,2.737827715355805
Ottawa,2023-12-17,0.8830188679245283,2.3056603773584907
Ottawa,2023-12-18,0.9074733096085409,2.804270462633452
Ottawa,2023-12-19,0.9074733096085409,2.8469750889679717
Ottawa,2023-12-20,0.9087591240875912,3.0802919708029197
Ottawa,2023-12-21,0.9097744360902256,3.18796992481203
Ottawa,2023-12-22,0.9311594202898551,3.0905797101449277
Ottawa,2023-12-23,0.9118773946360154,2.6398467432950192
Ottawa,2023-12-24,0.9163179916317992,2.594142259414226
Ottawa,2023-12-25,0.9230769230769231,1.9145299145299146
Ottawa,2023-12-26,0.9015748031496063,2.4015748031496065
Ottawa,2023-12-27,0.91796875,2.6484375
Ottawa,2023-12-28,0.9185185185185185,2.6777777777777776
Ottawa,2023-12-29,0.8853754940711462,2.7470355731225298
Ottawa,2023-12-30,0.8935185185185185,2.537037037037037
Ottawa,2023-12-31,0.8846153846153846,2.235042735042735
Ottawa,2024-01-01,0.9094827586206896,1.7801724137931034
Ottawa,2024-01-02,0.9253112033195021,2.8132780082987554
Ottawa,2024-01-03,0.9132231404958677,2.5702479338842976
Ottawa,2024-01-04,0.921161825726141,2.8506224066390042
Ottawa,2024-01-05,0.9209486166007905,2.5731225296442686
Ottawa,2024-01-06,0.9077490774907749,2.4686346863468636
Ottawa,2024-01-07,0.898876404494382,2.101123595505618
Ottawa,2024-01-08,0.9039145907473309,2.622775800711744
Ottawa,2024-01-09,0.8885135135135135,2.52027027027027
Ottawa,2024-01-10,0.8955823293172691,2.8634538152610443
Ottawa,2024-01-11,0.926923076923077,2.6192307692307693
Ottawa,2024-01-12,0.9119718309859155,2.5950704225352115
Ottawa,2024-01-13,0.8941605839416058,2.31021897810219
Ottawa,2024-01-14,0.9194139194139194,2.391941391941392
Ottawa,2024-01-15,0.9145907473309609,2.8362989323843415
Ottawa,2024-01-16,0.9130434782608695,2.9486166007905137
Ottawa,2024-01-17,0.9066147859922179,2.7782101167315174
Ottawa,2024-01-18,0.916030534351145,2.7977099236641223
Ottawa,2024-01-19,0.9163636363636364,2.64
Ottawa,2024-01-20,0.9026217228464419,2.5917602996254683
Ottawa,2024-01-21,0.8911290322580645,2.056451612903226
Ottawa,2024-01-22,0.9176954732510288,2.786008230452675
Ottawa,2024-01-23,0.9271255060728745,2.923076923076923
Ottawa,2024-01-24,0.905511811023622,2.7598425196850394
Ottawa,2024-01-25,0.8818897637795275,2.4606299212598426
Ottawa,2024-01-26,0.8943396226415095,2.577358490566038
Ottawa,2024-01-27,0.9082969432314411,2.606986899563319
Ottawa,2024-01-28,0.9090909090909091,2.422727272727273
Ottawa,2024-01-29,0.9011857707509882,2.841897233201581
Ottawa,2024-01-30,0.9203187250996016,2.896414342629482
Ottawa,2024-01-31,0.9032258064516129,2.8346774193548385
Ottawa,2024-02-01,0.9173913043478261,2.991304347826087
Ottawa,2024-02-02,0.9314516129032258,2.850806451612903
Ottawa,2024-02-03,0.9128630705394191,2.7302904564315353
Ottawa,2024-02-04,0.927038626609442,2.2532188841201717
Ottawa,2024-02-05,0.9385245901639344,2.9344262295081966
Ottawa,2024-02-06,0.9344262295081968,2.9344262295081966
Ottawa,2024-02-07,0.9159663865546218,2.697478991596639
Ottawa,2024-02-08,0.911504424778761,2.672566371681416
Ottawa,2024-02-09,0.9300411522633745,2.691358024691358
Ottawa,2024-02-10,0.9234042553191489,2.5659574468085107
Ottawa,2024-02-11,0.9177489177489178,2.411255411255411
Ottawa,2024-02-12,0.9152542372881356,2.6313559322033897
Ottawa,2024-02-13,0.9210526315789473,2.8815789473684212
Ottawa,2024-02-14,0.9396551724137931,2.7543103448275863
Ottawa,2024-02-15,0.9333333333333333,2.8041666666666667
Ottawa,2024-02-16,0.9061224489795918,2.914285714285714
Ottawa,2024-02-17,0.8865546218487395,2.5714285714285716
Ottawa,2024-02-18,0.8991228070175439,2.289473684210526
Ottawa,2024-02-19,0.92,2.2844444444444445
Ottawa,2024-02-20,0.9125,2.7875
Ottawa,2024-02-21,0.9111969111969112,2.841698841698842
Ottawa,2024-02-22,0.9296875,3.10546875
Ottawa,2024-02-23,0.9372549019607843,3.0313725490196077
Ottawa,2024-02-24,0.9240506329113924,2.654008438818565
Ottawa,2024-02-25,0.902542372881356,2.330508474576271
Ottawa,2024-02-26,0.9083333333333333,2.9791666666666665
Ottawa,2024-02-27,0.8931297709923665,2.9732824427480917
Ottawa,2024-02-28,0.9148148148148149,2.8962962962962964
Ottawa,2024-02-29,0.9097744360902256,2.7969924812030076
Ottawa,2024-03-01,0.9260700389105059,3.1634241245136185
Ottawa,2024-03-02,0.9051383399209486,2.533596837944664
Ottawa,2024-03-03,0.9113924050632911,2.3333333333333335
Ottawa,2024-03-04,0.924901185770751,2.8537549407114624
Ottawa,2024-03-05,0.9192307692307692,3.0884615384615386
Ottawa,2024-03-06,0.9051383399209486,2.8379446640316206
Ottawa,2024-03-07,0.9296875,2.99609375
Ottawa,2024-03-08,0.9068825910931174,2.8502024291497974
Ottawa,2024-03-09,0.9030837004405287,2.5814977973568283
Ottawa,2024-03-10,0.8918918918918919,2.189189189189189
Ottawa,2024-03-11,0.9156118143459916,2.679324894514768
Ottawa,2024-03-12,0.8982300884955752,2.814159292035398
Ottawa,2024-03-13,0.9273504273504274,2.8632478632478633
Ottawa,2024-03-14,0.9098712446351931,3.0257510729613735
Ottawa,2024-03-15,0.9330543933054394,3.1548117154811717
Ottawa,2024-03-16,0.9095022624434389,2.7828054298642533
Ottawa,2024-03-17,0.9118942731277533,2.343612334801762
Ottawa,2024-03-18,0.890295358649789,2.628691983122363
Ottawa,2024-03-19,0.923728813559322,3.0847457627118646
Ottawa,2024-03-20,0.9416666666666667,2.9875
Ottawa,2024-03-21,0.9236947791164659,2.8995983935742973
Ottawa,2024-03-22,0.921875,2.7890625
Ottawa,2024-03-23,0.9259259259259259,2.2063492063492065
Ottawa,2024-03-24,0.9090909090909091,2.066666666666667
Ottawa,2024-03-25,0.9261744966442953,2.651006711409396
Ottawa,2024-03-26,0.9115646258503401,2.7823129251700682
Ottawa,2024-03-27,0.9177215189873418,2.7025316455696204
Ottawa,2024-03-28,0.9133333333333333,2.546666666666667
Ottawa,2024-03-29,0.8970588235294118,2.1323529411764706
Ottawa,2024-03-30,0.91005291005291,2.4126984126984126
Ottawa,2024-03-31,0.9038461538461539,2.1153846153846154
Ottawa,2024-04-01,0.8893280632411067,2.3794466403162056
Ottawa,2024-04-02,0.8923076923076924,2.6961538461538463
Ottawa,2024-04-03,0.909433962264151,2.267924528301887
Ottawa,2024-04-04,0.896551724137931,2.3448275862068964
Ottawa,2024-04-05,0.9012875536480687,2.6824034334763946
Ottawa,2024-04-06,0.8893617021276595,2.574468085106383
Ottawa,2024-04-07,0.915929203539823,2.47787610619469
Ottawa,2024-04-08,0.9102040816326531,2.4489795918367347
Ottawa,2024-04-09,0.902542372881356,3.0466101694915255
Ottawa,2024-04-10,0.9209486166007905,2.924901185770751
Ottawa,2024-04-11,0.904,2.956
Ottawa,2024-04-12,0.8940677966101694,2.847457627118644
Ottawa,2024-04-13,0.8607594936708861,1.7468354430379747
Ottawa,2024-04-14,0.875,1.6513157894736843
Ottawa,2024-04-15,0.8544303797468354,2.240506329113924
Ottawa,2024-04-16,0.8881578947368421,2.4934210526315788
Ottawa,2024-04-17,0.9161290322580645,2.6451612903225805
Ottawa,2024-04-18,0.9166666666666666,2.4615384615384617
Ottawa,2024-04-19,0.8843537414965986,2.2244897959183674
Ottawa,2024-04-20,0.8776978417266187,2.0719424460431655
Ottawa,2024-04-21,0.8970588235294118,1.7205882352941178
Ottawa,2024-04-22,0.9013157894736842,2.223684210526316
Ottawa,2024-04-23,0.9299363057324841,2.7770700636942673
Ottawa,2024-04-24,0.9328859060402684,2.704697986577181
Ottawa,2024-04-25,0.8961038961038961,2.590909090909091
Ottawa,2024-04-26,0.8859060402684564,2.4563758389261743
Ottawa,2024-04-27,0.8865248226950354,2.1560283687943262
Ottawa,2024-04-28,0.8823529411764706,1.8823529411764706
Ottawa,2024-04-29,0.881578947368421,2.6184210526315788
Ottawa,2024-04-30,0.8733333333333333,2.566666666666667
Ottawa,2024-05-01,0.8860759493670886,2.7721518987341773
Ottawa,2024-05-02,0.893491124260355,2.544378698224852
Ottawa,2024-05-03,0.898876404494382,2.668539325842697
Ottawa,2024-05-04,0.8813559322033898,2.1129943502824857
Ottawa,2024-05-05,0.8917525773195877,2.051546391752577
Ottawa,2024-05-06,0.9223300970873787,3.063106796116505
Ottawa,2024-05-07,0.8949579831932774,2.7478991596638656
Ottawa,2024-05-08,0.9137254901960784,2.937254901960784
Ottawa,2024-05-09,0.9266409266409267,3.3088803088803087
Ottawa,2024-05-10,0.916030534351145,3.148854961832061
Ottawa,2024-05-11,0.8986784140969163,2.5066079295154187
Ottawa,2024-05-12,0.9120370370370371,2.1527777777777777
Ottawa,2024-05-13,0.9214876033057852,2.4338842975206614
Ottawa,2024-05-14,0.8981481481481481,2.5925925925925926
Ottawa,2024-05-15,0.9009009009009009,2.72972972972973
Ottawa,2024-05-16,0.8932038834951457,2.7815533980582523
Ottawa,2024-05-17,0.8844221105527639,2.728643216080402
Ottawa,2024-05-18,0.8810810810810811,2.5837837837837836
Ottawa,2024-05-19,0.9086538461538461,2.2836538461538463
Ottawa,2024-05-20,0.9032258064516129,1.9233870967741935
Ottawa,2024-05-21,0.9078947368421053,2.1217105263157894
Ottawa,2024-05-22,0.8658536585365854,2.6219512195121952
Ottawa,2024-05-23,0.911504424778761,2.606194690265487
Ottawa,2024-05-24,0.891213389121339,2.807531380753138
Ottawa,2024-05-25,0.8786764705882353,2.2794117647058822
Ottawa,2024-05-26,0.8759398496240601,2.1278195488721803
Ottawa,2024-05-27,0.8823529411764706,2.320261437908497
Ottawa,2024-05-28,0.8818181818181818,2.9045454545454548
Ottawa,2024-05-29,0.9090909090909091,2.9863636363636363
Ottawa,2024-05-30,0.8995433789954338,2.867579908675799
Ottawa,2024-05-31,0.905829596412556,3.4798206278026904
Ottawa,2024-06-01,0.8960396039603961,2.9405940594059405
Ottawa,2024-06-02,0.9054054054054054,2.274774774774775
Ottawa,2024-06-03,0.9145299145299145,2.7735042735042734
Ottawa,2024-06-04,0.907258064516129,2.7620967741935485
Ottawa,2024-06-05,0.883495145631068,2.2184466019417477
Ottawa,2024-06-06,0.8716814159292036,1.9557522123893805
Ottawa,2024-06-07,0.8636363636363636,1.8383838383838385
Ottawa,2024-06-08,0.8681318681318682,2.0494505494505493
Ottawa,2024-06-09,0.8531073446327684,1.6384180790960452
Ottawa,2024-06-10,0.9,2.476470588235294
Ottawa,2024-06-11,0.8814432989690721,2.216494845360825
Ottawa,2024-06-12,0.8893805309734514,2.225663716814159
Ottawa,2024-06-13,0.875,2.5625
Ottawa,2024-06-14,0.9174757281553398,2.9223300970873787
Ottawa,2024-06-15,0.8716216216216216,1.777027027027027
Ottawa,2024-06-16,0.8707482993197279,1.9047619047619047
Ottawa,2024-06-17,0.901840490797546,2.226993865030675
Ottawa,2024-06-18,0.8686868686868687,2.095959595959596
Ottawa,2024-06-19,0.8465909090909091,2.153409090909091
Ottawa,2024-06-20,0.8708133971291866,2.0095693779904304
Ottawa,2024-06-21,0.8780487804878049,2.175609756097561
Ottawa,2024-06-22,0.875,2.0403225806451615
Ottawa,2024-06-23,0.8690909090909091,1.9272727272727272
Ottawa,2024-06-24,0.896414342629482,2.50996015936255
Ottawa,2024-06-25,0.8784313725490196,2.8
Ottawa,2024-06-26,0.8939393939393939,2.5454545454545454
Ottawa,2024-06-27,0.87890625,2.51171875
Ottawa,2024-06-28,0.8598484848484849,2.6666666666666665
Ottawa,2024-06-29,0.8470149253731343,2.029850746268657
Ottawa,2024-06-30,0.8548387096774194,2.435483870967742
Ottawa,2024-07-01,0.8739837398373984,2.272357723577236
Ottawa,2024-07-02,0.8865546218487395,2.5126050420168067
Ottawa,2024-07-03,0.8809523809523809,2.1865079365079363
Ottawa,2024-07-04,0.88,2.4145454545454546
Ottawa,2024-07-05,0.8807692307692307,2.4307692307692306
Ottawa,2024-07-06,0.8697318007662835,2.3065134099616857
Ottawa,2024-07-07,0.8728070175438597,1.9780701754385965
Ottawa,2024-07-08,0.8576779026217228,2.3782771535580522
Ottawa,2024-07-09,0.8673139158576052,2.2686084142394822
Ottawa,2024-07-10,0.8877887788778878,2.2904290429042904
Ottawa,2024-07-11,0.914396887159533,2.5719844357976656
Ottawa,2024-07-12,0.896414342629482,2.689243027888446
Ottawa,2024-07-13,0.8699186991869918,2.3333333333333335
Ottawa,2024-07-14,0.8740157480314961,2.094488188976378
Ottawa,2024-07-15,0.8961038961038961,1.948051948051948
Ottawa,2024-07-16,0.9003831417624522,2.4022988505747125
Ottawa,2024-07-17,0.9137931034482759,2.5086206896551726
Ottawa,2024-07-18,0.871244635193133,2.742489270386266
Ottawa,2024-07-19,0.8571428571428571,2.7815126050420167
Ottawa,2024-07-20,0.8782608695652174,2.5217391304347827
Ottawa,2024-07-21,0.8590308370044053,2.2422907488986783
Ottawa,2024-07-22,0.8571428571428571,2.4511278195488724
Ottawa,2024-07-23,0.8648648648648649,2.489864864864865
Ottawa,2024-07-24,0.877906976744186,2.2151162790697674
Ottawa,2024-07-25,0.88671875,2.61328125
Ottawa,2024-07-26,0.8630705394190872,2.5477178423236513
Ottawa,2024-07-27,0.8765432098765432,1.9259259259259258
Ottawa,2024-07-28,0.8978102189781022,2.0583941605839415
Ottawa,2024-07-29,0.8675496688741722,1.8675496688741722
Ottawa,2024-07-30,0.8863636363636364,1.8863636363636365
Ottawa,2024-07-31,0.8715083798882681,1.7932960893854748
Ottawa,2024-08-01,0.8311688311688312,2.0194805194805197
Ottawa,2024-08-02,0.8580246913580247,2.0123456790123457
Ottawa,2024-08-03,0.8495575221238938,1.991150442477876
Ottawa,2024-08-04,0.8423423423423423,1.9009009009009008
Ottawa,2024-08-05,0.8477366255144033,1.9012345679012346
Ottawa,2024-08-06,0.8787878787878788,2.5108225108225106
Ottawa,2024-08-07,0.889763779527559,2.3661417322834644
Ottawa,2024-08-08,0.8669064748201439,2.3453237410071943
Ottawa,2024-08-09,0.8561643835616438,1.9417808219178083
Ottawa,2024-08-10,0.8615384615384616,2.15
Ottawa,2024-08-11,0.8278688524590164,1.8114754098360655
Ottawa,2024-08-12,0.8917748917748918,2.41991341991342
Ottawa,2024-08-13,0.8930232558139535,2.772093023255814
Ottawa,2024-08-14,0.8783783783783784,2.481981981981982
Ottawa,2024-08-15,0.8916666666666667,2.3958333333333335
Ottawa,2024-08-16,0.8939393939393939,2.5606060606060606
Ottawa,2024-08-17,0.8785714285714286,1.95
Ottawa,2024-08-18,0.851145038167939,1.8396946564885497
Ottawa,2024-08-19,0.8866396761133604,2.222672064777328
Ottawa,2024-08-20,0.8828451882845189,2.3430962343096233
Ottawa,2024-08-21,0.8685714285714285,1.9657142857142857
Ottawa,2024-08-22,0.896774193548387,2.587096774193548
Ottawa,2024-08-23,0.8896103896103896,2.5974025974025974
Ottawa,2024-08-24,0.85625,1.975
Ottawa,2024-08-25,0.8536585365853658,1.8170731707317074
Ottawa,2024-08-26,0.8727272727272727,2.018181818181818
Ottawa,2024-08-27,0.8839779005524862,2.1270718232044197
Ottawa,2024-08-28,0.8883495145631068,2.3009708737864076
Ottawa,2024-08-29,0.8609865470852018,2.7354260089686098
Ottawa,2024-08-30,0.8617886178861789,2.4186991869918697
Ottawa,2024-08-31,0.8387096774193549,2.2350230414746544
Ottawa,2024-09-01,0.848780487804878,2.292682926829268
Ottawa,2024-09-02,0.8349514563106796,1.645631067961165
Ottawa,2024-09-03,0.8709677419354839,2.5668202764976957
Ottawa,2024-09-04,0.8741258741258742,2.2447552447552446
Ottawa,2024-09-05,0.8538461538461538,1.9615384615384615
Ottawa,2024-09-06,0.8823529411764706,2.1911764705882355
Ottawa,2024-09-07,0.875968992248062,2.0155038759689923
Ottawa,2024-09-08,0.8740157480314961,1.8818897637795275
Ottawa,2024-09-09,0.8770491803278688,2.2950819672131146
Ottawa,2024-09-10,0.9069767441860465,2.24031007751938
Ottawa,2024-09-11,0.888235294117647,2.364705882352941
Ottawa,2024-09-12,0.9128205128205128,2.7794871794871794
Ottawa,2024-09-13,0.9005524861878453,2.8287292817679557
Ottawa,2024-09-14,0.8502673796791443,2.2887700534759357
Ottawa,2024-09-15,0.8492462311557789,1.9899497487437185
Ottawa,2024-09-16,0.8669724770642202,2.2889908256880735
Ottawa,2024-09-17,0.8915094339622641,2.797169811320755
Ottawa,2024-09-18,0.8823529411764706,3.0049019607843137
Ottawa,2024-09-19,0.8617511520737328,2.6912442396313363
Ottawa,2024-09-20,0.8962264150943396,2.839622641509434
Ottawa,2024-09-21,0.9095744680851063,2.484042553191489
Ottawa,2024-09-22,0.8960396039603961,2.0643564356435644
Ottawa,2024-09-23,0.8995433789954338,2.3378995433789953
Ottawa,2024-09-24,0.8826291079812206,2.5492957746478875
Ottawa,2024-09-25,0.8867924528301887,1.8742138364779874
Ottawa,2024-09-26,0.875968992248062,2.2170542635658914
Ottawa,2024-09-27,0.8888888888888888,2.2564102564102564
Ottawa,2024-09-28,0.8739495798319328,1.915966386554622
Ottawa,2024-09-29,0.8660714285714286,2.0982142857142856
Ottawa,2024-09-30,0.8333333333333334,2.1666666666666665
Ottawa,2024-10-01,0.888,2.184
Ottawa,2024-10-02,0.8578947368421053,2.231578947368421
Ottawa,2024-10-03,0.9042553191489362,2.8138297872340425
Ottawa,2024-10-04,0.8842592592592593,2.6712962962962963
Ottawa,2024-10-05,0.8762376237623762,2.3168316831683167
Ottawa,2024-10-06,0.8777292576419214,1.9301310043668123
Ottawa,2024-10-07,0.8642533936651584,2.3574660633484164
Ottawa,2024-10-08,0.8858447488584474,2.5205479452054793
Ottawa,2024-10-09,0.8831168831168831,2.484848484848485
Ottawa,2024-10-10,0.9013452914798207,2.695067264573991
Ottawa,2024-10-11,0.8625592417061612,2.5687203791469195
Ottawa,2024-10-12,0.8640776699029126,2.3155339805825244
Ottawa,2024-10-13,0.8373205741626795,2.1004784688995217
Ottawa,2024-10-14,0.8689320388349514,1.6213592233009708
Ottawa,2024-10-15,0.8564814814814815,2.25
Ottawa,2024-10-16,0.8802083333333334,2.4427083333333335
Ottawa,2024-10-17,0.8706467661691543,2.6766169154228856
Ottawa,2024-10-18,0.875,2.5384615384615383
Ottawa,2024-10-19,0.8507462686567164,2.3333333333333335
Ottawa,2024-10-20,0.8418367346938775,2.142857142857143
Ottawa,2024-10-21,0.8647342995169082,2.652173913043478
Ottawa,2024-10-22,0.8984771573604061,2.431472081218274
Ottawa,2024-10-23,0.8762376237623762,2.4306930693069306
Ottawa,2024-10-24,0.8872549019607843,2.553921568627451
Ottawa,2024-10-25,0.8928571428571429,2.806122448979592
Ottawa,2024-10-26,0.8681318681318682,2.5714285714285716
Ottawa,2024-10-27,0.8850574712643678,2.074712643678161
Ottawa,2024-10-28,0.8923076923076924,2.4974358974358974
Ottawa,2024-10-29,0.867579908675799,2.3607305936073057
Ottawa,2024-10-30,0.8904761904761904,2.5047619047619047
Ottawa,2024-10-31,0.8779342723004695,2.6056338028169015
Ottawa,2024-11-01,0.8861386138613861,2.3415841584158414
Ottawa,2024-11-02,0.8923076923076924,2.4256410256410255
Ottawa,2024-11-03,0.8871794871794871,2.1538461538461537
Ottawa,2024-11-04,0.8689320388349514,2.3932038834951457
Ottawa,2024-11-05,0.8883248730964467,2.4568527918781724
Ottawa,2024-11-06,0.8656716417910447,2.3781094527363185
Ottawa,2024-11-07,0.8921568627450981,2.7107843137254903
Ottawa,2024-11-08,0.8928571428571429,2.424107142857143
Ottawa,2024-11-09,0.8623853211009175,2.330275229357798
Ottawa,2024-11-10,0.8811881188118812,2.0
Ottawa,2024-11-11,0.8851674641148325,2.2200956937799043
Ottawa,2024-11-12,0.9043062200956937,2.598086124401914
Ottawa,2024-11-13,0.9095477386934674,2.5979899497487438
Ottawa,2024-11-14,0.8877551020408163,2.5408163265306123
Ottawa,2024-11-15,0.9032258064516129,2.6129032258064515
Ottawa,2024-11-16,0.8861386138613861,2.4554455445544554
Ottawa,2024-11-17,0.8995215311004785,2.1626794258373208
Ottawa,2024-11-18,0.8838383838383839,2.580808080808081
Ottawa,2024-11-19,0.8904761904761904,2.4952380952380953
Ottawa,2024-11-20,0.8967136150234741,2.4131455399061035
Ottawa,2024-11-21,0.8823529411764706,2.377450980392157
Ottawa,2024-11-22,0.9226804123711341,2.5257731958762886
Ottawa,2024-11-23,0.8773584905660378,2.188679245283019
Ottawa,2024-11-24,0.8723404255319149,2.1808510638297873
Ottawa,2024-11-25,0.8977272727272727,2.4318181818181817
Ottawa,2024-11-26,0.89,2.13
Ottawa,2024-11-27,0.925531914893617,2.3191489361702127
Ottawa,2024-11-28,0.9056603773584906,2.056603773584906
Ottawa,2024-11-29,0.8813559322033898,2.0338983050847457
Ottawa,2024-11-30,0.8958333333333334,2.1770833333333335
Ottawa,2024-12-01,0.8921568627450981,1.7254901960784315
Ottawa,2024-12-02,0.8773584905660378,2.056603773584906
Ottawa,2024-12-03,0.8617021276595744,2.1914893617021276
Ottawa,2024-12-04,0.883495145631068,1.9320388349514563
Ottawa,2024-12-05,0.897196261682243,2.2429906542056073
Ottawa,2024-12-06,0.8653846153846154,2.105769230769231
Ottawa,2024-12-07,0.8585858585858586,2.101010101010101
Ottawa,2024-12-08,0.8522727272727273,1.75
Ottawa,2024-12-09,0.8045977011494253,1.839080459770115
Ottawa,2024-12-10,0.8222222222222222,1.8
Ottawa,2024-12-11,0.8172043010752689,1.924731182795699
Ottawa,2024-12-12,0.8282828282828283,1.606060606060606
Ottawa,2024-12-13,0.8617021276595744,2.0
Ottawa,2024-12-14,0.8260869565217391,1.7717391304347827
Ottawa,2024-12-15,0.8941176470588236,1.8588235294117648
Ottawa,2024-12-16,0.8631578947368421,1.8
Ottawa,2024-12-17,0.898876404494382,2.1235955056179776
Ottawa,2024-12-18,0.8941176470588236,1.988235294117647
Ottawa,2024-12-19,0.9130434782608695,2.3152173913043477
Ottawa,2024-12-20,0.872093023255814,2.4069767441860463
Ottawa,2024-12-21,0.875,2.2386363636363638
Ottawa,2024-12-22,0.8351648351648352,1.9120879120879122
Ottawa,2024-12-23,0.8252427184466019,1.941747572815534
Ottawa,2024-12-24,0.85,1.8
Ottawa,2024-12-25,0.8433734939759037,1.4819277108433735
Ottawa,2024-12-26,0.8526315789473684,2.1052631578947367
Ottawa,2024-12-27,0.8317757009345794,1.6355140186915889
Ottawa,2024-12-28,0.8558558558558559,1.7387387387387387
Ottawa,2024-12-29,0.883495145631068,1.7864077669902914
Ottawa,2024-12-30,0.8686868686868687,1.797979797979798
Ottawa,2024-12-31,0.8602150537634409,1.5698924731182795
Ottawa,2025-01-01,0.8586956521739131,1.5543478260869565
Ottawa,2025-01-02,0.8777777777777778,1.9444444444444444
Ottawa,2025-01-03,0.8854166666666666,2.0833333333333335
Ottawa,2025-01-04,0.8811881188118812,2.118811881188119
Ottawa,2025-01-05,0.91,1.85
Ottawa,2025-01-06,0.8947368421052632,2.0210526315789474
Ottawa,2025-01-07,0.8709677419354839,1.8064516129032258
Ottawa,2025-01-08,0.9010989010989011,1.934065934065934
Ottawa,2025-01-09,0.9029126213592233,2.262135922330097
Ottawa,2025-01-10,0.8932038834951457,2.233009708737864
Ottawa,2025-01-11,0.9285714285714286,2.0
Ottawa,2025-01-12,0.8860759493670886,1.9367088607594938
Ottawa,2025-01-13,0.8791208791208791,2.1758241758241756
Ottawa,2025-01-14,0.8901098901098901,1.901098901098901
Ottawa,2025-01-15,0.8846153846153846,2.076923076923077
Ottawa,2025-01-16,0.9215686274509803,1.8725490196078431
Ottawa,2025-01-17,0.8545454545454545,1.9727272727272727
Ottawa,2025-01-18,0.8625954198473282,1.9618320610687023
Ottawa,2025-01-19,0.8846153846153846,1.9230769230769231
Ottawa,2025-01-20,0.8571428571428571,2.0952380952380953
Ottawa,2025-01-21,0.8523489932885906,1.9865771812080537
Ottawa,2025-01-22,0.8472222222222222,2.048611111111111
Ottawa,2025-01-23,0.8260869565217391,2.050724637681159
Ottawa,2025-01-24,0.9027777777777778,2.1944444444444446
Ottawa,2025-01-25,0.875,1.6923076923076923
Ottawa,2025-01-26,0.8936170212765957,1.5319148936170213
Ottawa,2025-01-27,0.8631578947368421,1.8631578947368421
Ottawa,2025-01-28,0.8876404494382022,1.8426966292134832
Ottawa,2025-01-29,0.8823529411764706,2.011764705882353
Ottawa,2025-01-30,0.9042553191489362,2.0531914893617023
Ottawa,2025-01-31,0.8617021276595744,1.872340425531915
Ottawa,2025-02-01,0.875,1.7142857142857142
Ottawa,2025-02-02,0.872,1.88
Ottawa,2025-02-03,0.855072463768116,2.079710144927536
Ottawa,2025-02-04,0.8726114649681529,2.0445859872611467
Ottawa,2025-02-05,0.8774193548387097,2.167741935483871
Ottawa,2025-02-06,0.888235294117647,2.0823529411764707
Ottawa,2025-02-07,0.8535031847133758,2.267515923566879
Ottawa,2025-02-08,0.9006211180124224,2.1801242236024843
Ottawa,2025-02-09,0.9014084507042254,2.0422535211267605
Ottawa,2025-02-10,0.8843537414965986,1.9727891156462585
Ottawa,2025-02-11,0.8922155688622755,2.035928143712575
Ottawa,2025-02-12,0.9133858267716536,2.0708661417322833
Ottawa,2025-02-13,0.8981481481481481,1.8611111111111112
Ottawa,2025-02-14,0.8934426229508197,2.081967213114754
Ottawa,2025-02-15,0.8782608695652174,1.8782608695652174
Ottawa,2025-02-16,0.8990825688073395,1.908256880733945
Ottawa,2025-02-17,0.898989898989899,2.1515151515151514
Ottawa,2025-02-18,0.8956521739130435,2.2
Ottawa,2025-02-19,0.8814814814814815,2.0592592592592593
Ottawa,2025-02-20,0.9060402684563759,2.1812080536912752
Ottawa,2025-02-21,0.9066666666666666,2.1733333333333333
Ottawa,2025-02-22,0.9155844155844156,2.012987012987013
Ottawa,2025-02-23,0.8926174496644296,1.8053691275167785
Ottawa,2025-02-24,0.9124087591240876,2.437956204379562
Ottawa,2025-02-25,0.8904109589041096,2.328767123287671
Ottawa,2025-02-26,0.8846153846153846,2.448717948717949
Ottawa,2025-02-27,0.8689655172413793,2.4275862068965517
Ottawa,2025-02-28,0.8867924528301887,2.2767295597484276
Ottawa,2025-03-01,0.8733333333333333,2.006666666666667
Ottawa,2025-03-02,0.8741721854304636,2.0397350993377485
Ottawa,2025-03-03,0.863013698630137,2.1301369863013697
Ottawa,2025-03-04,0.8766233766233766,2.103896103896104
Ottawa,2025-03-05,0.8928571428571429,2.3214285714285716
Ottawa,2025-03-06,0.881578947368421,2.1578947368421053
Ottawa,2025-03-07,0.9015151515151515,2.6515151515151514
Ottawa,2025-03-08,0.900709219858156,2.2836879432624113
Ottawa,2025-03-09,0.8450704225352113,2.1056338028169015
Ottawa,2025-03-10,0.8695652173913043,2.4057971014492754
Ottawa,2025-03-11,0.9015151515151515,2.2803030303030303
Ottawa,2025-03-12,0.8854961832061069,2.183206106870229
Ottawa,2025-03-13,0.9142857142857143,2.0642857142857145
Ottawa,2025-03-14,0.9133333333333333,2.2933333333333334
Ottawa,2025-03-15,0.8709677419354839,2.1225806451612903
Ottawa,2025-03-16,0.8782051282051282,1.9230769230769231
Ottawa,2025-03-17,0.9191176470588235,2.338235294117647
Ottawa,2025-03-18,0.9,2.18
Ottawa,2025-03-19,0.9066666666666666,2.5733333333333333
Ottawa,2025-03-20,0.9236111111111112,2.298611111111111
Ottawa,2025-03-21,0.9236111111111112,2.4305555555555554
Ottawa,2025-03-22,0.9172413793103448,2.2758620689655173
Ottawa,2025-03-23,0.9115646258503401,1.965986394557823
Ottawa,2025-03-24,0.9142857142857143,2.4357142857142855
Ottawa,2025-03-25,0.9142857142857143,2.7214285714285715
Ottawa,2025-03-26,0.9178082191780822,2.5753424657534247
Ottawa,2025-03-27,0.9320987654320988,2.6666666666666665
Ottawa,2025-03-28,0.8971428571428571,2.5085714285714285
Ottawa,2025-03-29,0.8895348837209303,2.2209302325581395
Ottawa,2025-03-30,0.8953488372093024,1.8546511627906976
Ottawa,2025-03-31,0.9050279329608939,2.206703910614525
Ottawa,2025-04-01,0.888268156424581,2.5195530726256985
Ottawa,2025-04-02,0.9021739130434783,2.255434782608696
Ottawa,2025-04-03,0.8784530386740331,2.3977900552486187
Ottawa,2025-04-04,0.8813559322033898,2.559322033898305
Ottawa,2025-04-05,0.8535031847133758,2.375796178343949
Ottawa,2025-04-06,0.9044585987261147,2.1974522292993632
Ottawa,2025-04-07,0.8834355828220859,2.392638036809816
Ottawa,2025-04-08,0.8902439024390244,2.225609756097561
Ottawa,2025-04-09,0.8961038961038961,2.6103896103896105
Ottawa,2025-04-10,0.9155844155844156,2.383116883116883
Ottawa,2025-04-11,0.9246575342465754,2.712328767123288
Ottawa,2025-04-12,0.9225352112676056,2.464788732394366
Ottawa,2025-04-13,0.8823529411764706,2.522875816993464
Ottawa,2025-04-14,0.8841463414634146,2.3963414634146343
Ottawa,2025-04-15,0.8944099378881988,2.3043478260869565
Ottawa,2025-04-16,0.9205298013245033,2.6357615894039736
Ottawa,2025-04-17,0.9090909090909091,2.7696969696969695
Ottawa,2025-04-18,0.8571428571428571,2.1614906832298137
Ottawa,2025-04-19,0.8571428571428571,2.4161490683229814
Ottawa,2025-04-20,0.875,1.9013157894736843
Ottawa,2025-04-21,0.8851351351351351,2.1824324324324325
Ottawa,2025-04-22,0.9119496855345912,2.4842767295597485
Ottawa,2025-04-23,0.89937106918239,2.490566037735849
Ottawa,2025-04-24,0.9141104294478528,2.6134969325153374
Ottawa,2025-04-25,0.9329608938547486,2.804469273743017
Ottawa,2025-04-26,0.9069767441860465,2.302325581395349
Ottawa,2025-04-27,0.9090909090909091,2.210227272727273
Ottawa,2025-04-28,0.9171270718232044,2.685082872928177
Ottawa,2025-04-29,0.8862559241706162,2.255924170616114
Ottawa,2025-04-30,0.9144385026737968,2.6898395721925135
Ottawa,2025-05-01,0.8961748633879781,2.420765027322404
Ottawa,2025-05-02,0.9294117647058824,2.7
Ottawa,2025-05-03,0.9050632911392406,2.7658227848101267
Ottawa,2025-05-04,0.9090909090909091,2.7142857142857144
Ottawa,2025-05-05,0.8703703703703703,2.6358024691358026
Ottawa,2025-05-06,0.8797814207650273,2.557377049180328
Ottawa,2025-05-07,0.9213483146067416,2.7808988764044944
Ottawa,2025-05-08,0.898876404494382,2.5730337078651684
Ottawa,2025-05-09,0.9239766081871345,3.0058479532163744
Ottawa,2025-05-10,0.8947368421052632,3.111111111111111
Ottawa,2025-05-11,0.9157894736842105,2.6789473684210527
Ottawa,2025-05-12,0.9123711340206185,2.7938144329896906
Ottawa,2025-05-13,0.9203980099502488,2.8507462686567164
Ottawa,2025-05-14,0.9072164948453608,2.7938144329896906
Ottawa,2025-05-15,0.912621359223301,2.6650485436893203
Ottawa,2025-05-16,0.9043062200956937,2.660287081339713
Ottawa,2025-05-17,0.8811881188118812,2.3366336633663365
Ottawa,2025-05-18,0.8862275449101796,2.5508982035928143
Ottawa,2025-05-19,0.8726114649681529,2.1528662420382165
Ottawa,2025-05-20,0.9096045197740112,2.8135593220338984
Ottawa,2025-05-21,0.9333333333333333,2.764102564102564
Ottawa,2025-05-22,0.8979591836734694,2.4081632653061225
Ottawa,2025-05-23,0.8916256157635468,2.600985221674877
Ottawa,2025-05-24,0.9252336448598131,2.5934579439252334
Ottawa,2025-05-25,0.9037656903765691,2.405857740585774
Ottawa,2025-05-26,0.9397590361445783,2.7791164658634537
Ottawa,2025-05-27,0.914396887159533,2.727626459143969
Ottawa,2025-05-28,0.927536231884058,2.7355072463768115
Ottawa,2025-05-29,0.920863309352518,2.4820143884892087
Ottawa,2025-05-30,0.8885017421602788,2.5644599303135887
Ottawa,2025-05-31,0.9110169491525424,2.639830508474576
Ottawa,2025-06-01,0.9053497942386831,2.139917695473251
Ottawa,2025-06-02,0.9352226720647774,2.789473684210526
Ottawa,2025-06-03,0.9195402298850575,2.5363984674329503
Ottawa,2025-06-04,0.9054545454545454,2.4909090909090907
Ottawa,2025-06-05,0.915057915057915,2.7258687258687258
Ottawa,2025-06-06,0.9198473282442748,2.6603053435114505
Ottawa,2025-06-07,0.9163346613545816,2.6693227091633465
Ottawa,2025-06-08,0.8951612903225806,2.286290322580645
Ottawa,2025-06-09,0.9087719298245615,2.3614035087719296
Ottawa,2025-06-10,0.9104477611940298,2.5186567164179103
Ottawa,2025-06-11,0.916030534351145,2.5229007633587788
Ottawa,2025-06-12,0.8828125,2.6484375
Ottawa,2025-06-13,0.9065040650406504,2.678861788617886
Ottawa,2025-06-14,0.9023255813953488,2.3767441860465115
Ottawa,2025-06-15,0.9368932038834952,2.3640776699029127
Ottawa,2025-06-16,0.9183673469387755,2.4285714285714284
Ottawa,2025-06-17,0.9111111111111111,2.537037037037037
Ottawa,2025-06-18,0.896551724137931,2.371647509578544
Ottawa,2025-06-19,0.9073359073359073,2.44015444015444
Ottawa,2025-06-20,0.875,2.6328125
Ottawa,2025-06-21,0.9024390243902439,2.658536585365854
Ottawa,2025-06-22,0.8828125,2.4140625
Ottawa,2025-06-23,0.905511811023622,2.377952755905512
Ottawa,2025-06-24,0.8929889298892989,2.4169741697416973
Ottawa,2025-06-25,0.9090909090909091,2.541818181818182
Ottawa,2025-06-26,0.8981818181818182,2.458181818181818
Ottawa,2025-06-27,0.9068100358422939,2.3405017921146953
Ottawa,2025-06-28,0.9011406844106464,2.2433460076045626
Ottawa,2025-06-29,0.891213389121339,2.401673640167364
Ottawa,2025-06-30,0.8888888888888888,2.636015325670498
Ottawa,2025-07-01,0.8825622775800712,2.1245551601423487
Ottawa,2025-07-02,0.8986013986013986,2.3181818181818183
Ottawa,2025-07-03,0.8920863309352518,2.528776978417266
Ottawa,2025-07-04,0.8924302788844621,2.6254980079681274
Ottawa,2025-07-05,0.8669201520912547,2.2129277566539924
Ottawa,2025-07-06,0.8655172413793103,1.9379310344827587
Ottawa,2025-07-07,0.8819672131147541,2.144262295081967
Ottawa,2025-07-08,0.8659420289855072,2.351449275362319
Ottawa,2025-07-09,0.88,2.2036363636363636
Ottawa,2025-07-10,0.9056603773584906,2.339622641509434
Ottawa,2025-07-11,0.8996138996138996,2.5752895752895753
Ottawa,2025-07-12,0.8963963963963963,2.3513513513513513
Ottawa,2025-07-13,0.8908296943231441,2.131004366812227
Ottawa,2025-07-14,0.8814432989690721,2.350515463917526
Ottawa,2025-07-15,0.8629441624365483,2.436548223350254
Ottawa,2025-07-16,0.8817733990147784,2.541871921182266
Ottawa,2025-07-17,0.9035087719298246,2.6184210526315788
Ottawa,2025-07-18,0.9398907103825137,3.1530054644808745
Ottawa,2025-07-19,0.8916256157635468,2.458128078817734
Ottawa,2025-07-20,0.8913043478260869,2.3206521739130435
Ottawa,2025-07-21,0.9209039548022598,2.8361581920903953
Ottawa,2025-07-22,0.9127906976744186,2.8255813953488373
Ottawa,2025-07-23,0.9112426035502958,2.562130177514793
Ottawa,2025-07-24,0.905,2.345
Ottawa,2025-07-25,0.8757062146892656,2.830508474576271
Ottawa,2025-07-26,0.88268156424581,2.329608938547486
Ottawa,2025-07-27,0.8839779005524862,2.3756906077348066
Ottawa,2025-07-28,0.9044943820224719,2.49438202247191
Ottawa,2025-07-29,0.9298245614035088,3.0292397660818713
Ottawa,2025-07-30,0.912568306010929,2.633879781420765
Ottawa,2025-07-31,0.9337016574585635,2.9281767955801103
Ottawa,2025-08-01,0.9414893617021277,2.9627659574468086
Ottawa,2025-08-02,0.9425287356321839,2.8045977011494254
Ottawa,2025-08-03,0.88125,2.575
Ottawa,2025-08-04,0.9058823529411765,1.9764705882352942
Ottawa,2025-08-05,0.9064327485380117,2.719298245614035
Ottawa,2025-08-06,0.9239766081871345,2.52046783625731
Ottawa,2025-08-07,0.9032258064516129,2.381720430107527
Ottawa,2025-08-08,0.9337016574585635,2.751381215469613
Ottawa,2025-08-09,0.9090909090909091,2.596590909090909
Ottawa,2025-08-10,0.9204545454545454,2.352272727272727
Ottawa,2025-08-11,0.8936170212765957,2.4574468085106385
Ottawa,2025-08-12,0.9021739130434783,2.5380434782608696
Ottawa,2025-08-13,0.8860103626943006,2.61139896373057
Ottawa,2025-08-14,0.8961748633879781,2.6448087431693987
Ottawa,2025-08-15,0.9122807017543859,3.2865497076023393
Ottawa,2025-08-16,0.8867924528301887,2.8050314465408803
Ottawa,2025-08-17,0.907103825136612,2.2568306010928962
Ottawa,2025-08-18,0.9034090909090909,2.6420454545454546
Ottawa,2025-08-19,0.8769230769230769,2.687179487179487
Ottawa,2025-08-20,0.8833333333333333,2.672222222222222
Ottawa,2025-08-21,0.8690476190476191,3.2976190476190474
Ottawa,2025-08-22,0.8944444444444445,2.772222222222222
Ottawa,2025-08-23,0.867816091954023,2.6494252873563218
Ottawa,2025-08-24,0.9130434782608695,2.260869565217391
Ottawa,2025-08-25,0.9055555555555556,2.6944444444444446
Ottawa,2025-08-26,0.8820224719101124,2.5730337078651684
Ottawa,2025-08-27,0.930635838150289,2.658959537572254
Ottawa,2025-08-28,0.9042553191489362,2.6914893617021276
Ottawa,2025-08-29,0.8854166666666666,3.0
Ottawa,2025-08-30,0.9086021505376344,2.650537634408602
Ottawa,2025-08-31,0.8950276243093923,2.6022099447513813
Ottawa,2025-09-01,0.9090909090909091,2.212121212121212
Ottawa,2025-09-02,0.9029126213592233,2.587378640776699
Ottawa,2025-09-03,0.8923076923076924,2.5641025641025643
Ottawa,2025-09-04,0.8714285714285714,2.4571428571428573
Ottawa,2025-09-05,0.875,2.484375
Ottawa,2025-09-06,0.8789808917197452,2.4076433121019107
Ottawa,2025-09-07,0.8819875776397516,2.2236024844720497
Ottawa,2025-09-08,0.8802395209580839,2.467065868263473
Ottawa,2025-09-09,0.8780487804878049,2.932926829268293
Ottawa,2025-09-10,0.8947368421052632,2.742690058479532
Ottawa,2025-09-11,0.8910256410256411,2.8141025641025643
Ottawa,2025-09-12,0.8823529411764706,2.372549019607843
Ottawa,2025-09-13,0.9,2.4214285714285713
Ottawa,2025-09-14,0.8768115942028986,2.4782608695652173
Ottawa,2025-09-15,0.8851351351351351,2.7567567567567566
Ottawa,2025-09-16,0.8903225806451613,2.8774193548387097
Ottawa,2025-09-17,0.8802816901408451,2.9014084507042255
Ottawa,2025-09-18,0.9215686274509803,3.2026143790849675
Ottawa,2025-09-19,0.9102564102564102,3.326923076923077
Ottawa,2025-09-20,0.8766233766233766,2.4415584415584415
Ottawa,2025-09-21,0.9096774193548387,2.6
Ottawa,2025-09-22,0.9157303370786517,2.764044943820225
Ottawa,2025-09-23,0.8877005347593583,2.9572192513368982
Ottawa,2025-09-24,0.9,2.8947368421052633
Ottawa,2025-09-25,0.9171270718232044,2.7790055248618786
Ottawa,2025-09-26,0.9044943820224719,2.943820224719101
Ottawa,2025-09-27,0.9148936170212766,2.898936170212766
Ottawa,2025-09-28,0.9105263157894737,2.6157894736842104
Ottawa,2025-09-29,0.917098445595855,2.694300518134715
Ottawa,2025-09-30,0.9,2.805263157894737
Ottawa,2025-10-01,0.9082125603864735,2.8115942028985508
Ottawa,2025-10-02,0.9227467811158798,2.5836909871244633
Ottawa,2025-10-03,0.9184549356223176,2.6051502145922747
Ottawa,2025-10-04,0.8674242424242424,2.140151515151515
Ottawa,2025-10-05,0.8892508143322475,2.1726384364820848
Ottawa,2025-10-06,0.9037900874635568,2.4052478134110786
Ottawa,2025-10-07,0.9192200557103064,2.1782729805013927
Ottawa,2025-10-08,0.9214501510574018,2.3716012084592144
Ottawa,2025-10-09,0.9115853658536586,2.4542682926829267
Ottawa,2025-10-10,0.928125,2.4375
Ottawa,2025-10-11,0.9389830508474576,2.3084745762711862
Ottawa,2025-10-12,0.9337979094076655,2.0696864111498257
Ottawa,2025-10-13,0.9096385542168675,1.716867469879518
Ottawa,2025-10-14,0.9300291545189504,2.250728862973761
Ottawa,2025-10-15,0.9273743016759777,2.1145251396648046
Ottawa,2025-10-16,0.9033149171270718,2.160220994475138
Ottawa,2025-10-17,0.9132791327913279,2.127371273712737
Ottawa,2025-10-18,0.9261363636363636,2.0767045454545454
Ottawa,2025-10-19,0.9232876712328767,2.0602739726027397
Ottawa,2025-10-20,0.9181585677749361,1.9565217391304348
Ottawa,2025-10-21,0.90625,2.1302083333333335
Ottawa,2025-10-22,0.9280397022332506,2.129032258064516
Ottawa,2025-10-23,0.9240506329113924,2.1063291139240508
Ottawa,2025-10-24,0.9273743016759777,2.3798882681564244
Ottawa,2025-10-25,0.9248554913294798,2.0289017341040463
Ottawa,2025-10-26,0.9195402298850575,1.9367816091954022
Ottawa,2025-10-27,0.9128065395095368,2.106267029972752
Ottawa,2025-10-28,0.9093406593406593,2.0164835164835164
Ottawa,2025-10-29,0.8932926829268293,1.923780487804878
Ottawa,2025-10-30,0.9218241042345277,1.9315960912052117
Ottawa,2025-10-31,0.9415584415584416,2.094155844155844
Ottawa,2025-11-01,0.9428571428571428,2.0714285714285716
Ottawa,2025-11-02,0.9358108108108109,1.875
Ottawa,2025-11-03,0.9197530864197531,2.1049382716049383
Ottawa,2025-11-04,0.9329268292682927,2.1646341463414633
Ottawa,2025-11-05,0.9366391184573003,2.0330578512396693
Ottawa,2025-11-06,0.9405405405405406,2.3783783783783785
Ottawa,2025-11-07,0.940677966101695,2.152542372881356
Ottawa,2025-11-08,0.9490909090909091,1.9527272727272726
Ottawa,2025-11-09,0.948051948051948,1.8138528138528138
Ottawa,2025-11-10,0.9312977099236641,1.8435114503816794
Ottawa,2025-11-11,0.9479553903345725,2.0
Ottawa,2025-11-12,0.9151943462897526,1.96113074204947
Ottawa,2025-11-13,0.916083916083916,1.9580419580419581
Ottawa,2025-11-14,0.9094202898550725,1.9166666666666667
Ottawa,2025-11-15,0.9300911854103343,1.9513677811550152
Ottawa,2025-11-16,0.9237536656891495,1.8592375366568914
Ottawa,2025-11-17,0.9042821158690176,1.9445843828715366
Ottawa,2025-11-18,0.8985148514851485,2.027227722772277
Ottawa,2025-11-19,0.910411622276029,2.1501210653753025
Ottawa,2025-11-20,0.9216589861751152,2.140552995391705
Ottawa,2025-11-21,0.9232613908872902,2.2709832134292567
Ottawa,2025-11-22,0.917098445595855,2.1139896373056994
Ottawa,2025-11-23,0.9090909090909091,1.7837837837837838
Ottawa,2025-11-24,0.9380952380952381,2.0714285714285716
Ottawa,2025-11-25,0.930622009569378,2.1555023923444976
Ottawa,2025-11-26,0.9323076923076923,1.9076923076923078
Ottawa,2025-11-27,0.9303621169916435,1.9554317548746518
Ottawa,2025-11-28,0.9335180055401662,1.9750692520775623
Ottawa,2025-11-29,0.927536231884058,1.8898550724637682
Ottawa,2025-11-30,0.9208211143695014,1.6451612903225807
Ottawa,2025-12-01,0.915068493150685,1.9232876712328768
Ottawa,2025-12-02,0.9281914893617021,1.9441489361702127
Ottawa,2025-12-03,0.9223057644110275,2.007518796992481
Ottawa,2025-12-04,0.9067599067599068,2.0303030303030303
Ottawa,2025-12-05,0.9172749391727494,2.021897810218978
Ottawa,2025-12-06,0.9047619047619048,1.9642857142857142
Ottawa,2025-12-07,0.9247572815533981,1.8179611650485437
Ottawa,2025-12-08,0.9182242990654206,2.0186915887850465
Ottawa,2025-12-09,0.9382716049382716,2.0765432098765433
Ottawa,2025-12-10,0.9297752808988764,1.8061797752808988
Ottawa,2025-12-11,0.9347181008902077,2.00593471810089
Ottawa,2025-12-12,0.9262820512820513,2.1955128205128207
Ottawa,2025-12-13,0.9132075471698113,1.9056603773584906
Ottawa,2025-12-14,0.9266409266409267,1.7027027027027026
Ottawa,2025-12-15,0.9190140845070423,1.9753521126760563
Ottawa,2025-12-16,0.9192982456140351,1.9684210526315788
Ottawa,2025-12-17,0.9273927392739274,1.9405940594059405
Ottawa,2025-12-18,0.9365079365079365,1.9428571428571428
Ottawa,2025-12-19,0.9381107491856677,2.0651465798045603
Ottawa,2025-12-20,0.9044585987261147,2.0127388535031847
Ottawa,2025-12-21,0.8941176470588236,1.8029411764705883
Ottawa,2025-12-22,0.9226666666666666,1.9866666666666666
Ottawa,2025-12-23,0.9180327868852459,1.9918032786885247
Ottawa,2025-12-24,0.9289772727272727,2.085227272727273
Ottawa,2025-12-25,0.9467084639498433,1.7962382445141065
Ottawa,2025-12-26,0.9322033898305084,2.0084745762711864
Ottawa,2025-12-27,0.912,2.010666666666667
Ottawa,2025-12-28,0.9354005167958657,1.8837209302325582
Ottawa,2025-12-29,0.9329896907216495,1.9561855670103092
Ottawa,2025-12-30,0.9448818897637795,2.1942257217847767
Ottawa,2025-12-31,0.910941475826972,2.094147582697201
Quebec,2023-01-01,0.7315789473684211,1.731578947368421
Quebec,2023-01-02,0.7079207920792079,2.0495049504950495
Quebec,2023-01-03,0.7127659574468085,1.9148936170212767
Quebec,2023-01-04,0.6938775510204082,2.107142857142857
Quebec,2023-01-05,0.6772486772486772,1.8148148148148149
Quebec,2023-01-06,0.7052631578947368,2.068421052631579
Quebec,2023-01-07,0.7021276595744681,2.0319148936170213
Quebec,2023-01-08,0.7354497354497355,1.8042328042328042
Quebec,2023-01-09,0.6861702127659575,2.0372340425531914
Quebec,2023-01-10,0.6740331491712708,1.9834254143646408
Quebec,2023-01-11,0.6972972972972973,2.1837837837837837
Quebec,2023-01-12,0.7395833333333334,2.1302083333333335
Quebec,2023-01-13,0.7405405405405405,2.091891891891892
Quebec,2023-01-14,0.7828282828282829,2.474747474747475
Quebec,2023-01-15,0.7004608294930875,1.8617511520737327
Quebec,2023-01-16,0.755868544600939,2.1737089201877935
Quebec,2023-01-17,0.765,2.525
Quebec,2023-01-18,0.7570093457943925,2.5093457943925235
Quebec,2023-01-19,0.7609756097560976,2.5707317073170732
Quebec,2023-01-20,0.7586206896551724,2.310344827586207
Quebec,2023-01-21,0.7634408602150538,2.521505376344086
Quebec,2023-01-22,0.723404255319149,1.9787234042553192
Quebec,2023-01-23,0.7577319587628866,2.2731958762886597
Quebec,2023-01-24,0.7397959183673469,2.3214285714285716
Quebec,2023-01-25,0.7058823529411765,2.4166666666666665
Quebec,2023-01-26,0.7305699481865285,2.1088082901554404
Quebec,2023-01-27,0.7536945812807881,2.0541871921182264
Quebec,2023-01-28,0.7272727272727273,2.235294117647059
Quebec,2023-01-29,0.7262569832402235,1.8715083798882681
Quebec,2023-01-30,0.6935483870967742,2.3440860215053765
Quebec,2023-01-31,0.7070707070707071,2.2323232323232323
Quebec,2023-02-01,0.7121951219512195,2.2878048780487803
Quebec,2023-02-02,0.7401960784313726,2.5833333333333335
Quebec,2023-02-03,0.7285067873303167,2.2036199095022626
Quebec,2023-02-04,0.7375565610859729,2.1176470588235294
Quebec,2023-02-05,0.7293577981651376,1.9495412844036697
Quebec,2023-02-06,0.7658536585365854,2.453658536585366
Quebec,2023-02-07,0.7371134020618557,2.365979381443299
Quebec,2023-02-08,0.7272727272727273,2.2954545454545454
Quebec,2023-02-09,0.7459016393442623,2.2704918032786887
Quebec,2023-02-10,0.723404255319149,2.4680851063829787
Quebec,2023-02-11,0.7238493723849372,2.581589958158996
Quebec,2023-02-12,0.7244444444444444,2.0844444444444443
Quebec,2023-02-13,0.7407407407407407,2.4675925925925926
Quebec,2023-02-14,0.7302325581395349,2.5488372093023255
Quebec,2023-02-15,0.7263681592039801,2.36318407960199
Quebec,2023-02-16,0.7375565610859729,2.51131221719457
Quebec,2023-02-17,0.7477477477477478,2.3828828828828827
Quebec,2023-02-18,0.7652582159624414,2.647887323943662
Quebec,2023-02-19,0.7706422018348624,2.4174311926605503
Quebec,2023-02-20,0.7696078431372549,2.4901960784313726
Quebec,2023-02-21,0.7688679245283019,2.3537735849056602
Quebec,2023-02-22,0.7625570776255708,2.406392694063927
Quebec,2023-02-23,0.75,2.5045454545454544
Quebec,2023-02-24,0.7442922374429224,2.598173515981735
Quebec,2023-02-25,0.7323943661971831,2.2816901408450705
Quebec,2023-02-26,0.7572815533980582,1.941747572815534
Quebec,2023-02-27,0.7149532710280374,2.2009345794392523
Quebec,2023-02-28,0.7047619047619048,2.119047619047619
Quebec,2023-03-01,0.7549019607843137,2.303921568627451
Quebec,2023-03-02,0.7405660377358491,2.0943396226415096
Quebec,2023-03-03,0.7601809954751131,2.067873303167421
Quebec,2023-03-04,0.7731958762886598,2.268041237113402
Quebec,2023-03-05,0.7745098039215687,1.8627450980392157
Quebec,2023-03-06,0.7425742574257426,2.2475247524752477
Quebec,2023-03-07,0.7647058823529411,2.5026737967914436
Quebec,2023-03-08,0.7409326424870466,2.3989637305699483
Quebec,2023-03-09,0.746031746031746,2.322751322751323
Quebec,2023-03-10,0.729064039408867,2.2216748768472905
Quebec,2023-03-11,0.7525773195876289,2.1597938144329896
Quebec,2023-03-12,0.7643979057591623,2.068062827225131
Quebec,2023-03-13,0.7422680412371134,1.865979381443299
Quebec,2023-03-14,0.7712765957446809,2.3138297872340425
Quebec,2023-03-15,0.746268656716418,2.253731343283582
Quebec,2023-03-16,0.7598039215686274,2.411764705882353
Quebec,2023-03-17,0.7623762376237624,2.4455445544554455
Quebec,2023-03-18,0.7673267326732673,2.396039603960396
Quebec,2023-03-19,0.7614213197969543,1.8375634517766497
Quebec,2023-03-20,0.734375,2.2239583333333335
Quebec,2023-03-21,0.6927083333333334,2.046875
Quebec,2023-03-22,0.743455497382199,2.1989528795811517
Quebec,2023-03-23,0.7318435754189944,2.0614525139664805
Quebec,2023-03-24,0.7315789473684211,2.2473684210526317
Quebec,2023-03-25,0.7580645161290323,2.682795698924731
Quebec,2023-03-26,0.7301587301587301,1.8518518518518519
Quebec,2023-03-27,0.7472527472527473,2.258241758241758
Quebec,2023-03-28,0.7398843930635838,2.4566473988439306
Quebec,2023-03-29,0.7541899441340782,2.2346368715083798
Quebec,2023-03-30,0.7485714285714286,2.2057142857142855
Quebec,2023-03-31,0.7526315789473684,2.336842105263158
Quebec,2023-04-01,0.7446808510638298,2.0797872340425534
Quebec,2023-04-02,0.6683937823834197,1.8652849740932642
Quebec,2023-04-03,0.6938775510204082,2.0816326530612246
Quebec,2023-04-04,0.7135135135135136,2.1783783783783783
Quebec,2023-04-05,0.6915422885572139,1.9850746268656716
Quebec,2023-04-06,0.6923076923076923,2.164102564102564
Quebec,2023-04-07,0.7005347593582888,2.106951871657754
Quebec,2023-04-08,0.75,2.0760869565217392
Quebec,2023-04-09,0.7112299465240641,1.9732620320855614
Quebec,2023-04-10,0.6858638743455497,1.9738219895287958
Quebec,2023-04-11,0.712707182320442,2.132596685082873
Quebec,2023-04-12,0.7457627118644068,2.361581920903955
Quebec,2023-04-13,0.7771428571428571,2.7085714285714286
Quebec,2023-04-14,0.7660818713450293,2.502923976608187
Quebec,2023-04-15,0.7666666666666667,2.2777777777777777
Quebec,2023-04-16,0.6983240223463687,2.106145251396648
Quebec,2023-04-17,0.7096774193548387,2.086021505376344
Quebec,2023-04-18,0.7647058823529411,2.427807486631016
Quebec,2023-04-19,0.7604166666666666,2.5104166666666665
Quebec,2023-04-20,0.7551020408163265,2.4030612244897958
Quebec,2023-04-21,0.7616580310880829,2.8134715025906734
Quebec,2023-04-22,0.7602040816326531,2.5153061224489797
Quebec,2023-04-23,0.755868544600939,2.056338028169014
Quebec,2023-04-24,0.7142857142857143,1.9795918367346939
Quebec,2023-04-25,0.7538461538461538,2.287179487179487
Quebec,2023-04-26,0.7230769230769231,2.58974358974359
Quebec,2023-04-27,0.7307692307692307,2.4951923076923075
Quebec,2023-04-28,0.7614213197969543,2.228426395939086
Quebec,2023-04-29,0.7621621621621621,2.189189189189189
Quebec,2023-04-30,0.7333333333333333,1.776190476190476
Quebec,2023-05-01,0.7170731707317073,2.048780487804878
Quebec,2023-05-02,0.7037037037037037,2.566137566137566
Quebec,2023-05-03,0.7447916666666666,2.4322916666666665
Quebec,2023-05-04,0.7647058823529411,2.593582887700535
Quebec,2023-05-05,0.7527472527472527,2.6923076923076925
Quebec,2023-05-06,0.7556818181818182,2.6363636363636362
Quebec,2023-05-07,0.7771428571428571,2.4
Quebec,2023-05-08,0.7572254335260116,2.300578034682081
Quebec,2023-05-09,0.7235294117647059,2.335294117647059
Quebec,2023-05-10,0.7168674698795181,2.602409638554217
Quebec,2023-05-11,0.7303370786516854,2.539325842696629
Quebec,2023-05-12,0.78,2.625
Quebec,2023-05-13,0.7819148936170213,2.654255319148936
Quebec,2023-05-14,0.7654320987654321,2.271604938271605
Quebec,2023-05-15,0.7514792899408284,2.195266272189349
Quebec,2023-05-16,0.774390243902439,2.3841463414634148
Quebec,2023-05-17,0.7485029940119761,2.395209580838323
Quebec,2023-05-18,0.7722222222222223,2.6444444444444444
Quebec,2023-05-19,0.7486631016042781,2.770053475935829
Quebec,2023-05-20,0.7764705882352941,2.6058823529411765
Quebec,2023-05-21,0.7727272727272727,2.5113636363636362
Quebec,2023-05-22,0.8023952095808383,2.532934131736527
Quebec,2023-05-23,0.7752808988764045,2.646067415730337
Quebec,2023-05-24,0.8143712574850299,2.964071856287425
Quebec,2023-05-25,0.782608695652174,2.467391304347826
Quebec,2023-05-26,0.7487437185929648,2.562814070351759
Quebec,2023-05-27,0.7616580310880829,2.8963730569948187
Quebec,2023-05-28,0.7613636363636364,2.2670454545454546
Quebec,2023-05-29,0.7166666666666667,2.5555555555555554
Quebec,2023-05-30,0.7575757575757576,2.9242424242424243
Quebec,2023-05-31,0.7807486631016043,2.839572192513369
Quebec,2023-06-01,0.7751196172248804,2.8373205741626792
Quebec,2023-06-02,0.806930693069307,2.8415841584158414
Quebec,2023-06-03,0.7849462365591398,2.8763440860215055
Quebec,2023-06-04,0.7609756097560976,2.1951219512195124
Quebec,2023-06-05,0.7929292929292929,2.7373737373737375
Quebec,2023-06-06,0.7476190476190476,2.419047619047619
Quebec,2023-06-07,0.7412280701754386,2.482456140350877
Quebec,2023-06-08,0.776255707762557,2.776255707762557
Quebec,2023-06-09,0.7767441860465116,2.8883720930232557
Quebec,2023-06-10,0.7548076923076923,2.293269230769231
Quebec,2023-06-11,0.7727272727272727,2.3484848484848486
Quebec,2023-06-12,0.7598039215686274,2.8676470588235294
Quebec,2023-06-13,0.8053097345132744,2.5309734513274336
Quebec,2023-06-14,0.7782608695652173,2.5782608695652174
Quebec,2023-06-15,0.7894736842105263,2.6140350877192984
Quebec,2023-06-16,0.7644628099173554,2.7355371900826446
Quebec,2023-06-17,0.7488151658767772,2.360189573459716
Quebec,2023-06-18,0.7906976744186046,2.302325581395349
Quebec,2023-06-19,0.8009049773755657,2.579185520361991
Quebec,2023-06-20,0.7897196261682243,2.55607476635514
Quebec,2023-06-21,0.7942583732057417,2.7607655502392343
Quebec,2023-06-22,0.7804878048780488,3.1414634146341465
Quebec,2023-06-23,0.7393364928909952,2.5734597156398102
Quebec,2023-06-24,0.7324561403508771,2.3464912280701755
Quebec,2023-06-25,0.758893280632411,2.16600790513834
Quebec,2023-06-26,0.7595419847328244,2.4618320610687023
Quebec,2023-06-27,0.7555555555555555,2.6592592592592594
Quebec,2023-06-28,0.7426470588235294,2.3676470588235294
Quebec,2023-06-29,0.764,2.756
Quebec,2023-06-30,0.7302158273381295,2.226618705035971
Quebec,2023-07-01,0.6970802919708029,2.3175182481751824
Quebec,2023-07-02,0.7078651685393258,2.460674157303371
Quebec,2023-07-03,0.7341772151898734,2.5105485232067513
Quebec,2023-07-04,0.7389380530973452,2.5088495575221237
Quebec,2023-07-05,0.6943231441048034,2.296943231441048
Quebec,2023-07-06,0.6946902654867256,2.3230088495575223
Quebec,2023-07-07,0.7255639097744361,2.345864661654135
Quebec,2023-07-08,0.7541666666666667,2.4125
Quebec,2023-07-09,0.7554744525547445,2.375912408759124
Quebec,2023-07-10,0.7455197132616488,2.3440860215053765
Quebec,2023-07-11,0.7128378378378378,2.222972972972973
Quebec,2023-07-12,0.6996466431095406,2.462897526501767
Quebec,2023-07-13,0.711484593837535,2.215686274509804
Quebec,2023-07-14,0.7261146496815286,2.5477707006369426
Quebec,2023-07-15,0.712280701754386,2.3017543859649123
Quebec,2023-07-16,0.7161290322580646,2.2096774193548385
Quebec,2023-07-17,0.71875,2.44921875
Quebec,2023-07-18,0.7226890756302521,2.5252100840336134
Quebec,2023-07-19,0.734375,2.44140625
Quebec,2023-07-20,0.70703125,2.4453125
Quebec,2023-07-21,0.718978102189781,2.1350364963503647
Quebec,2023-07-22,0.7361702127659574,2.097872340425532
Quebec,2023-07-23,0.7077625570776256,2.0319634703196345
Quebec,2023-07-24,0.7402597402597403,2.5714285714285716
Quebec,2023-07-25,0.7318181818181818,2.463636363636364
Quebec,2023-07-26,0.7294117647058823,2.3019607843137253
Quebec,2023-07-27,0.7432950191570882,2.5095785440613025
Quebec,2023-07-28,0.7137931034482758,2.4655172413793105
Quebec,2023-07-29,0.702928870292887,2.192468619246862
Quebec,2023-07-30,0.7252252252252253,2.108108108108108
Quebec,2023-07-31,0.6995515695067265,2.408071748878924
Quebec,2023-08-01,0.7025862068965517,2.2155172413793105
Quebec,2023-08-02,0.6949152542372882,2.1313559322033897
Quebec,2023-08-03,0.7397260273972602,2.143835616438356
Quebec,2023-08-04,0.7463235294117647,2.2426470588235294
Quebec,2023-08-05,0.7296137339055794,2.296137339055794
Quebec,2023-08-06,0.7214611872146118,2.2146118721461185
Quebec,2023-08-07,0.7136929460580913,2.3734439834024896
Quebec,2023-08-08,0.6963562753036437,2.0931174089068825
Quebec,2023-08-09,0.7100371747211895,2.315985130111524
Quebec,2023-08-10,0.7235494880546075,2.1296928327645053
Quebec,2023-08-11,0.6761565836298933,2.088967971530249
Quebec,2023-08-12,0.7352941176470589,2.0294117647058822
Quebec,2023-08-13,0.7058823529411765,2.0470588235294116
Quebec,2023-08-14,0.7153846153846154,2.203846153846154
Quebec,2023-08-15,0.6707317073170732,2.4796747967479673
Quebec,2023-08-16,0.65748031496063,2.0236220472440944
Quebec,2023-08-17,0.6715867158671587,2.140221402214022
Quebec,2023-08-18,0.723404255319149,2.382978723404255
Quebec,2023-08-19,0.6911196911196911,2.4054054054054053
Quebec,2023-08-20,0.7108433734939759,2.0160642570281126
Quebec,2023-08-21,0.7191489361702128,2.3872340425531915
Quebec,2023-08-22,0.7302904564315352,2.5809128630705396
Quebec,2023-08-23,0.7542372881355932,2.6483050847457625
Quebec,2023-08-24,0.7217741935483871,2.4475806451612905
Quebec,2023-08-25,0.6944444444444444,2.0595238095238093
Quebec,2023-08-26,0.71875,2.392857142857143
Quebec,2023-08-27,0.7048458149779736,2.026431718061674
Quebec,2023-08-28,0.7166666666666667,2.2916666666666665
Quebec,2023-08-29,0.7254098360655737,2.372950819672131
Quebec,2023-08-30,0.7543859649122807,2.1008771929824563
Quebec,2023-08-31,0.7192982456140351,2.280701754385965
Quebec,2023-09-01,0.7550200803212851,2.5502008032128516
Quebec,2023-09-02,0.7393162393162394,2.6538461538461537
Quebec,2023-09-03,0.746606334841629,2.475113122171946
Quebec,2023-09-04,0.72,2.026666666666667
Quebec,2023-09-05,0.7417840375586855,2.3896713615023475
Quebec,2023-09-06,0.7477876106194691,2.274336283185841
Quebec,2023-09-07,0.7564102564102564,2.5128205128205128
Quebec,2023-09-08,0.7407407407407407,2.774074074074074
Quebec,2023-09-09,0.758893280632411,2.6798418972332017
Quebec,2023-09-10,0.7420634920634921,2.0277777777777777
Quebec,2023-09-11,0.7795918367346939,2.7224489795918365
Quebec,2023-09-12,0.7579365079365079,2.5
Quebec,2023-09-13,0.772,2.448
Quebec,2023-09-14,0.7276595744680852,2.519148936170213
Quebec,2023-09-15,0.7131782945736435,2.562015503875969
Quebec,2023-09-16,0.7838983050847458,2.7415254237288136
Quebec,2023-09-17,0.75,1.930232558139535
Toronto,2023-01-01,0.43962962962962965,1.1025925925925926
Toronto,2023-01-02,0.43727598566308246,1.2960573476702508
Toronto,2023-01-03,0.4686106346483705,1.5457975986277872
Toronto,2023-01-04,0.47443762781186094,1.5453306066802999
Toronto,2023-01-05,0.4786795048143054,1.6151994497936726
Toronto,2023-01-06,0.46135430916552667,1.5571135430916552
Toronto,2023-01-07,0.459402460456942,1.4885764499121266
Toronto,2023-01-08,0.4538063562453806,1.3111603843311161
Toronto,2023-01-09,0.4824259131633356,1.6357684355616815
Toronto,2023-01-10,0.479,1.6966666666666668
Toronto,2023-01-11,0.48962108731466225,1.6121911037891268
Toronto,2023-01-12,0.4900683816346467,1.6144578313253013
Toronto,2023-01-13,0.47897435897435897,1.6300854700854701
Toronto,2023-01-14,0.4685264663805436,1.5815450643776825
Toronto,2023-01-15,0.46113260640168835,1.3640520576855435
Toronto,2023-01-16,0.48347943358057993,1.6604855023600809
Toronto,2023-01-17,0.4869390488948426,1.6741460147354321
Toronto,2023-01-18,0.49155405405405406,1.7158783783783784
Toronto,2023-01-19,0.4877475662974152,1.6320913058073179
Toronto,2023-01-20,0.48393854748603354,1.655027932960894
Toronto,2023-01-21,0.46244477172312226,1.571060382916053
Toronto,2023-01-22,0.45484104046242774,1.3045520231213872
Toronto,2023-01-23,0.4643921828420007,1.539251407750911
Toronto,2023-01-24,0.4818440164193243,1.6545626776128828
Toronto,2023-01-25,0.46590548683793215,1.5137963843958135
Toronto,2023-01-26,0.4727646454265159,1.5902706406303528
Toronto,2023-01-27,0.4858216604031432,1.6190638879398702
Toronto,2023-01-28,0.4603399433427762,1.4791076487252124
Toronto,2023-01-29,0.45180065478355763,1.307748272098945
Toronto,2023-01-30,0.4656949875577675,1.569854248133665
Toronto,2023-01-31,0.4909670563230606,1.716613531703861
Toronto,2023-02-01,0.4923451635351427,1.6795407098121085
Toronto,2023-02-02,0.48064405618362455,1.6228160328879753
Toronto,2023-02-03,0.4737756165335186,1.5338659256686349
Toronto,2023-02-04,0.4618817404239494,1.515805132019338
Toronto,2023-02-05,0.4587360594795539,1.3784386617100373
Toronto,2023-02-06,0.4796891557753444,1.674320028258566
Toronto,2023-02-07,0.4860296654018627,1.6867885477750948
Toronto,2023-02-08,0.49090307641415815,1.7892821700297719
Toronto,2023-02-09,0.47434624296590533,1.5620655412115194
Toronto,2023-02-10,0.48280701754385963,1.7252631578947368
Toronto,2023-02-11,0.47083021690351534,1.531039640987285
Toronto,2023-02-12,0.461880088823094,1.4711324944485566
Toronto,2023-02-13,0.47542134831460675,1.639747191011236
Toronto,2023-02-14,0.4853963838664812,1.7121001390820585
Toronto,2023-02-15,0.4811222722549359,1.7249740214755802
Toronto,2023-02-16,0.46883561643835614,1.6291095890410958
Toronto,2023-02-17,0.47475481293134764,1.6338539774791137
Toronto,2023-02-18,0.47870261821023835,1.659241891363814
Toronto,2023-02-19,0.4691164972634871,1.4777169663799843
Toronto,2023-02-20,0.44141193595342065,1.277292576419214
Toronto,2023-02-21,0.47068565750248426,1.625703875455449
Toronto,2023-02-22,0.4708374063212773,1.5327468230694037
Toronto,2023-02-23,0.4589989350372737,1.5342563010294639
Toronto,2023-02-24,0.48201187565490744,1.6842472930492491
Toronto,2023-02-25,0.4552186177715092,1.4379407616361073
Toronto,2023-02-26,0.44042553191489364,1.3039007092198582
Toronto,2023-02-27,0.4608581722895513,1.4716672125777923
Toronto,2023-02-28,0.4639355742296919,1.6841736694677871
Toronto,2023-03-01,0.4741180349488955,1.6696340257171118
Toronto,2023-03-02,0.4747603833865815,1.582747603833866
Toronto,2023-03-03,0.4638723803565843,1.4917109790428527
Toronto,2023-03-04,0.44912680334092636,1.3921791951404707
Toronto,2023-03-05,0.45310776020595805,1.415961750643619
Toronto,2023-03-06,0.4782146652497343,1.669500531349628
Toronto,2023-03-07,0.49406261245052174,1.701691255847427
Toronto,2023-03-08,0.47992895204262875,1.594316163410302
Toronto,2023-03-09,0.48099929627023225,1.6045038705137227
Toronto,2023-03-10,0.48059280169371915,1.5719830628087508
Toronto,2023-03-11,0.47494126859827723,1.5501174628034455
Toronto,2023-03-12,0.468503937007874,1.3066929133858267
Toronto,2023-03-13,0.48484848484848486,1.4959723820483315
Toronto,2023-03-14,0.4849304482225657,1.5517774343122102
Toronto,2023-03-15,0.47336834208552137,1.5600150037509377
Toronto,2023-03-16,0.47732342007434947,1.5695167286245353
Toronto,2023-03-17,0.4780801209372638,1.5585789871504157
Toronto,2023-03-18,0.4704236610711431,1.447242206235012
Toronto,2023-03-19,0.4474979491386382,1.25512715340443
Toronto,2023-03-20,0.47058823529411764,1.5472972972972974
Toronto,2023-03-21,0.468359375,1.581640625
Toronto,2023-03-22,0.4851063829787234,1.6058027079303676
Toronto,2023-03-23,0.47306525037936265,1.5386949924127467
Toronto,2023-03-24,0.47398843930635837,1.5726396917148362
Toronto,2023-03-25,0.45969327565867085,1.3582383012190327
Toronto,2023-03-26,0.45799347471451873,1.3442088091353996
Toronto,2023-03-27,0.48183194549583647,1.4958364875094625
Toronto,2023-03-28,0.4871698113207547,1.6245283018867924
Toronto,2023-03-29,0.49096820809248554,1.6076589595375723
Toronto,2023-03-30,0.48523985239852396,1.6660516605166051
Toronto,2023-03-31,0.4782766111513396,1.55032585083273
Toronto,2023-04-01,0.4752175558077942,1.5573212258796822
Toronto,2023-04-02,0.46800947867298576,1.3834913112164298
Toronto,2023-04-03,0.465003465003465,1.4885654885654886
Toronto,2023-04-04,0.46786454733932276,1.542156185210781
Toronto,2023-04-05,0.4746632456703015,1.4599101988454137
Toronto,2023-04-06,0.4841645431379687,1.708045140152894
Toronto,2023-04-07,0.46294820717131474,1.399601593625498
Toronto,2023-04-08,0.46111547525530244,1.544383346425766
Toronto,2023-04-09,0.44549568078979845,1.2422871246400657
Toronto,2023-04-10,0.46579675761170425,1.545670225385528
Toronto,2023-04-11,0.4931667317454119,1.7071456462319405
Toronto,2023-04-12,0.4891640866873065,1.7612229102167183
Toronto,2023-04-13,0.48374613003095973,1.7794117647058822
Toronto,2023-04-14,0.49267743146826887,1.755914382275629
Toronto,2023-04-15,0.4785604900459418,1.6795558958652375
Toronto,2023-04-16,0.4615095756665415,1.4209538114907998
Toronto,2023-04-17,0.46704545454545454,1.5011363636363637
Toronto,2023-04-18,0.47757761594480647,1.5829819854350327
Toronto,2023-04-19,0.45795107033639143,1.5856269113149848
Toronto,2023-04-20,0.4701574514829733,1.5232515562065179
Toronto,2023-04-21,0.46755587599134824,1.6182408074981975
Toronto,2023-04-22,0.4766248574686431,1.4967692892436335
Toronto,2023-04-23,0.45742574257425744,1.36990099009901
Toronto,2023-04-24,0.47079169869331283,1.5876249039200614
Toronto,2023-04-25,0.48302469135802467,1.6936728395061729
Toronto,2023-04-26,0.4734663153933007,1.6168611215656756
Toronto,2023-04-27,0.48096118299445473,1.6813308687615527
Toronto,2023-04-28,0.46586910626319494,1.5140745953553836
Toronto,2023-04-29,0.46403279910547895,1.4673872530749161
Toronto,2023-04-30,0.44743733632622523,1.2543958099513655
Toronto,2023-05-01,0.4697962154294032,1.4836244541484715
Toronto,2023-05-02,0.48429814604615967,1.6545592130155127
Toronto,2023-05-03,0.4741216471477144,1.6248583301851152
Toronto,2023-05-04,0.4786022771888496,1.718099725166863
Toronto,2023-05-05,0.4620449264136328,1.6510457010069712
Toronto,2023-05-06,0.46568627450980393,1.6172385620915033
Toronto,2023-05-07,0.45570123162495035,1.2785061581247517
Toronto,2023-05-08,0.4708952228020875,1.7579285427539142
Toronto,2023-05-09,0.4715909090909091,1.796672077922078
Toronto,2023-05-10,0.4759771986970684,1.7968241042345277
Toronto,2023-05-11,0.4853969559851913,1.739201974496092
Toronto,2023-05-12,0.47743568114719526,1.8009278785322649
Toronto,2023-05-13,0.46331702979101824,1.6696309470875945
Toronto,2023-05-14,0.4693427437141597,1.505955006616674
Toronto,2023-05-15,0.47822374039282667,1.7929120409906063
Toronto,2023-05-16,0.48450586264656614,1.7780569514237856
Toronto,2023-05-17,0.49834437086092714,1.804635761589404
Toronto,2023-05-18,0.4863149543831813,1.7358191193970647
Toronto,2023-05-19,0.45778466305189774,1.6444616576297444
Toronto,2023-05-20,0.456021650879567,1.5277401894451963
Toronto,2023-05-21,0.451858913250715,1.55767397521449
Toronto,2023-05-22,0.42844483828090385,1.2693841382365973
Toronto,2023-05-23,0.478981406628941,1.6847210994341149
Toronto,2023-05-24,0.47086614173228347,1.7318897637795276
Toronto,2023-05-25,0.4746506986027944,1.7493013972055889
Toronto,2023-05-26,0.47092313948759656,1.7759251728344856
Toronto,2023-05-27,0.47136752136752136,1.7538461538461538
Toronto,2023-05-28,0.4560651521645949,1.5983711958851265
Toronto,2023-05-29,0.4742268041237113,1.6672164948453607
Toronto,2023-05-30,0.47542997542997545,1.7227682227682228
Toronto,2023-05-31,0.47839873166864844,1.764169639318272
Toronto,2023-06-01,0.4845642829230168,1.7710042985541228
Toronto,2023-06-02,0.472871137905049,1.6371514694800302
Toronto,2023-06-03,0.46208930075821397,1.7106149957877002
Toronto,2023-06-04,0.44532224532224535,1.5014553014553014
Toronto,2023-06-05,0.46763692072003066,1.6522405208732287
Toronto,2023-06-06,0.4779547980733605,1.6609855502037791
Toronto,2023-06-07,0.47091800981079185,1.6219341275402943
Toronto,2023-06-08,0.4787052810902896,1.6119250425894378
Toronto,2023-06-09,0.4681213774292533,1.61200136379134
Toronto,2023-06-10,0.4743202416918429,1.6597432024169185
Toronto,2023-06-11,0.46878164022949714,1.4417819777252785
Toronto,2023-06-12,0.4649207888781119,1.427416747494342
Toronto,2023-06-13,0.48303715670436187,1.6920840064620355
Toronto,2023-06-14,0.49317738791423,1.725471085120208
Toronto,2023-06-15,0.4789599726308587,1.6534382483749572
Toronto,2023-06-16,0.4754405699287589,1.680914885639295
Toronto,2023-06-17,0.47921131590227173,1.8122588941277324
Toronto,2023-06-18,0.46527196652719666,1.6292887029288703
Toronto,2023-06-19,0.4687993680884676,1.6283570300157977
Toronto,2023-06-20,0.4728049728049728,1.7024087024087025
Toronto,2023-06-21,0.46705496905715327,1.64506734619585
Toronto,2023-06-22,0.46866391184573003,1.615702479338843
Toronto,2023-06-23,0.46257197696737046,1.4974408189379398
Toronto,2023-06-24,0.4509681449094316,1.4878201124297314
Toronto,2023-06-25,0.4391617141069753,1.4263371911166718
Toronto,2023-06-26,0.4536055143160127,1.3695652173913044
Toronto,2023-06-27,0.4701337295690936,1.5542347696879644
Toronto,2023-06-28,0.464793082149475,1.510191476219889
Toronto,2023-06-29,0.4615616520952668,1.484172444980404
Toronto,2023-06-30,0.45451860602480804,1.4509746012994684
Toronto,2023-07-01,0.45066666666666666,1.3693333333333333
Toronto,2023-07-02,0.4402583423035522,1.3527090060997489
Toronto,2023-07-03,0.4371010138941044,1.4757791963950433
Toronto,2023-07-04,0.45127334465195246,1.5079796264855687
Toronto,2023-07-05,0.44949670253384244,1.5359250260326276
Toronto,2023-07-06,0.45120142390981904,1.382972411747256
Toronto,2023-07-07,0.4566410537870472,1.6216611781924626
Toronto,2023-07-08,0.4613382899628253,1.5676579925650558
Toronto,2023-07-09,0.42451154529307283,1.3605683836589697
Toronto,2023-07-10,0.4513938527519657,1.5142959256611865
Toronto,2023-07-11,0.4396524976729755,1.321439652497673
Toronto,2023-07-12,0.45066948555320646,1.517970401691332
Toronto,2023-07-13,0.4489795918367347,1.4279622296679866
Toronto,2023-07-14,0.449968132568515,1.5379222434671767
Toronto,2023-07-15,0.4713846153846154,1.3996923076923078
Toronto,2023-07-16,0.46423705722070846,1.4063351498637602
Toronto,2023-07-17,0.4600747536527353,1.4655113829425757
Toronto,2023-07-18,0.46902947996025174,1.5568068896985756
Toronto,2023-07-19,0.4634146341463415,1.582399472643375
Toronto,2023-07-20,0.46316731285416046,1.4276767074261856
Toronto,2023-07-21,0.4455838570956004,1.4750248097915977
Toronto,2023-07-22,0.44567092100724387,1.4239392894101415
Toronto,2023-07-23,0.4379027533684827,1.1616871704745166
Toronto,2023-07-24,0.44615832363213037,1.3664144353899883
Toronto,2023-07-25,0.44571066793289016,1.3966445077556189
Toronto,2023-07-26,0.44400244798041616,1.4204406364749083
Toronto,2023-07-27,0.4589308996088657,1.485006518904824
Toronto,2023-07-28,0.46954484605087016,1.5240963855421688
Toronto,2023-07-29,0.44267839026039907,1.4491038214406493
Toronto,2023-07-30,0.4507518796992481,1.4996240601503759
Toronto,2023-07-31,0.4440446203670385,1.6074127383951062
Toronto,2023-08-01,0.46448663853727146,1.6842475386779183
Toronto,2023-08-02,0.4649983090970578,1.6077105174163002
Toronto,2023-08-03,0.4730905575249758,1.5810505961972285
Toronto,2023-08-04,0.4577567370721049,1.641660597232338
Toronto,2023-08-05,0.45603112840466925,1.5801556420233462
Toronto,2023-08-06,0.45296938399114717,1.3791958686831427
Toronto,2023-08-07,0.4408561772437101,1.2549755914382275
Toronto,2023-08-08,0.46016146016146015,1.600912600912601
Toronto,2023-08-09,0.4564831261101243,1.6511545293072825
Toronto,2023-08-10,0.4474377745241581,1.415519765739385
Toronto,2023-08-11,0.4555816292323165,1.5980556486758297
Toronto,2023-08-12,0.4489993544222079,1.4922530664945126
Toronto,2023-08-13,0.4483129935391242,1.4339554917444364
Toronto,2023-08-14,0.45816186556927296,1.4862825788751715
Toronto,2023-08-15,0.45853193517635843,1.494439148395297
Toronto,2023-08-16,0.46668932698844323,1.571380013596193
Toronto,2023-08-17,0.45788812067881834,1.5166561910747958
Toronto,2023-08-18,0.45800748044882694,1.583815028901734
Toronto,2023-08-19,0.467872258560985,1.7175836860330898
Toronto,2023-08-20,0.4581597879591064,1.4623248769405528
Toronto,2023-08-21,0.4558610709117221,1.585383502170767
Toronto,2023-08-22,0.4633286318758815,1.6763046544428772
Toronto,2023-08-23,0.4396662387676508,1.4720795892169447
Toronto,2023-08-24,0.463855421686747,1.4641724793912492
Toronto,2023-08-25,0.47827648114901256,1.7443447037701976
Toronto,2023-08-26,0.4938956714761376,1.801701812800592
Toronto,2023-08-27,0.47101174687381586,1.7457370215990906
Toronto,2023-08-28,0.4658450704225352,1.633450704225352
Toronto,2023-08-29,0.46427326594632273,1.6626002091321017
Toronto,2023-08-30,0.47440028643036164,1.698890082348729
Toronto,2023-08-31,0.4619502868068834,1.6405353728489485
Toronto,2023-09-01,0.4644766997708174,1.7605042016806722
Toronto,2023-09-02,0.4860769860769861,1.821048321048321
Toronto,2023-09-03,0.48274410774410775,1.8998316498316499
Toronto,2023-09-04,0.45995975855130783,1.4792756539235412
Toronto,2023-09-05,0.4745639534883721,1.7154796511627908
Toronto,2023-09-06,0.4763660744217231,1.6453234998323836
Toronto,2023-09-07,0.49160206718346255,1.6970284237726099
Toronto,2023-09-08,0.4812274368231047,1.8451263537906137
Toronto,2023-09-09,0.47619047619047616,1.7382888114595432
Toronto,2023-09-10,0.46837797619047616,1.5476190476190477
Toronto,2023-09-11,0.4823529411764706,1.780035650623886
Toronto,2023-09-12,0.4816466552315609,1.6610634648370497
Toronto,2023-09-13,0.4758747697974217,1.701657458563536
Toronto,2023-09-14,0.4842027920646583,1.8122703894195444
Toronto,2023-09-15,0.4875406283856988,1.8197905381003971
Toronto,2023-09-16,0.4811250925240563,1.7116950407105846
Toronto,2023-09-17,0.4671857619577308,1.5239154616240267
Toronto,2023-09-18,0.4760432766615147,1.6263523956723338
Toronto,2023-09-19,0.4877559213167403,1.778803693295865
Toronto,2023-09-20,0.48181083265966046,1.7182700080840743
Toronto,2023-09-21,0.47711624139327663,1.759821790198461
Toronto,2023-09-22,0.4755686604886268,1.7333614153327717
Toronto,2023-09-23,0.4546271338724169,1.6617250673854447
Toronto,2023-09-24,0.46856356126663606,1.491968793024323
Toronto,2023-09-25,0.48502202643171805,1.6224669603524229
Toronto,2023-09-26,0.49850746268656715,1.7667377398720683
Toronto,2023-09-27,0.4980744544287548,1.7749251176722294
Toronto,2023-09-28,0.4860706860706861,1.7081081081081082
Toronto,2023-09-29,0.4853678929765886,1.7809364548494984
Toronto,2023-09-30,0.4846014492753623,1.7182971014492754
Toronto,2023-10-01,0.4741340530814215,1.575348627980207
Toronto,2023-10-02,0.4791934791934792,1.752895752895753
Toronto,2023-10-03,0.4856070087609512,1.8385481852315395
Toronto,2023-10-04,0.47289275821131777,1.7605856747130986
Toronto,2023-10-05,0.48628884826325414,1.7104204753199268
Toronto,2023-10-06,0.47591743119266056,1.665519877675841
Toronto,2023-10-07,0.4860455130957492,1.6792614856161443
Toronto,2023-10-08,0.45767758400680564,1.447043811144194
Toronto,2023-10-09,0.4362934362934363,1.1557271557271558
Toronto,2023-10-10,0.46712109061748197,1.6716118684843624
Toronto,2023-10-11,0.4804329725228976,1.7855953372189841
Toronto,2023-10-12,0.48482328482328485,1.775051975051975
Toronto,2023-10-13,0.47930743243243246,1.833614864864865
Toronto,2023-10-14,0.4744145706851691,1.6392020815264527
Toronto,2023-10-15,0.472234762979684,1.492099322799097
Toronto,2023-10-16,0.475636050021561,1.7391116860715825
Toronto,2023-10-17,0.4802211824755423,1.8324117396852404
Toronto,2023-10-18,0.4900930044480388,1.9057824504650223
Toronto,2023-10-19,0.4776591538157374,1.7362593910636615
Toronto,2023-10-20,0.4659226783579115,1.6516540454364288
Toronto,2023-10-21,0.48334794040315515,1.6945661700262926
Toronto,2023-10-22,0.47112462006079026,1.4680851063829787
Toronto,2023-10-23,0.46978243352135374,1.7147461724415793
Toronto,2023-10-24,0.47800471327572663,1.791044776119403
Toronto,2023-10-25,0.48485995457986375,1.7240726722180166
Toronto,2023-10-26,0.4842596191216479,1.6995724834823163
Toronto,2023-10-27,0.47398144413069787,1.799112545381202
Toronto,2023-10-28,0.4638766519823789,1.6797356828193832
Toronto,2023-10-29,0.4582222222222222,1.4235555555555555
Toronto,2023-10-30,0.4649895178197065,1.6939203354297694
Toronto,2023-10-31,0.4829961256995265,1.931984502798106
Toronto,2023-11-01,0.49440619621342513,1.8347676419965577
Toronto,2023-11-02,0.49140154772141015,1.8452278589853826
Toronto,2023-11-03,0.4854915547856215,1.855348635773062
Toronto,2023-11-04,0.4800175669740887,1.6701800614844093
Toronto,2023-11-05,0.46556233653007845,1.503487358326068
Toronto,2023-11-06,0.46380802517702596,1.5169158143194335
Toronto,2023-11-07,0.47592905405405406,1.6722972972972974
Toronto,2023-11-08,0.47463917525773197,1.663917525773196
Toronto,2023-11-09,0.4806201550387597,1.7652885443583117
Toronto,2023-11-10,0.48353096179183136,1.885814668423364
Toronto,2023-11-11,0.4755016332244517,1.7134857676154922
Toronto,2023-11-12,0.4678638941398866,1.5141776937618148
Toronto,2023-11-13,0.47713897691263013,1.745586238116795
Toronto,2023-11-14,0.48522055479763526,1.8135516143701682
Toronto,2023-11-15,0.4849424269264836,1.8015943312666076
Toronto,2023-11-16,0.4967032967032967,1.8457142857142856
Toronto,2023-11-17,0.4875708678587004,1.7444395987788923
Toronto,2023-11-18,0.4873911049977075,1.7051811095827603
Toronto,2023-11-19,0.4576112412177986,1.4304449648711943
Toronto,2023-11-20,0.4799301919720768,1.725567190226876
Toronto,2023-11-21,0.479557069846678,1.6469335604770017
Toronto,2023-11-22,0.4821905609973286,1.7132680320569902
Toronto,2023-11-23,0.4945602901178604,1.7747053490480507
Toronto,2023-11-24,0.49506726457399103,1.7318385650224215
Toronto,2023-11-25,0.4961832061068702,1.6956106870229009
Toronto,2023-11-26,0.4706426259824318,1.4285714285714286
Toronto,2023-11-27,0.4629548443665059,1.5471284524331435
Toronto,2023-11-28,0.4806236080178174,1.6481069042316259
Toronto,2023-11-29,0.4792823579666809,1.6710807347287484
Toronto,2023-11-30,0.48326980093180855,1.7149512918254977
Toronto,2023-12-01,0.4736170212765957,1.6493617021276596
Toronto,2023-12-02,0.4797451069640419,1.6285844333181612
Toronto,2023-12-03,0.46326905417814507,1.4086317722681359
Toronto,2023-12-04,0.4735413839891452,1.6811397557666214
Toronto,2023-12-05,0.4955357142857143,1.7629464285714285
Toronto,2023-12-06,0.4893805309734513,1.788938053097345
Toronto,2023-12-07,0.4804270462633452,1.7362099644128113
Toronto,2023-12-08,0.48421520675855934,1.7567807914628724
Toronto,2023-12-09,0.4995523724261415,1.6947179946284692
Toronto,2023-12-10,0.48034107058266223,1.4746565608716249
Toronto,2023-12-11,0.4812614259597806,1.686471663619744
Toronto,2023-12-12,0.4866696791685495,1.8011748757342974
Toronto,2023-12-13,0.49429484253765404,1.7772706526700137
Toronto,2023-12-14,0.48315602836879434,1.6897163120567376
Toronto,2023-12-15,0.4758983347940403,1.7379491673970202
Toronto,2023-12-16,0.46454545454545454,1.5713636363636363
Toronto,2023-12-17,0.4491371480472298,1.3215258855585832
Toronto,2023-12-18,0.46355555555555555,1.6613333333333333
Toronto,2023-12-19,0.4653828519027969,1.7152682255845941
Toronto,2023-12-20,0.4768454837230628,1.7955066483264557
Toronto,2023-12-21,0.4654939106901218,1.6734325665313488
Toronto,2023-12-22,0.47072072072072074,1.7954954954954956
Toronto,2023-12-23,0.4723282442748092,1.5997137404580153
Toronto,2023-12-24,0.45025125628140705,1.4306532663316582
Toronto,2023-12-25,0.435923829130211,1.0195573854863613
Toronto,2023-12-26,0.43580914904082635,1.1977373339891786
Toronto,2023-12-27,0.4566929133858268,1.4034275127373783
Toronto,2023-12-28,0.47807228915662653,1.6163855421686748
Toronto,2023-12-29,0.46618004866180046,1.6739659367396593
Toronto,2023-12-30,0.47202441505595116,1.600203458799593
Toronto,2023-12-31,0.45671332296526695,1.4484188698807672
Toronto,2024-01-01,0.45788336933045354,1.1722462203023758
Toronto,2024-01-02,0.4544544544544545,1.544044044044044
Toronto,2024-01-03,0.45671641791044776,1.5318407960199005
Toronto,2024-01-04,0.4616526472043543,1.5343889163780307
Toronto,2024-01-05,0.46150121065375305,1.476997578692494
Toronto,2024-01-06,0.4546783625730994,1.4683235867446394
Toronto,2024-01-07,0.4324455205811138,1.297820823244552
Toronto,2024-01-08,0.4482606781153677,1.5072655217965654
Toronto,2024-01-09,0.4634771465185818,1.4365655702691158
Toronto,2024-01-10,0.4773716275021758,1.6053089643167973
Toronto,2024-01-11,0.47405562474055624,1.510170195101702
Toronto,2024-01-12,0.46958637469586373,1.5251419302514193
Toronto,2024-01-13,0.4564814814814815,1.4074074074074074
Toronto,2024-01-14,0.45904761904761904,1.359047619047619
Toronto,2024-01-15,0.4712328767123288,1.612785388127854
Toronto,2024-01-16,0.4688509460083064,1.632210429164744
Toronto,2024-01-17,0.4697738809413936,1.614213197969543
Toronto,2024-01-18,0.4743709226467847,1.6505125815470643
Toronto,2024-01-19,0.4759409242496427,1.5878989995235826
Toronto,2024-01-20,0.46538081107814044,1.4752720079129575
Toronto,2024-01-21,0.44785575048732945,1.3235867446393763
Toronto,2024-01-22,0.4648964896489649,1.5486048604860485
Toronto,2024-01-23,0.4725568942436412,1.5836680053547523
Toronto,2024-01-24,0.48653582838886356,1.5933363760839798
Toronto,2024-01-25,0.48697674418604653,1.7097674418604651
Toronto,2024-01-26,0.4774193548387097,1.6866359447004609
Toronto,2024-01-27,0.4583333333333333,1.5642570281124497
Toronto,2024-01-28,0.4669692385274836,1.45940494200706
Toronto,2024-01-29,0.4754973313925279,1.6385249878699661
Toronto,2024-01-30,0.4773603082851638,1.6363198458574182
Toronto,2024-01-31,0.4807223035627135,1.723767691556857
Toronto,2024-02-01,0.47848699763593383,1.7078014184397163
Toronto,2024-02-02,0.47456813819577737,1.7384836852207293
Toronto,2024-02-03,0.47648261758691207,1.6175869120654396
Toronto,2024-02-04,0.46247464503042596,1.3823529411764706
Toronto,2024-02-05,0.4780915287244401,1.6728334956183057
Toronto,2024-02-06,0.48616600790513836,1.7435770750988142
Toronto,2024-02-07,0.4838709677419355,1.7037220843672456
Toronto,2024-02-08,0.4766917293233083,1.644110275689223
Toronto,2024-02-09,0.4733668341708543,1.6402010050251257
Toronto,2024-02-10,0.4671689989235737,1.5769644779332617
Toronto,2024-02-11,0.46360153256704983,1.367816091954023
Toronto,2024-02-12,0.4870600414078675,1.5734989648033126
Toronto,2024-02-13,0.48128342245989303,1.5755955274671851
Toronto,2024-02-14,0.4766990291262136,1.6509708737864077
Toronto,2024-02-15,0.4697955390334573,1.516263940520446
Toronto,2024-02-16,0.4690747154873825,1.4779811974270163
Toronto,2024-02-17,0.48459086078639746,1.5584484590860785
Toronto,2024-02-18,0.47255113024757806,1.4418729817007534
Toronto,2024-02-19,0.4487885462555066,1.274229074889868
Toronto,2024-02-20,0.4714213454729388,1.644916540212443
Toronto,2024-02-21,0.48231190832087695,1.639760837070254
Toronto,2024-02-22,0.4885343968095713,1.7028913260219343
Toronto,2024-02-23,0.4765,1.694
Toronto,2024-02-24,0.47354771784232363,1.5612033195020747
Toronto,2024-02-25,0.45672097759674135,1.374745417515275
Toronto,2024-02-26,0.4954499494438827,1.6779575328614762
Toronto,2024-02-27,0.4814649397052255,1.5198749441715051
Toronto,2024-02-28,0.4729535662996649,1.6371469602680708
Toronto,2024-02-29,0.4769687964338782,1.5557206537890045
Toronto,2024-03-01,0.471881390593047,1.6993865030674846
Toronto,2024-03-02,0.47686445291235713,1.612411540555253
Toronto,2024-03-03,0.45774647887323944,1.317984832069339
Toronto,2024-03-04,0.46559517830236063,1.7207433450527374
Toronto,2024-03-05,0.4728944820909971,1.6423039690222652
Toronto,2024-03-06,0.48112732762959237,1.5853044791142425
Toronto,2024-03-07,0.46808510638297873,1.6308758040573974
Toronto,2024-03-08,0.4701890450799806,1.55550169655841
Toronto,2024-03-09,0.4738976178408515,1.4374049670552458
Toronto,2024-03-10,0.4463611859838275,1.2630727762803236
Toronto,2024-03-11,0.48182283666154635,1.560163850486431
Toronto,2024-03-12,0.4810701665825341,1.6436143361938416
Toronto,2024-03-13,0.4942700548081714,1.7409068261086198
Toronto,2024-03-14,0.4802342606149341,1.5329428989751097
Toronto,2024-03-15,0.4750499001996008,1.6042914171656686
Toronto,2024-03-16,0.49045899948427024,1.6111397627643116
Toronto,2024-03-17,0.46611053180396245,1.4155370177267987
Toronto,2024-03-18,0.49108507386653083,1.6861946001018848
Toronto,2024-03-19,0.48211586901763226,1.5874055415617128
Toronto,2024-03-20,0.4695611137328929,1.5545068428504012
Toronto,2024-03-21,0.4752851711026616,1.5888783269961977
Toronto,2024-03-22,0.46877956480605487,1.4758751182592242
Toronto,2024-03-23,0.48532494758909855,1.669811320754717
Toronto,2024-03-24,0.4632768361581921,1.3292244478685156
Toronto,2024-03-25,0.48733535967578523,1.6403242147922998
Toronto,2024-03-26,0.49313052011776254,1.6261040235525024
Toronto,2024-03-27,0.4987199180747568,1.7521761392729134
Toronto,2024-03-28,0.4935323383084577,1.7875621890547264
Toronto,2024-03-29,0.4582869855394883,1.3298109010011123
Toronto,2024-03-30,0.4557449147883452,1.5744914788345246
Toronto,2024-03-31,0.464343163538874,1.2788203753351206
Toronto,2024-04-01,0.483349191246432,1.5333016175071361
Toronto,2024-04-02,0.4914568345323741,1.5116906474820144
Toronto,2024-04-03,0.4896713615023474,1.4723004694835682
Toronto,2024-04-04,0.47718052738336714,1.5502028397565923
Toronto,2024-04-05,0.4790085988872028,1.5852301466868994
Toronto,2024-04-06,0.4835109081684424,1.6752917300862507
Toronto,2024-04-07,0.4746023601847101,1.435608004104669
Toronto,2024-04-08,0.48121387283236994,1.4455684007707128
Toronto,2024-04-09,0.4637404580152672,1.5333969465648856
Toronto,2024-04-10,0.5026429601153292,1.635752042287362
Toronto,2024-04-11,0.480823199251637,1.481290926099158
Toronto,2024-04-12,0.4933464760965993,1.5224248398225726
Toronto,2024-04-13,0.48990435706695007,1.5844845908607863
Toronto,2024-04-14,0.4719401389631213,1.3746659540352753
Toronto,2024-04-15,0.48843058350100604,1.614185110663984
Toronto,2024-04-16,0.496861419604056,1.7469821342346692
Toronto,2024-04-17,0.4812239221140473,1.5753361149745015
Toronto,2024-04-18,0.49779951100244496,1.7246943765281173
Toronto,2024-04-19,0.4726911618669315,1.6852035749751737
Toronto,2024-04-20,0.47564169722367733,1.56731272917758
Toronto,2024-04-21,0.4594888526373029,1.3686786296900488
Toronto,2024-04-22,0.4845201238390093,1.7017543859649122
Toronto,2024-04-23,0.4884072580645161,1.6522177419354838
Toronto,2024-04-24,0.48126951092611864,1.706035379812695
Toronto,2024-04-25,0.47381546134663344,1.6199501246882793
Toronto,2024-04-26,0.4570596797671033,1.5963124696749151
Toronto,2024-04-27,0.47092198581560285,1.4439716312056738
Toronto,2024-04-28,0.4651272384542884,1.30631479736098
Toronto,2024-04-29,0.4727540500736377,1.632793323514973
Toronto,2024-04-30,0.4847423711855928,1.7698849424712355
Toronto,2024-05-01,0.47700587084148727,1.7651663405088063
Toronto,2024-05-02,0.4720039292730845,1.6969548133595285
Toronto,2024-05-03,0.46486738017682644,1.5169846440204746
Toronto,2024-05-04,0.4779874213836478,1.7169811320754718
Toronto,2024-05-05,0.4505949301603725,1.3942058975685463
Toronto,2024-05-06,0.45693069306930695,1.696039603960396
Toronto,2024-05-07,0.4652908067542214,1.6388367729831144
Toronto,2024-05-08,0.4737819025522042,1.5707656612529002
Toronto,2024-05-09,0.45793499043977054,1.6113766730401529
Toronto,2024-05-10,0.4642184557438795,1.6351224105461393
Toronto,2024-05-11,0.44863336475023563,1.3510838831291234
Toronto,2024-05-12,0.44027640671273444,1.2936821322803553
Toronto,2024-05-13,0.4332425068119891,1.3524069028156223
Toronto,2024-05-14,0.4551478083588175,1.5575942915392456
Toronto,2024-05-15,0.4752128192288433,1.5202804206309464
Toronto,2024-05-16,0.4585,1.551
Toronto,2024-05-17,0.4684729064039409,1.4921182266009851
Toronto,2024-05-18,0.47888953152111047,1.587622903412377
Toronto,2024-05-19,0.46813310772701633,1.4935138183869148
Toronto,2024-05-20,0.42512293249888244,1.0916405900759947
Toronto,2024-05-21,0.4412028725314183,1.4403052064631956
Toronto,2024-05-22,0.4345973583297827,1.4184064763527908
Toronto,2024-05-23,0.45719661335841955,1.5644402634054562
Toronto,2024-05-24,0.4606741573033708,1.5360486891385767
Toronto,2024-05-25,0.4600326264274062,1.378874388254486
Toronto,2024-05-26,0.4495182237117721,1.3322161709258484
Toronto,2024-05-27,0.45271317829457364,1.289922480620155
Toronto,2024-05-28,0.45408379179009734,1.4388489208633093
Toronto,2024-05-29,0.463531669865643,1.7264875239923225
Toronto,2024-05-30,0.4633222905821107,1.7572172266919073
Toronto,2024-05-31,0.4641873278236915,1.724058769513315
Toronto,2024-06-01,0.4602352941176471,1.6183529411764705
Toronto,2024-06-02,0.452669358456707,1.2588604755495738
Toronto,2024-06-03,0.4510230735742273,1.6164562472790596
Toronto,2024-06-04,0.46197641317608784,1.6299308662057748
Toronto,2024-06-05,0.4551863041289023,1.4192682108089962
Toronto,2024-06-06,0.48072880168185006,1.58479327259986
Toronto,2024-06-07,0.46589716684155297,1.3885974116824065
Toronto,2024-06-08,0.47630819942315616,1.5570663370416151
Toronto,2024-06-09,0.4399460188933873,1.1358524516419253
Toronto,2024-06-10,0.45478606087340095,1.6003528892809882
Toronto,2024-06-11,0.4577405857740586,1.590376569037657
Toronto,2024-06-12,0.45900288421920066,1.5183353934899053
Toronto,2024-06-13,0.443701226309922,1.4548494983277591
Toronto,2024-06-14,0.46311475409836067,1.5500910746812386
Toronto,2024-06-15,0.47804878048780486,1.6609756097560975
Toronto,2024-06-16,0.4273542600896861,1.143946188340807
Toronto,2024-06-17,0.44030448717948717,1.4875801282051282
Toronto,2024-06-18,0.44189907038512616,1.3598937583001327
Toronto,2024-06-19,0.4437984496124031,1.313953488372093
Toronto,2024-06-20,0.4393030562696372,1.2356469580119966
Toronto,2024-06-21,0.43249211356466877,1.2917981072555205
Toronto,2024-06-22,0.4330628803245436,1.2667342799188641
Toronto,2024-06-23,0.42944085203499427,1.2267021681247623
Toronto,2024-06-24,0.45112474437627814,1.498159509202454
Toronto,2024-06-25,0.4426775147928994,1.4600591715976332
Toronto,2024-06-26,0.44801223241590216,1.4873853211009174
Toronto,2024-06-27,0.4598952035469569,1.6195082627972592
Toronto,2024-06-28,0.45389790265136526,1.5658884052235853
Toronto,2024-06-29,0.46669477234401346,1.4236930860033727
Toronto,2024-06-30,0.46625475285171103,1.594106463878327
Toronto,2024-07-01,0.42671009771986973,1.308515588645882
Toronto,2024-07-02,0.4443981674302374,1.5526863806747189
Toronto,2024-07-03,0.4575528098844161,1.3427660422479075
Toronto,2024-07-04,0.45714285714285713,1.518712273641851
Toronto,2024-07-05,0.4484725050916497,1.514867617107943
Toronto,2024-07-06,0.4517162471395881,1.5826086956521739
Toronto,2024-07-07,0.43235955056179776,1.2575280898876404
Toronto,2024-07-08,0.44108527131782943,1.34031007751938
Toronto,2024-07-09,0.44300699300699303,1.3272727272727274
Toronto,2024-07-10,0.4525032092426187,1.2114890885750962
Toronto,2024-07-11,0.4491660047656871,1.4440031771247022
Toronto,2024-07-12,0.44344231491920333,1.391206313416009
Toronto,2024-07-13,0.4403945111492281,1.4725557461406518
Toronto,2024-07-14,0.43046797212080984,1.0999004314636576
Toronto,2024-07-15,0.45053598774885145,1.1960183767228179
Toronto,2024-07-16,0.4513844172569221,1.322923374114617
Toronto,2024-07-17,0.4593684210526316,1.601263157894737
Toronto,2024-07-18,0.4497354497354497,1.7072310405643738
Toronto,2024-07-19,0.46278026905829595,1.779372197309417
Toronto,2024-07-20,0.46757679180887374,1.75816674792784
Toronto,2024-07-21,0.4599254426840634,1.5102516309412861
Toronto,2024-07-22,0.4312039312039312,1.4045864045864045
Toronto,2024-07-23,0.4474097331240188,1.5035321821036107
Toronto,2024-07-24,0.4763822775540095,1.454778469425119
Toronto,2024-07-25,0.47275204359673023,1.7438692098092643
Toronto,2024-07-26,0.4604519774011299,1.7462335216572504
Toronto,2024-07-27,0.46791707798617965,1.7013820335636722
Toronto,2024-07-28,0.4585015702108569,1.4903544190219828
Toronto,2024-07-29,0.4628167843788949,1.4848358953053593
Toronto,2024-07-30,0.4438540559688275,1.4314558979808714
Toronto,2024-07-31,0.4717969379532635,1.6273166800966963
Toronto,2024-08-01,0.46882399368587213,1.568271507498027
Toronto,2024-08-02,0.45864962045545343,1.5185777067518977
Toronto,2024-08-03,0.4585052728106373,1.5492893168271435
Toronto,2024-08-04,0.451511050969779,1.3946774921064502
Toronto,2024-08-05,0.43686970552642196,1.1948366276724485
Toronto,2024-08-06,0.4511066398390342,1.4700201207243462
Toronto,2024-08-07,0.45180967873119154,1.5815372102480683
Toronto,2024-08-08,0.4605920799692426,1.4602076124567474
Toronto,2024-08-09,0.45361990950226244,1.4313725490196079
Toronto,2024-08-10,0.44177932839075446,1.5032708242477104
Toronto,2024-08-11,0.4413265306122449,1.2988945578231292
Toronto,2024-08-12,0.4588859416445623,1.5358090185676392
Toronto,2024-08-13,0.4642694583522986,1.6422394173873465
Toronto,2024-08-14,0.47900599828620394,1.7236503856041132
Toronto,2024-08-15,0.463360473723168,1.5103626943005182
Toronto,2024-08-16,0.4521410579345088,1.2965994962216625
Toronto,2024-08-17,0.44392386530014644,1.2020497803806736
Toronto,2024-08-18,0.4351360904913397,1.2170378225521385
Toronto,2024-08-19,0.4630091438071488,1.567747298420615
Toronto,2024-08-20,0.4879594423320659,1.6784959864807774
Toronto,2024-08-21,0.47808939526730937,1.757230499561788
Toronto,2024-08-22,0.4753880266075388,1.711751662971175
Toronto,2024-08-23,0.46740088105726874,1.686784140969163
Toronto,2024-08-24,0.4801864801864802,1.7575757575757576
Toronto,2024-08-25,0.45488899385923476,1.5295229097779877
Toronto,2024-08-26,0.4543882403804583,1.5196714223951577
Toronto,2024-08-27,0.46036829463570855,1.456765412329864
Toronto,2024-08-28,0.4599751140605558,1.5470759021153049
Toronto,2024-08-29,0.46394849785407727,1.6111587982832618
Toronto,2024-08-30,0.4503684438664933,1.5661031642826182
Toronto,2024-08-31,0.47901591895803186,1.679691268692716
Toronto,2024-09-01,0.48056537102473496,1.686017163048965
Toronto,2024-09-02,0.45564516129032256,1.3084677419354838
Toronto,2024-09-03,0.46572769953051646,1.6967136150234743
Toronto,2024-09-04,0.4716312056737589,1.6804078014184398
Toronto,2024-09-05,0.45919208573784004,1.5935696619950537
Toronto,2024-09-06,0.46397255051467784,1.4632100648112847
Toronto,2024-09-07,0.45351283129995795,1.5145140933950358
Toronto,2024-09-08,0.4419507984462667,1.3129046180405697
Toronto,2024-09-09,0.4492811501597444,1.511182108626198
Toronto,2024-09-10,0.48414470745868693,1.7387226440375168
Toronto,2024-09-11,0.49379432624113473,1.7548758865248226
Toronto,2024-09-12,0.4887184115523466,1.694043321299639
Toronto,2024-09-13,0.48093706936150665,1.7400091869545247
Toronto,2024-09-14,0.4726735598227474,1.75726243229936
Toronto,2024-09-15,0.4640039447731755,1.4571005917159763
Toronto,2024-09-16,0.44662921348314605,1.5749063670411985
Toronto,2024-09-17,0.46679227508243054,1.6363636363636365
Toronto,2024-09-18,0.4763231197771588,1.574744661095636
Toronto,2024-09-19,0.46232558139534885,1.5306976744186047
Toronto,2024-09-20,0.4660107334525939,1.5192307692307692
Toronto,2024-09-21,0.476572393414943,1.3993246095398904
Toronto,2024-09-22,0.4390681003584229,1.2155017921146953
Toronto,2024-09-23,0.4480626545754328,1.2823577906018138
Toronto,2024-09-24,0.4613506916192026,1.3816110659072416
Toronto,2024-09-25,0.4748110831234257,1.4513014273719564
Toronto,2024-09-26,0.4741921947125472,1.4607637431808644
Toronto,2024-09-27,0.4656319290465632,1.4536585365853658
Toronto,2024-09-28,0.47150781643973777,1.503277861825517
Toronto,2024-09-29,0.449722081859525,1.336533602829712
Toronto,2024-09-30,0.48089017900338654,1.467343976777939
Toronto,2024-10-01,0.4824399260628466,1.4519408502772644
Toronto,2024-10-02,0.4868360277136259,1.53810623556582
Toronto,2024-10-03,0.47809878844361603,1.51071761416589
Toronto,2024-10-04,0.47775876817792984,1.4225834046193329
Toronto,2024-10-05,0.47943327239488115,1.443784277879342
Toronto,2024-10-06,0.4488381573583367,1.1659192825112108
Toronto,2024-10-07,0.45254037022449783,1.303662859393462
Toronto,2024-10-08,0.4565137614678899,1.313394495412844
Toronto,2024-10-09,0.4744859101294745,1.3537699923838538
Toronto,2024-10-10,0.47270181987867477,1.5445636957536164
Toronto,2024-10-11,0.46719289590527874,1.4805130735076468
Toronto,2024-10-12,0.44634276561665776,1.3219434063000535
Toronto,2024-10-13,0.4477211796246649,1.1780160857908848
Toronto,2024-10-14,0.420966865833786,0.9869636067354699
Toronto,2024-10-15,0.4534005037783375,1.415617128463476
Toronto,2024-10-16,0.48854961832061067,1.527735368956743
Toronto,2024-10-17,0.45619187469407735,1.495349975526187
Toronto,2024-10-18,0.47901591895803186,1.5547515677761699
Toronto,2024-10-19,0.4786851566512583,1.482794042116076
Toronto,2024-10-20,0.4683281412253375,1.4205607476635513
Toronto,2024-10-21,0.46725317693059626,1.5254154447702835
Toronto,2024-10-22,0.47699757869249393,1.6116222760290557
Toronto,2024-10-23,0.48519579751671443,1.5845272206303724
Toronto,2024-10-24,0.48469147432878,1.5402731983042863
Toronto,2024-10-25,0.4705605275553462,1.4790390956194066
Toronto,2024-10-26,0.46334012219959264,1.4765784114052953
Toronto,2024-10-27,0.4642492339121553,1.2946884576098059
Toronto,2024-10-28,0.4628543499511241,1.4257086999022484
Toronto,2024-10-29,0.46962083142987665,1.3841936957514847
Toronto,2024-10-30,0.4857694163048722,1.5508924264351183
Toronto,2024-10-31,0.472196041470311,1.5428840716305372
Toronto,2024-11-01,0.4808660624370594,1.4758308157099698
Toronto,2024-11-02,0.48788198103266595,1.51159114857745
Toronto,2024-11-03,0.4644525168655942,1.2527244421380384
Toronto,2024-11-04,0.46065259117082535,1.3833973128598849
Toronto,2024-11-05,0.47961751383995976,1.556114745848012
Toronto,2024-11-06,0.480466768138001,1.5814307458143075
Toronto,2024-11-07,0.4738976178408515,1.5565129244804865
Toronto,2024-11-08,0.4715,1.473
Toronto,2024-11-09,0.4760665972944849,1.4573361082206036
Toronto,2024-11-10,0.44337714863498484,1.1572295247724975
Toronto,2024-11-11,0.45664160401002507,1.3268170426065162
Toronto,2024-11-12,0.45506493506493506,1.4696103896103896
Toronto,2024-11-13,0.4744525547445255,1.4911366006256517
Toronto,2024-11-14,0.4695304695304695,1.5154845154845156
Toronto,2024-11-15,0.4694811800610376,1.4989827060020346
Toronto,2024-11-16,0.47660979636763895,1.5360484314804623
Toronto,2024-11-17,0.46124031007751937,1.2635658914728682
Toronto,2024-11-18,0.46360351058337634,1.4093959731543624
Toronto,2024-11-19,0.47444551591128253,1.4098360655737705
Toronto,2024-11-20,0.46923076923076923,1.3913461538461538
Toronto,2024-11-21,0.4754257907542579,1.467639902676399
Toronto,2024-11-22,0.4913665515540207,1.5559940799210656
Toronto,2024-11-23,0.47387862796833774,1.474406332453826
Toronto,2024-11-24,0.4669239250275634,1.2745314222712238
Toronto,2024-11-25,0.46817691477885653,1.371628910463862
Toronto,2024-11-26,0.47564935064935066,1.4870129870129871
Toronto,2024-11-27,0.4749733759318424,1.4563365282215122
Toronto,2024-11-28,0.4737389495579823,1.4258970358814353
Toronto,2024-11-29,0.45828988529718456,1.3633993743482795
Toronto,2024-11-30,0.44848156182212584,1.257592190889371
Toronto,2024-12-01,0.43128234617596317,1.0201265094882117
Toronto,2024-12-02,0.4501884760366182,1.2837910608508347
Toronto,2024-12-03,0.4581799053129932,1.3235139400315623
Toronto,2024-12-04,0.4571129707112971,1.2473849372384938
Toronto,2024-12-05,0.4551798174986581,1.33870101986044
Toronto,2024-12-06,0.446831955922865,1.2330578512396695
Toronto,2024-12-07,0.44851657940663175,1.1919720767888307
Toronto,2024-12-08,0.44417026526835285,1.1141270820481184
Toronto,2024-12-09,0.4461805555555556,1.2077546296296295
Toronto,2024-12-10,0.45208568207440814,1.2733934611048479
Toronto,2024-12-11,0.455456570155902,1.2978841870824054
Toronto,2024-12-12,0.4582164890633763,1.2462142456533931
Toronto,2024-12-13,0.45610034207525657,1.2679589509692133
Toronto,2024-12-14,0.44933655006031364,1.310615199034982
Toronto,2024-12-15,0.4503862150920974,1.091503267973856
Toronto,2024-12-16,0.44279176201373,1.1750572082379862
Toronto,2024-12-17,0.44816053511705684,1.2508361204013378
Toronto,2024-12-18,0.44425675675675674,1.258445945945946
Toronto,2024-12-19,0.4576080853453116,1.2807411566535654
Toronto,2024-12-20,0.45652173913043476,1.298472385428907
Toronto,2024-12-21,0.4457040572792363,1.217780429594272
Toronto,2024-12-22,0.4357099329677026,1.08897014015844
Toronto,2024-12-23,0.4151811385853939,1.1311098332374927
Toronto,2024-12-24,0.43453865336658354,1.243142144638404
Toronto,2024-12-25,0.4073816155988858,0.8767409470752089
Toronto,2024-12-26,0.4262402088772846,1.0326370757180157
Toronto,2024-12-27,0.44410507025045814,1.1533292608430055
Toronto,2024-12-28,0.4402241594022416,1.1338729763387299
Toronto,2024-12-29,0.43088418430884184,1.0049813200498132
Toronto,2024-12-30,0.42635177128651336,1.1373523927905531
Toronto,2024-12-31,0.424390243902439,1.1847560975609757
Toronto,2025-01-01,0.4201909959072306,0.9004092769440655
Toronto,2025-01-02,0.4143449911084766,1.0782454060462359
Toronto,2025-01-03,0.42786069651741293,1.1548507462686568
Toronto,2025-01-04,0.4344262295081967,1.05359394703657
Toronto,2025-01-05,0.4375408763897973,1.037933289731851
Toronto,2025-01-06,0.44785276073619634,1.1552147239263804
Toronto,2025-01-07,0.46791277258566977,1.2610591900311527
Toronto,2025-01-08,0.4658536585365854,1.2646341463414634
Toronto,2025-01-09,0.47384066587395957,1.2199762187871581
Toronto,2025-01-10,0.46126126126126127,1.2654654654654656
Toronto,2025-01-11,0.44373808010171645,1.2727272727272727
Toronto,2025-01-12,0.4203569068076669,1.0753469927296762
Toronto,2025-01-13,0.4402439024390244,1.1878048780487804
Toronto,2025-01-14,0.459592843923504,1.2714373843306601
Toronto,2025-01-15,0.4653405666063894,1.3158529234478602
Toronto,2025-01-16,0.45215311004784686,1.2787081339712918
Toronto,2025-01-17,0.4551638837353123,1.25417439703154
Toronto,2025-01-18,0.43452768729641694,1.1960912052117263
Toronto,2025-01-19,0.44201457919151754,1.1027170311464547
Toronto,2025-01-20,0.45528455284552843,1.24953095684803
Toronto,2025-01-21,0.45481927710843373,1.222289156626506
Toronto,2025-01-22,0.46606060606060606,1.2684848484848485
Toronto,2025-01-23,0.46139705882352944,1.2720588235294117
Toronto,2025-01-24,0.4539353264185479,1.2275777913361805
Toronto,2025-01-25,0.4696464309539693,1.2808539026017345
Toronto,2025-01-26,0.43552465233881166,1.1099873577749684
Toronto,2025-01-27,0.44100801832760594,1.2061855670103092
Toronto,2025-01-28,0.44340723453908987,1.2327887981330221
Toronto,2025-01-29,0.475,1.3279761904761904
Toronto,2025-01-30,0.4629294755877034,1.323086196503918
Toronto,2025-01-31,0.46017156862745096,1.2787990196078431
Toronto,2025-02-01,0.4675409836065574,1.238688524590164
Toronto,2025-02-02,0.4308510638297872,1.0545212765957446
Toronto,2025-02-03,0.41832158872517616,1.128763613068546
Toronto,2025-02-04,0.4504106127605812,1.2785849652558434
Toronto,2025-02-05,0.4644403215831787,1.3098330241187384
Toronto,2025-02-06,0.44205495818399043,1.1810035842293907
Toronto,2025-02-07,0.45996493278784334,1.2238457042665107
Toronto,2025-02-08,0.4469078179696616,1.1802800466744456
Toronto,2025-02-09,0.4218040233614536,1.0687865022712524
Toronto,2025-02-10,0.44122756224667053,1.165026056745802
Toronto,2025-02-11,0.4583560152422428,1.1769188894937397
Toronto,2025-02-12,0.4387391967463142,1.152516522623284
Toronto,2025-02-13,0.4272675413576726,1.0969766115231032
Toronto,2025-02-14,0.46124031007751937,1.2469545957918051
Toronto,2025-02-15,0.4244047619047619,1.0934523809523808
Toronto,2025-02-16,0.4097530082330589,0.9398353388220393
Toronto,2025-02-17,0.42560103963612733,0.9688109161793372
Toronto,2025-02-18,0.453125,1.3323317307692308
Toronto,2025-02-19,0.46703296703296704,1.2759462759462759
Toronto,2025-02-20,0.46350592638802246,1.2832189644416718
Toronto,2025-02-21,0.4737507906388362,1.312460468058191
Toronto,2025-02-22,0.45940721649484534,1.2719072164948453
Toronto,2025-02-23,0.4626262626262626,1.1744107744107743
Toronto,2025-02-24,0.4577373211963589,1.2542262678803642
Toronto,2025-02-25,0.47138263665594854,1.3138263665594856
Toronto,2025-02-26,0.4622524752475248,1.3521039603960396
Toronto,2025-02-27,0.46604215456674475,1.31615925058548
Toronto,2025-02-28,0.4662120272783633,1.3391196528208307
Toronto,2025-03-01,0.4549125168236878,1.2476446837146702
Toronto,2025-03-02,0.4543554006968641,1.1331010452961672
Toronto,2025-03-03,0.48333333333333334,1.3666666666666667
Toronto,2025-03-04,0.4745762711864407,1.335956416464891
Toronto,2025-03-05,0.4820987654320988,1.365432098765432
Toronto,2025-03-06,0.4722040549378679,1.342053629823414
Toronto,2025-03-07,0.4662337662337662,1.3564935064935064
Toronto,2025-03-08,0.4559548978153629,1.2713178294573644
Toronto,2025-03-09,0.44587813620071687,1.168458781362007
Toronto,2025-03-10,0.4645987862440998,1.3297370195549563
Toronto,2025-03-11,0.47573479152426523,1.3226247436773753
Toronto,2025-03-12,0.4610169491525424,1.2603389830508474
Toronto,2025-03-13,0.46773162939297125,1.285623003194888
Toronto,2025-03-14,0.4506329113924051,1.320253164556962
Toronto,2025-03-15,0.4562617998741347,1.2586532410320956
Toronto,2025-03-16,0.44617467840216657,1.1313473256601219
Toronto,2025-03-17,0.45751633986928103,1.3398692810457515
Toronto,2025-03-18,0.47128712871287126,1.3953795379537954
Toronto,2025-03-19,0.4727738629083921,1.3754003843689941
Toronto,2025-03-20,0.46600124766063633,1.279475982532751
Toronto,2025-03-21,0.46923076923076923,1.380128205128205
Toronto,2025-03-22,0.4607397793640493,1.3621025308241401
Toronto,2025-03-23,0.44806924101198403,1.1537949400798935
Toronto,2025-03-24,0.45991019884541373,1.3290570878768442
Toronto,2025-03-25,0.47840103159252095,1.3404255319148937
Toronto,2025-03-26,0.4815278647463995,1.3731997495303694
Toronto,2025-03-27,0.49026345933562426,1.5950744558991983
Toronto,2025-03-28,0.488962472406181,1.4580573951434879
Toronto,2025-03-29,0.45811364967779733,1.3526654950205037
Toronto,2025-03-30,0.45639187574671447,1.1839904420549583
Toronto,2025-03-31,0.48008849557522126,1.3844026548672566
Toronto,2025-04-01,0.47371303395399783,1.4567360350492882
Toronto,2025-04-02,0.46035125066524746,1.2937732836615221
Toronto,2025-04-03,0.48249027237354086,1.5152862701500833
Toronto,2025-04-04,0.474971558589306,1.4436860068259385
Toronto,2025-04-05,0.46804625684723067,1.4035301278149726
Toronto,2025-04-06,0.4596977329974811,1.2827455919395465
Toronto,2025-04-07,0.47507507507507507,1.4408408408408409
Toronto,2025-04-08,0.4891304347826087,1.4015700483091786
Toronto,2025-04-09,0.47635933806146574,1.429078014184397
Toronto,2025-04-10,0.46322188449848023,1.3902735562310031
Toronto,2025-04-11,0.46218995765275256,1.4004839685420447
Toronto,2025-04-12,0.4716017868538609,1.5060625398851308
Toronto,2025-04-13,0.46260213702074165,1.3752357008170961
Toronto,2025-04-14,0.46270466949666467,1.4366282595512432
Toronto,2025-04-15,0.477326968973747,1.4647971360381862
Toronto,2025-04-16,0.49785670545009186,1.5156154317207593
Toronto,2025-04-17,0.4722698684962836,1.534019439679817
Toronto,2025-04-18,0.4249536751080914,1.1562693020382953
Toronto,2025-04-19,0.4491525423728814,1.4491525423728813
Toronto,2025-04-20,0.4473186119873817,1.1249211356466877
Toronto,2025-04-21,0.45067817509247843,1.2090012330456228
Toronto,2025-04-22,0.4754001185536455,1.5151155898043864
Toronto,2025-04-23,0.4688427299703264,1.4249258160237388
Toronto,2025-04-24,0.4738675958188153,1.583623693379791
Toronto,2025-04-25,0.4681100058513751,1.4809830310122878
Toronto,2025-04-26,0.478643216080402,1.5816582914572865
Toronto,2025-04-27,0.4673065386922616,1.3185362927414517
Toronto,2025-04-28,0.44873271889400923,1.4107142857142858
Toronto,2025-04-29,0.4538056486357109,1.3451412158927716
Toronto,2025-04-30,0.4585666293393057,1.4322508398656215
Toronto,2025-05-01,0.4581307401404646,1.3268503511615344
Toronto,2025-05-02,0.46262507357268984,1.542672160094173
Toronto,2025-05-03,0.464068209500609,1.51278928136419
Toronto,2025-05-04,0.45747982619491,1.3463687150837989
Toronto,2025-05-05,0.4699357851722125,1.3847051955633392
Toronto,2025-05-06,0.46591582691167754,1.4700652045050386
Toronto,2025-05-07,0.48132530120481926,1.5144578313253012
Toronto,2025-05-08,0.46740467404674046,1.4428044280442804
Toronto,2025-05-09,0.4496516782773908,1.5117162761241292
Toronto,2025-05-10,0.47295423023578365,1.5527045769764216
Toronto,2025-05-11,0.4541984732824427,1.3078880407124682
Toronto,2025-05-12,0.45465323058684054,1.4001185536455245
Toronto,2025-05-13,0.45720596355604637,1.3395913859745996
Toronto,2025-05-14,0.46662863662293214,1.456930975470622
Toronto,2025-05-15,0.4664835164835165,1.4467032967032967
Toronto,2025-05-16,0.4529505582137161,1.3487506645401381
Toronto,2025-05-17,0.45695364238410596,1.3564118001204093
Toronto,2025-05-18,0.45408895265423244,1.3378766140602583
Toronto,2025-05-19,0.4261631827376939,1.0849629130141605
Toronto,2025-05-20,0.44491017964071855,1.398802395209581
Toronto,2025-05-21,0.4633608815426997,1.3008264462809918
Toronto,2025-05-22,0.47171945701357465,1.3207013574660633
Toronto,2025-05-23,0.4873708381171068,1.4265212399540759
Toronto,2025-05-24,0.48401323042998895,1.5214994487320839
Toronto,2025-05-25,0.48592592592592593,1.33679012345679
Toronto,2025-05-26,0.5111111111111111,1.5472222222222223
Toronto,2025-05-27,0.5076923076923077,1.5027149321266968
Toronto,2025-05-28,0.49936143039591313,1.4618986802894849
Toronto,2025-05-29,0.5111793073213503,1.5558965366067514
Toronto,2025-05-30,0.5077330976579761,1.6756517896597436
Toronto,2025-05-31,0.5021156558533145,1.5674659144334744
Toronto,2025-06-01,0.4818355640535373,1.4091778202676863
Toronto,2025-06-02,0.5047662278710849,1.542442124375851
Toronto,2025-06-03,0.5086580086580087,1.577922077922078
Toronto,2025-06-04,0.4984,1.5
Toronto,2025-06-05,0.5124135124135124,1.5295075295075296
Toronto,2025-06-06,0.5108695652173914,1.5895652173913044
Toronto,2025-06-07,0.49683544303797467,1.556509945750452
Toronto,2025-06-08,0.4889867841409692,1.3140969162995595
Toronto,2025-06-09,0.47827903091060986,1.355889724310777
Toronto,2025-06-10,0.5017079419299744,1.4871904355251921
Toronto,2025-06-11,0.4947871416159861,1.502606429192007
Toronto,2025-06-12,0.505955006616674,1.6109395677106308
Toronto,2025-06-13,0.5045745654162854,1.6413540713632204
Toronto,2025-06-14,0.5162384876393602,1.6388754241396024
Toronto,2025-06-15,0.4899904671115348,1.4008579599618685
Toronto,2025-06-16,0.4923946110386788,1.4080834419817472
Toronto,2025-06-17,0.5,1.4610226320201174
Toronto,2025-06-18,0.48677839851024207,1.3512104283054003
Toronto,2025-06-19,0.4868472712995681,1.4228504122497054
Toronto,2025-06-20,0.49456066945606697,1.5087866108786612
Toronto,2025-06-21,0.4961306964746346,1.5202063628546862
Toronto,2025-06-22,0.4897959183673469,1.3655328798185942
Toronto,2025-06-23,0.49868073878627966,1.463060686015831
Toronto,2025-06-24,0.4945515507124895,1.4316848281642918
Toronto,2025-06-25,0.48126561199000834,1.456286427976686
Toronto,2025-06-26,0.48501362397820164,1.3799143635655897
Toronto,2025-06-27,0.4729450640231309,1.4741842213961174
Toronto,2025-06-28,0.4821109123434705,1.4727191413237926
Toronto,2025-06-29,0.49053030303030304,1.418087121212121
Toronto,2025-06-30,0.47956989247311826,1.4111827956989247
Toronto,2025-07-01,0.47739852398523985,1.2998154981549817
Toronto,2025-07-02,0.48791666666666667,1.4275
Toronto,2025-07-03,0.5041539134236992,1.5365107127240927
Toronto,2025-07-04,0.49232158988256547,1.589430894308943
Toronto,2025-07-05,0.4909251881363435,1.429393536963258
Toronto,2025-07-06,0.4762959680992468,1.2946389011962782
Toronto,2025-07-07,0.49233954451345757,1.3995859213250517
Toronto,2025-07-08,0.4915458937198068,1.4484702093397746
Toronto,2025-07-09,0.48735632183908045,1.3727969348659004
Toronto,2025-07-10,0.5104379860826852,1.5022513303315597
Toronto,2025-07-11,0.5080469769464985,1.567638103523271
Toronto,2025-07-12,0.48193359375,1.4736328125
Toronto,2025-07-13,0.47365648050579556,1.2881981032665963
Toronto,2025-07-14,0.4664117968323321,1.40797378481704
Toronto,2025-07-15,0.462486602357985,1.4271168274383708
Toronto,2025-07-16,0.4708067940552017,1.440552016985138
Toronto,2025-07-17,0.4593147751605996,1.4453961456102784
Toronto,2025-07-18,0.4860302677532014,1.6461001164144353
Toronto,2025-07-19,0.4829298572315332,1.5723153320918684
Toronto,2025-07-20,0.46703296703296704,1.4413919413919414
Toronto,2025-07-21,0.48633879781420764,1.5021250758955678
Toronto,2025-07-22,0.4885226603884638,1.5285462036492055
Toronto,2025-07-23,0.4693080357142857,1.49609375
Toronto,2025-07-24,0.4654356060606061,1.296875
Toronto,2025-07-25,0.4723287671232877,1.5397260273972602
Toronto,2025-07-26,0.4703891708967851,1.4709531866892274
Toronto,2025-07-27,0.4675405742821473,1.4038701622971286
Toronto,2025-07-28,0.46327014218009477,1.4549763033175356
Toronto,2025-07-29,0.4648967551622419,1.4761061946902654
Toronto,2025-07-30,0.45847362514029183,1.4781144781144782
Toronto,2025-07-31,0.47486694263749263,1.5700768775872265
Toronto,2025-08-01,0.4725943970767357,1.6084043848964678
Toronto,2025-08-02,0.4745649263721553,1.6559571619812583
Toronto,2025-08-03,0.4645293315143247,1.451568894952251
Toronto,2025-08-04,0.45254470426409904,1.3335625859697386
Toronto,2025-08-05,0.4555694618272841,1.3735919899874844
Toronto,2025-08-06,0.4534388314059647,1.451004260499087
Toronto,2025-08-07,0.4612634088200238,1.5488676996424315
Toronto,2025-08-08,0.44928400954653935,1.4850835322195703
Toronto,2025-08-09,0.44752877454299256,1.4475287745429926
Toronto,2025-08-10,0.4312977099236641,1.243002544529262
Toronto,2025-08-11,0.45076835515082525,1.3574274331246443
Toronto,2025-08-12,0.4580228514654744,1.3268753104818678
Toronto,2025-08-13,0.4588235294117647,1.3708683473389356
Toronto,2025-08-14,0.4649643705463183,1.4762470308788598
Toronto,2025-08-15,0.46335697399527187,1.5212765957446808
Toronto,2025-08-16,0.4805194805194805,1.5213358070500929
Toronto,2025-08-17,0.45864661654135336,1.2926547137073452
Toronto,2025-08-18,0.4594285714285714,1.3822857142857143
Toronto,2025-08-19,0.4803022126281705,1.4106853750674582
Toronto,2025-08-20,0.4686601495112133,1.4882116158711904
Toronto,2025-08-21,0.4789816459443458,1.6358792184724689
Toronto,2025-08-22,0.472520908004779,1.6654719235364397
Toronto,2025-08-23,0.48760330578512395,1.551357733175915
Toronto,2025-08-24,0.47121896162528215,1.3572234762979685
Toronto,2025-08-25,0.4728682170542636,1.5227021040974529
Toronto,2025-08-26,0.4730893433799785,1.4607104413347685
Toronto,2025-08-27,0.4819557625145518,1.5657741559953435
Toronto,2025-08-28,0.4674457429048414,1.3823038397328882
Toronto,2025-08-29,0.48226097414311486,1.698737221888154
Toronto,2025-08-30,0.4918883841661259,1.6878650227125243
Toronto,2025-08-31,0.49432197728790916,1.6279225116900469
Toronto,2025-09-01,0.46174863387978143,1.3128415300546448
Toronto,2025-09-02,0.4745465184318315,1.521357519016969
Toronto,2025-09-03,0.4817722938867078,1.5703869882220975
Toronto,2025-09-04,0.4989224137931034,1.5673491379310345
Toronto,2025-09-05,0.4980169971671388,1.636827195467422
Toronto,2025-09-06,0.4963008631319359,1.5036991368680641
Toronto,2025-09-07,0.4591439688715953,1.3495460440985734
Toronto,2025-09-08,0.47522935779816516,1.4990825688073395
Toronto,2025-09-09,0.4778115501519757,1.574468085106383
Toronto,2025-09-10,0.5035671819262783,1.706896551724138
Toronto,2025-09-11,0.5074805505685218,1.6409335727109515
Toronto,2025-09-12,0.49815724815724816,1.664004914004914
Toronto,2025-09-13,0.5042567125081859,1.6424361493123771
Toronto,2025-09-14,0.476592977893368,1.4785435630689208
Toronto,2025-09-15,0.46395563770794823,1.4701170671595811
Toronto,2025-09-16,0.47152480097979177,1.5437844458052663
Toronto,2025-09-17,0.47630619684082626,1.5534629404617255
Toronto,2025-09-18,0.48340374170187084,1.5461677730838865
Toronto,2025-09-19,0.4711596842744384,1.5725561627200972
Toronto,2025-09-20,0.465559655596556,1.531980319803198
Toronto,2025-09-21,0.4362452523060228,1.2002170374389582
Toronto,2025-09-22,0.4395,1.2305
Toronto,2025-09-23,0.4776579352850539,1.3903441191576784
Toronto,2025-09-24,0.47282321899736146,1.4263852242744064
Toronto,2025-09-25,0.4828918322295806,1.4834437086092715
Toronto,2025-09-26,0.47515151515151516,1.5824242424242425
Toronto,2025-09-27,0.4955170352659892,1.5552898983861327
Toronto,2025-09-28,0.48733821046707937,1.3196398424310636
Toronto,2025-09-29,0.4978947368421053,1.421578947368421
Toronto,2025-09-30,0.49320794148380354,1.4399164054336469
Toronto,2025-10-01,0.5147573786893447,1.4492246123061532
Toronto,2025-10-02,0.5222462203023758,1.4293736501079914
Toronto,2025-10-03,0.5225113589425857,1.4184221396117307
Toronto,2025-10-04,0.5231574708014498,1.4023358840112767
Toronto,2025-10-05,0.5124256212810641,1.2219110955547778
Toronto,2025-10-06,0.5202744853399875,1.351528384279476
Toronto,2025-10-07,0.5235571260306242,1.2879858657243817
Toronto,2025-10-08,0.5318385650224215,1.3530642750373691
Toronto,2025-10-09,0.5247268545140885,1.3246118458884417
Toronto,2025-10-10,0.5143915645483044,1.286976346537475
Toronto,2025-10-11,0.5167597765363129,1.2219118559900684
Toronto,2025-10-12,0.5268582136164897,1.1998750780762024
Toronto,2025-10-13,0.5112443778110944,1.0278860569715143
Toronto,2025-10-14,0.5297665879884605,1.2848151062155784
Toronto,2025-10-15,0.5322158198009429,1.2915138816134102
Toronto,2025-10-16,0.5426008968609866,1.3244526510155632
Toronto,2025-10-17,0.5290637860082305,1.2718621399176955
Toronto,2025-10-18,0.5247046186895811,1.296455424274973
Toronto,2025-10-19,0.5126114649681529,1.127643312101911
Toronto,2025-10-20,0.5336246661811119,1.2920611798980335
Toronto,2025-10-21,0.5393446543889022,1.30112413298254
Toronto,2025-10-22,0.5352280869357535,1.3078576546453309
Toronto,2025-10-23,0.5403652090341182,1.3147525228255645
Toronto,2025-10-24,0.5455457967377666,1.4376411543287329
Toronto,2025-10-25,0.5337296459033342,1.2713879555440681
Toronto,2025-10-26,0.5287236807902261,1.1715622563036132
Toronto,2025-10-27,0.5332077249175695,1.2809703250117759
Toronto,2025-10-28,0.5365064695009242,1.2777264325323474
Toronto,2025-10-29,0.5439573184875899,1.3180236604036186
Toronto,2025-10-30,0.5387142186766776,1.2559831065227594
Toronto,2025-10-31,0.5462873674059788,1.3604146576663452
Toronto,2025-11-01,0.5500129903871135,1.2930631332813718
Toronto,2025-11-02,0.5348291155752675,1.1867988520740933
Toronto,2025-11-03,0.5362526920315865,1.2462311557788945
Toronto,2025-11-04,0.5373854317414375,1.2855764592378196
Toronto,2025-11-05,0.5323488045007032,1.2210501640881388
Toronto,2025-11-06,0.53006253006253,1.2866762866762866
Toronto,2025-11-07,0.5325953259532595,1.2829028290282902
Toronto,2025-11-08,0.5307872174590803,1.2842296700441673
Toronto,2025-11-09,0.5195589393541612,1.0821737988973483
Toronto,2025-11-10,0.5272247541376829,1.266490765171504
Toronto,2025-11-11,0.5336664287413752,1.2595764929812039
Toronto,2025-11-12,0.5437262357414449,1.3091730038022813
Toronto,2025-11-13,0.5478116079923881,1.330161750713606
Toronto,2025-11-14,0.5406619385342789,1.3399527186761229
Toronto,2025-11-15,0.5344215755855216,1.229004021764845
Toronto,2025-11-16,0.5302532833020638,1.1189024390243902
Toronto,2025-11-17,0.5383934498782916,1.2788227483956627
Toronto,2025-11-18,0.5387469984719494,1.2820344902859637
Toronto,2025-11-19,0.5391903531438416,1.2792850990525408
Toronto,2025-11-20,0.5467842546784255,1.2918907291890729
Toronto,2025-11-21,0.5457867092943595,1.3229047727791734
Toronto,2025-11-22,0.5452375268560515,1.2289329195512055
Toronto,2025-11-23,0.5327080327080327,1.1291486291486292
Toronto,2025-11-24,0.5376391010255291,1.2291075714597426
Toronto,2025-11-25,0.5414094102618693,1.2437726208218012
Toronto,2025-11-26,0.5360954174513497,1.2448210922787193
Toronto,2025-11-27,0.5359300145802958,1.2362007915017705
Toronto,2025-11-28,0.5516717325227963,1.3360833695180199
Toronto,2025-11-29,0.5338119499768411,1.2341361741547012
Toronto,2025-11-30,0.5213068181818182,1.0511363636363635
Toronto,2025-12-01,0.536329914902902,1.2544185031638664
Toronto,2025-12-02,0.544232437120555,1.2530355594102343
Toronto,2025-12-03,0.5425742574257426,1.2519251925192518
Toronto,2025-12-04,0.5449075105861377,1.2616447515043459
Toronto,2025-12-05,0.5407166123778502,1.3087482550023266
Toronto,2025-12-06,0.5429611650485436,1.2631067961165048
Toronto,2025-12-07,0.5376003893891458,1.1024580189827209
Toronto,2025-12-08,0.5401705565529623,1.2392280071813286
Toronto,2025-12-09,0.543336236933798,1.2155923344947734
Toronto,2025-12-10,0.5329367702137034,1.2137034589116547
Toronto,2025-12-11,0.5379234972677596,1.2356284153005463
Toronto,2025-12-12,0.534803583735355,1.2713071444980473
Toronto,2025-12-13,0.5363263335747043,1.1979242095100169
Toronto,2025-12-14,0.5340545856896975,1.1062208015736414
Toronto,2025-12-15,0.5287119652253489,1.2045298558682225
Toronto,2025-12-16,0.5405466455839169,1.2394398012197876
Toronto,2025-12-17,0.5276127612761277,1.192959295929593
Toronto,2025-12-18,0.531462398596799,1.2271431703573779
Toronto,2025-12-19,0.5267211201866978,1.2168028004667444
Toronto,2025-12-20,0.5263417035942886,1.1819300837026097
Toronto,2025-12-21,0.5239816823330923,1.0831525668835864
Toronto,2025-12-22,0.5329082213618765,1.2254611705761786
Toronto,2025-12-23,0.5263651277243966,1.2582610733536443
Toronto,2025-12-24,0.5289964699949571,1.2284417549167927
Toronto,2025-12-25,0.5106145251396648,0.9441340782122905
Toronto,2025-12-26,0.51215514886643,0.9822452881726305
Toronto,2025-12-27,0.5312020460358057,1.10153452685422
Toronto,2025-12-28,0.51589844712842,1.0054227261523294
Toronto,2025-12-29,0.5141690682036504,1.1145533141210375
Toronto,2025-12-30,0.5204918032786885,1.1812921890067503
Toronto,2025-12-31,0.5291934685799109,1.214250371103414
Vancouver,2023-01-01,0.30288461538461536,0.7872596153846154
Vancouver,2023-01-02,0.2819277108433735,0.7385542168674699
Vancouver,2023-01-03,0.2901307966706302,0.8204518430439952
Vancouver,2023-01-04,0.2871287128712871,0.879950495049505
Vancouver,2023-01-05,0.3164400494437577,0.9567367119901112
Vancouver,2023-01-06,0.3162901307966706,0.9096313912009513
Vancouver,2023-01-07,0.2855421686746988,0.8060240963855422
Vancouver,2023-01-08,0.2769607843137255,0.741421568627451
Vancouver,2023-01-09,0.30339805825242716,0.9016990291262136
Vancouver,2023-01-10,0.3096085409252669,0.8600237247924081
Vancouver,2023-01-11,0.297719087635054,0.9159663865546218
Vancouver,2023-01-12,0.2947494033412888,0.8496420047732697
Vancouver,2023-01-13,0.3081607795371498,0.8964677222898904
Vancouver,2023-01-14,0.31533742331288345,0.9730061349693252
Vancouver,2023-01-15,0.2997601918465228,0.8369304556354916
Vancouver,2023-01-16,0.302491103202847,0.9644128113879004
Vancouver,2023-01-17,0.3179551122194514,1.041147132169576
Vancouver,2023-01-18,0.30920245398773005,1.0736196319018405
Vancouver,2023-01-19,0.33047735618115054,0.99265605875153
Vancouver,2023-01-20,0.34306569343065696,1.0158150851581509
Vancouver,2023-01-21,0.3289156626506024,0.9144578313253012
Vancouver,2023-01-22,0.2949029126213592,0.8919902912621359
Vancouver,2023-01-23,0.3075980392156863,0.9399509803921569
Vancouver,2023-01-24,0.31003811944091486,0.9669631512071156
Vancouver,2023-01-25,0.30856423173803527,0.9206549118387909
Vancouver,2023-01-26,0.3136020151133501,0.9445843828715366
Vancouver,2023-01-27,0.31157635467980294,0.9815270935960592
Vancouver,2023-01-28,0.31882202304737517,0.8796414852752881
Vancouver,2023-01-29,0.2992125984251969,0.8083989501312336
Vancouver,2023-01-30,0.2989821882951654,0.9834605597964376
Vancouver,2023-01-31,0.3038130381303813,0.976629766297663
Vancouver,2023-02-01,0.3054187192118227,0.9100985221674877
Vancouver,2023-02-02,0.30807453416149067,0.9602484472049689
Vancouver,2023-02-03,0.30583756345177665,0.9708121827411168
Vancouver,2023-02-04,0.29848866498740556,0.8803526448362721
Vancouver,2023-02-05,0.2751937984496124,0.8462532299741602
Vancouver,2023-02-06,0.302915082382763,0.8897338403041825
Vancouver,2023-02-07,0.32555123216601817,1.0570687418936446
Vancouver,2023-02-08,0.310126582278481,1.0784810126582278
Vancouver,2023-02-09,0.33635187580853815,1.1086675291073738
Vancouver,2023-02-10,0.3201530612244898,1.0395408163265305
Vancouver,2023-02-11,0.321285140562249,0.9357429718875502
Vancouver,2023-02-12,0.3010610079575597,0.8381962864721485
Vancouver,2023-02-13,0.30171277997364954,0.9789196310935442
Vancouver,2023-02-14,0.32663989290495316,1.0468540829986612
Vancouver,2023-02-15,0.30423280423280424,0.951058201058201
Vancouver,2023-02-16,0.3072983354673495,0.9475032010243278
Vancouver,2023-02-17,0.30719794344473006,1.0012853470437018
Vancouver,2023-02-18,0.332,1.0093333333333334
Vancouver,2023-02-19,0.30315500685871055,0.9218106995884774
Vancouver,2023-02-20,0.3162853297442799,0.8223418573351279
Vancouver,2023-02-21,0.3324572930354796,0.9750328515111695
Vancouver,2023-02-22,0.3281653746770026,1.028423772609819
Vancouver,2023-02-23,0.3244274809160305,1.0419847328244274
Vancouver,2023-02-24,0.3530150753768844,1.1871859296482412
Vancouver,2023-02-25,0.31008717310087175,0.9676214196762142
Vancouver,2023-02-26,0.2980392156862745,0.7830065359477124
Vancouver,2023-02-27,0.3092105263157895,0.8947368421052632
Vancouver,2023-02-28,0.30675675675675673,0.8567567567567568
Vancouver,2023-03-01,0.3157894736842105,0.9757085020242915
Vancouver,2023-03-02,0.33731739707835323,1.049136786188579
Vancouver,2023-03-03,0.3161953727506427,1.0462724935732648
Vancouver,2023-03-04,0.3401920438957476,1.0411522633744856
Vancouver,2023-03-05,0.32503457814661135,0.8575380359612724
Vancouver,2023-03-06,0.3277777777777778,0.9875
Vancouver,2023-03-07,0.32345013477088946,0.9892183288409704
Vancouver,2023-03-08,0.3273972602739726,1.026027397260274
Vancouver,2023-03-09,0.31983805668016196,1.0296896086369771
Vancouver,2023-03-10,0.33646112600536193,1.0710455764075066
Vancouver,2023-03-11,0.3328690807799443,0.9456824512534819
Vancouver,2023-03-12,0.3299565846599132,0.7756874095513748
Vancouver,2023-03-13,0.31098430813124106,0.9828815977175464
Vancouver,2023-03-14,0.33285302593659943,0.9423631123919308
Vancouver,2023-03-15,0.3333333333333333,0.9660766961651918
Vancouver,2023-03-16,0.31313131313131315,0.9451659451659452
Vancouver,2023-03-17,0.33138686131386863,1.1343065693430656
Vancouver,2023-03-18,0.3226744186046512,1.058139534883721
Vancouver,2023-03-19,0.3397058823529412,0.9352941176470588
Vancouver,2023-03-20,0.3284671532846715,0.927007299270073
Vancouver,2023-03-21,0.34941520467836257,1.0657894736842106
Vancouver,2023-03-22,0.33186490455212925,0.9353891336270191
Vancouver,2023-03-23,0.31683168316831684,0.9052333804809052
Vancouver,2023-03-24,0.30725462304409673,1.0056899004267426
Vancouver,2023-03-25,0.307909604519774,0.9307909604519774
Vancouver,2023-03-26,0.33136094674556216,0.8698224852071006
Vancouver,2023-03-27,0.3084370677731674,0.9239280774550485
Vancouver,2023-03-28,0.31527777777777777,0.8861111111111111
Vancouver,2023-03-29,0.34818941504178275,1.0125348189415042
Vancouver,2023-03-30,0.32716927453769556,1.0256045519203414
Vancouver,2023-03-31,0.3381294964028777,1.0201438848920863
Vancouver,2023-04-01,0.3210059171597633,1.0029585798816567
Vancouver,2023-04-02,0.29831932773109243,0.834733893557423
Vancouver,2023-04-03,0.3022284122562674,0.9122562674094707
Vancouver,2023-04-04,0.30975954738330974,0.9759547383309759
Vancouver,2023-04-05,0.31527777777777777,0.9319444444444445
Vancouver,2023-04-06,0.3107344632768362,0.9209039548022598
Vancouver,2023-04-07,0.32262996941896027,0.9342507645259939
Vancouver,2023-04-08,0.328149300155521,0.9564541213063764
Vancouver,2023-04-09,0.29635258358662614,0.78419452887538
Vancouver,2023-04-10,0.30120481927710846,0.7695783132530121
Vancouver,2023-04-11,0.323397913561848,0.9612518628912071
Vancouver,2023-04-12,0.32753623188405795,0.972463768115942
Vancouver,2023-04-13,0.3442389758179232,1.0099573257467995
Vancouver,2023-04-14,0.3488700564971751,1.1228813559322033
Vancouver,2023-04-15,0.3537803138373752,1.0570613409415122
Vancouver,2023-04-16,0.31746031746031744,0.8297258297258298
Vancouver,2023-04-17,0.32275862068965516,0.9986206896551724
Vancouver,2023-04-18,0.3258741258741259,1.0097902097902098
Vancouver,2023-04-19,0.32,1.11
Vancouver,2023-04-20,0.3431952662721893,1.0606508875739644
Vancouver,2023-04-21,0.3537313432835821,1.0492537313432835
Vancouver,2023-04-22,0.34782608695652173,0.9937888198757764
Vancouver,2023-04-23,0.338301043219076,0.886736214605067
Vancouver,2023-04-24,0.3439878234398782,1.030441400304414
Vancouver,2023-04-25,0.3165354330708661,0.9795275590551181
Vancouver,2023-04-26,0.35121951219512193,1.08130081300813
Vancouver,2023-04-27,0.3550387596899225,1.1209302325581396
Vancouver,2023-04-28,0.32171156893819336,1.1458003169572109
Vancouver,2023-04-29,0.3632075471698113,1.2358490566037736
Vancouver,2023-04-30,0.3322734499205087,1.0524642289348172
Vancouver,2023-05-01,0.3380281690140845,1.0391236306729263
Vancouver,2023-05-02,0.326984126984127,1.0904761904761904
Vancouver,2023-05-03,0.3553054662379421,1.1286173633440515
Vancouver,2023-05-04,0.34102141680395387,1.171334431630972
Vancouver,2023-05-05,0.3446601941747573,1.1343042071197411
Vancouver,2023-05-06,0.365,1.2666666666666666
Vancouver,2023-05-07,0.3904448105436573,1.329489291598023
Vancouver,2023-05-08,0.3579638752052545,1.2939244663382594
Vancouver,2023-05-09,0.35858585858585856,1.3164983164983164
Vancouver,2023-05-10,0.3653543307086614,1.4519685039370078
Vancouver,2023-05-11,0.36942675159235666,1.4904458598726114
Vancouver,2023-05-12,0.3983606557377049,1.4442622950819672
Vancouver,2023-05-13,0.37012987012987014,1.3506493506493507
Vancouver,2023-05-14,0.371900826446281,1.2975206611570247
Vancouver,2023-05-15,0.36006825938566556,1.2542662116040955
Vancouver,2023-05-16,0.3489583333333333,1.1267361111111112
Vancouver,2023-05-17,0.36300174520069806,1.3525305410122164
Vancouver,2023-05-18,0.3778877887788779,1.3663366336633664
Vancouver,2023-05-19,0.39906103286384975,1.488262910798122
Vancouver,2023-05-20,0.41379310344827586,1.4499178981937602
Vancouver,2023-05-21,0.3781942078364566,1.31175468483816
Vancouver,2023-05-22,0.32521739130434785,0.9652173913043478
Vancouver,2023-05-23,0.33500837520938026,1.0636515912897822
Vancouver,2023-05-24,0.3060556464811784,1.1833060556464812
Vancouver,2023-05-25,0.37402190923317685,1.2895148669796557
Vancouver,2023-05-26,0.37755102040816324,1.4795918367346939
Vancouver,2023-05-27,0.3610719322990127,1.2778561354019746
Vancouver,2023-05-28,0.3624641833810888,1.2908309455587392
Vancouver,2023-05-29,0.35276532137518685,1.2825112107623318
Vancouver,2023-05-30,0.34782608695652173,1.1610305958132046
Vancouver,2023-05-31,0.3462157809983897,1.359098228663446
Vancouver,2023-06-01,0.3511326860841424,1.3705501618122977
Vancouver,2023-06-02,0.3802163833075734,1.3724884080370943
Vancouver,2023-06-03,0.3793103448275862,1.3526645768025078
Vancouver,2023-06-04,0.36698717948717946,1.2868589743589745
Vancouver,2023-06-05,0.3465818759936407,1.248012718600954
Vancouver,2023-06-06,0.3488,1.2544
Vancouver,2023-06-07,0.37177541729893776,1.43247344461305
Vancouver,2023-06-08,0.3692077727952167,1.4902840059790732
Vancouver,2023-06-09,0.3698224852071006,1.3417159763313609
Vancouver,2023-06-10,0.4005805515239477,1.4397677793904209
Vancouver,2023-06-11,0.3668730650154799,1.4752321981424148
Vancouver,2023-06-12,0.3538230884557721,1.2638680659670165
Vancouver,2023-06-13,0.3561847988077496,1.150521609538003
Vancouver,2023-06-14,0.3516320474777448,1.21513353115727
Vancouver,2023-06-15,0.37349397590361444,1.2319277108433735
Vancouver,2023-06-16,0.38593974175035867,1.4045911047345767
Vancouver,2023-06-17,0.3718887262079063,1.322108345534407
Vancouver,2023-06-18,0.3486370157819225,1.0803443328550932
Vancouver,2023-06-19,0.34837799717912554,1.0479548660084625
Vancouver,2023-06-20,0.3500738552437223,1.1093057607090104
Vancouver,2023-06-21,0.3573529411764706,1.1352941176470588
Vancouver,2023-06-22,0.37175792507204614,1.1988472622478386
Vancouver,2023-06-23,0.3972027972027972,1.3734265734265734
Vancouver,2023-06-24,0.36324786324786323,1.292022792022792
Vancouver,2023-06-25,0.376453488372093,1.3008720930232558
Vancouver,2023-06-26,0.3555219364599092,1.199697428139183
Vancouver,2023-06-27,0.35266457680250785,1.1567398119122256
Vancouver,2023-06-28,0.35179640718562877,1.2290419161676647
Vancouver,2023-06-29,0.3600605143721634,1.1452344931921332
Vancouver,2023-06-30,0.37147102526002973,1.2288261515601784
Vancouver,2023-07-01,0.369969040247678,1.2260061919504643
Vancouver,2023-07-02,0.34775888717156106,1.231839258114374
Vancouver,2023-07-03,0.36507936507936506,1.0952380952380953
Vancouver,2023-07-04,0.34858044164037855,1.1908517350157728
Vancouver,2023-07-05,0.3853211009174312,1.3914373088685015
Vancouver,2023-07-06,0.3958664546899841,1.2543720190779015
Vancouver,2023-07-07,0.39006024096385544,1.355421686746988
Vancouver,2023-07-08,0.39430284857571213,1.3223388305847077
Vancouver,2023-07-09,0.3776,1.2704
Vancouver,2023-07-10,0.37359098228663445,1.3671497584541064
Vancouver,2023-07-11,0.38562091503267976,1.4591503267973855
Vancouver,2023-07-12,0.3990536277602524,1.3706624605678233
Vancouver,2023-07-13,0.3929712460063898,1.2571884984025559
Vancouver,2023-07-14,0.38975155279503104,1.2981366459627328
Vancouver,2023-07-15,0.38153846153846155,1.333846153846154
Vancouver,2023-07-16,0.36160714285714285,1.1681547619047619
Vancouver,2023-07-17,0.3568075117370892,1.1909233176838812
Vancouver,2023-07-18,0.3538205980066445,1.1428571428571428
Vancouver,2023-07-19,0.37012987012987014,1.2775974025974026
Vancouver,2023-07-20,0.35703479576399394,1.2375189107413012
Vancouver,2023-07-21,0.39882697947214074,1.343108504398827
Vancouver,2023-07-22,0.39858156028368796,1.424113475177305
Vancouver,2023-07-23,0.41517857142857145,1.349702380952381
Vancouver,2023-07-24,0.3807588075880759,1.1409214092140922
Vancouver,2023-07-25,0.3976083707025411,1.1659192825112108
Vancouver,2023-07-26,0.4148471615720524,1.4599708879184863
Vancouver,2023-07-27,0.3892128279883382,1.2769679300291545
Vancouver,2023-07-28,0.39461883408071746,1.3378176382660687
Vancouver,2023-07-29,0.39236641221374047,1.4137404580152673
Vancouver,2023-07-30,0.3669724770642202,1.1788990825688073
Vancouver,2023-07-31,0.35,1.1548387096774193
Vancouver,2023-08-01,0.3655913978494624,1.1459293394777266
Vancouver,2023-08-02,0.37181409295352325,1.3118440779610194
Vancouver,2023-08-03,0.40444444444444444,1.3822222222222222
Vancouver,2023-08-04,0.37985611510791367,1.376978417266187
Vancouver,2023-08-05,0.3572496263079223,1.2257100149476832
Vancouver,2023-08-06,0.3593984962406015,1.2330827067669172
Vancouver,2023-08-07,0.36363636363636365,1.075036075036075
Vancouver,2023-08-08,0.37155297532656023,1.2496371552975327
Vancouver,2023-08-09,0.37390029325513197,1.2052785923753666
Vancouver,2023-08-10,0.3668730650154799,1.36687306501548
Vancouver,2023-08-11,0.3810930576070901,1.327917282127031
Vancouver,2023-08-12,0.3712574850299401,1.3517964071856288
Vancouver,2023-08-13,0.37894736842105264,1.2210526315789474
Vancouver,2023-08-14,0.35202492211838005,1.233644859813084
Vancouver,2023-08-15,0.36477987421383645,1.139937106918239
Vancouver,2023-08-16,0.3409090909090909,1.1545454545454545
Vancouver,2023-08-17,0.3599374021909233,1.1283255086071988
Vancouver,2023-08-18,0.3561046511627907,1.2267441860465116
Vancouver,2023-08-19,0.3884992987377279,1.14726507713885
Vancouver,2023-08-20,0.36468885672937773,1.2026049204052098
Vancouver,2023-08-21,0.3419170243204578,1.1201716738197425
Vancouver,2023-08-22,0.3552833078101072,1.1332312404287903
Vancouver,2023-08-23,0.3551829268292683,1.170731707317073
Vancouver,2023-08-24,0.3675078864353312,1.2066246056782335
Vancouver,2023-08-25,0.36818181818181817,1.293939393939394
Vancouver,2023-08-26,0.3905775075987842,1.3966565349544073
Vancouver,2023-08-27,0.37042459736456806,1.2225475841874085
Vancouver,2023-08-28,0.3420669577874818,1.0465793304221251
Vancouver,2023-08-29,0.3559077809798271,1.037463976945245
Vancouver,2023-08-30,0.35901386748844377,1.214175654853621
Vancouver,2023-08-31,0.3570274636510501,1.1033925686591277
Vancouver,2023-09-01,0.3849624060150376,1.3383458646616542
Vancouver,2023-09-02,0.38625954198473283,1.3526717557251908
Vancouver,2023-09-03,0.3606299212598425,1.1826771653543307
Vancouver,2023-09-04,0.3761904761904762,1.1142857142857143
Vancouver,2023-09-05,0.35303265940902023,1.0124416796267497
Vancouver,2023-09-06,0.37267080745341613,1.184782608695652
Vancouver,2023-09-07,0.3556280587275693,1.2414355628058729
Vancouver,2023-09-08,0.3940809968847352,1.2258566978193146
Vancouver,2023-09-09,0.3751937984496124,1.2868217054263567
Vancouver,2023-09-10,0.37091988130563797,1.1973293768545994
Vancouver,2023-09-11,0.36294027565084225,1.231240428790199
Vancouver,2023-09-12,0.36306729264475746,1.244131455399061
Vancouver,2023-09-13,0.3632,1.2352
Vancouver,2023-09-14,0.37285491419656785,1.1170046801872076
Vancouver,2023-09-15,0.3885630498533724,1.1715542521994136
Vancouver,2023-09-16,0.38543247344461307,1.2640364188163884
Vancouver,2023-09-17,0.3696682464454976,1.1074249605055293
Vancouver,2023-09-18,0.3619047619047619,1.1222222222222222
Vancouver,2023-09-19,0.3427230046948357,1.0140845070422535
Vancouver,2023-09-20,0.3563402889245586,1.2985553772070626
Vancouver,2023-09-21,0.37111801242236025,1.2670807453416149
Vancouver,2023-09-22,0.39492242595204513,1.4301833568406206
Vancouver,2023-09-23,0.38461538461538464,1.2222222222222223
Vancouver,2023-09-24,0.38189533239038187,1.091937765205092
Vancouver,2023-09-25,0.3585476550680787,1.0514372163388805
Vancouver,2023-09-26,0.328125,0.9609375
Vancouver,2023-09-27,0.32137030995106036,1.0440456769983686
Vancouver,2023-09-28,0.3366013071895425,1.0147058823529411
Vancouver,2023-09-29,0.3312302839116719,1.0425867507886435
Vancouver,2023-09-30,0.3685950413223141,1.1305785123966943
Vancouver,2023-10-01,0.3606299212598425,1.0393700787401574
Vancouver,2023-10-02,0.3312302839116719,1.0078864353312302
Vancouver,2023-10-03,0.3338842975206612,1.1735537190082646
Vancouver,2023-10-04,0.31239092495637,1.024432809773124
Vancouver,2023-10-05,0.3256578947368421,1.044407894736842
Vancouver,2023-10-06,0.3567921440261866,1.2356792144026187
Vancouver,2023-10-07,0.35855263157894735,1.205592105263158
Vancouver,2023-10-08,0.33614864864864863,1.0320945945945945
Vancouver,2023-10-09,0.3076923076923077,0.7528641571194763
Vancouver,2023-10-10,0.34563758389261745,1.0385906040268456
Vancouver,2023-10-11,0.33557046979865773,1.087248322147651
Vancouver,2023-10-12,0.3490725126475548,1.2023608768971332
Vancouver,2023-10-13,0.3413078149920255,1.1722488038277512
Vancouver,2023-10-14,0.34256055363321797,1.0622837370242215
Vancouver,2023-10-15,0.3537190082644628,0.9950413223140496
Vancouver,2023-10-16,0.347068145800317,1.0649762282091917
Vancouver,2023-10-17,0.3672787979966611,0.9833055091819699
Vancouver,2023-10-18,0.3493150684931507,1.0462328767123288
Vancouver,2023-10-19,0.35845896147403683,1.137353433835846
Vancouver,2023-10-20,0.3523654159869494,1.1435562805872757
Vancouver,2023-10-21,0.34789915966386553,1.0773109243697478
Vancouver,2023-10-22,0.3371900826446281,1.0231404958677686
Vancouver,2023-10-23,0.33884297520661155,1.143801652892562
Vancouver,2023-10-24,0.3534201954397394,1.0342019543973942
Vancouver,2023-10-25,0.3616298811544992,1.0560271646859083
Vancouver,2023-10-26,0.35571687840290384,1.0834845735027223
Vancouver,2023-10-27,0.3723021582733813,1.1492805755395683
Vancouver,2023-10-28,0.3393177737881508,1.1346499102333931
Vancouver,2023-10-29,0.3298059964726631,0.9029982363315696
Vancouver,2023-10-30,0.3142329020332717,0.9741219963031423
Vancouver,2023-10-31,0.3197879858657244,0.9770318021201413
Vancouver,2023-11-01,0.3356521739130435,1.0121739130434784
Vancouver,2023-11-02,0.3321492007104796,1.058614564831261
Vancouver,2023-11-03,0.3421516754850088,1.054673721340388
Vancouver,2023-11-04,0.36331569664902996,1.0670194003527338
Vancouver,2023-11-05,0.3416370106761566,0.9234875444839857
Vancouver,2023-11-06,0.3472222222222222,1.1545138888888888
Vancouver,2023-11-07,0.3391304347826087,1.097391304347826
Vancouver,2023-11-08,0.35067114093959734,1.023489932885906
Vancouver,2023-11-09,0.34039087947882735,1.0912052117263844
Vancouver,2023-11-10,0.36893203883495146,1.2233009708737863
Vancouver,2023-11-11,0.3543441226575809,1.0221465076660987
Vancouver,2023-11-12,0.35195530726256985,1.0148975791433892
Vancouver,2023-11-13,0.32727272727272727,0.9490909090909091
Vancouver,2023-11-14,0.34050179211469533,1.096774193548387
Vancouver,2023-11-15,0.3543859649122807,1.1473684210526316
Vancouver,2023-11-16,0.34974533106960953,1.1273344651952462
Vancouver,2023-11-17,0.37043478260869567,1.2347826086956522
Vancouver,2023-11-18,0.37894736842105264,1.2789473684210526
Vancouver,2023-11-19,0.34608030592734224,0.9617590822179732
Vancouver,2023-11-20,0.33639705882352944,1.1323529411764706
Vancouver,2023-11-21,0.33513513513513515,1.163963963963964
Vancouver,2023-11-22,0.34341637010676157,1.1459074733096086
Vancouver,2023-11-23,0.34572490706319703,1.174721189591078
Vancouver,2023-11-24,0.368705035971223,1.3273381294964028
Vancouver,2023-11-25,0.34558823529411764,1.1121323529411764
Vancouver,2023-11-26,0.3371868978805395,0.9479768786127167
Vancouver,2023-11-27,0.30739299610894943,1.0447470817120623
Vancouver,2023-11-28,0.29906542056074764,0.9794392523364486
Vancouver,2023-11-29,0.33086876155268025,1.0036968576709797
Vancouver,2023-11-30,0.3406998158379374,1.0847145488029466
Vancouver,2023-12-01,0.32971014492753625,1.0326086956521738
Vancouver,2023-12-02,0.34806629834254144,1.0386740331491713
Vancouver,2023-12-03,0.3388888888888889,0.8759259259259259
Vancouver,2023-12-04,0.3413284132841328,0.9372693726937269
Vancouver,2023-12-05,0.3440453686200378,1.0
Vancouver,2023-12-06,0.32897196261682243,0.9981308411214953
Vancouver,2023-12-07,0.3656716417910448,1.1026119402985075
Vancouver,2023-12-08,0.35359116022099446,1.1233885819521179
Vancouver,2023-12-09,0.3357798165137615,1.0311926605504587
Vancouver,2023-12-10,0.3223938223938224,0.8783783783783784
Vancouver,2023-12-11,0.3301526717557252,0.9541984732824428
Vancouver,2023-12-12,0.35968379446640314,0.9545454545454546
Vancouver,2023-12-13,0.3431952662721893,0.9763313609467456
Vancouver,2023-12-14,0.34285714285714286,0.9561904761904761
Vancouver,2023-12-15,0.3382352941176471,1.005514705882353
Vancouver,2023-12-16,0.3520309477756286,1.1876208897485494
Vancouver,2023-12-17,0.34115523465703973,0.9043321299638989
Vancouver,2023-12-18,0.30939226519337015,0.8987108655616943
Vancouver,2023-12-19,0.32897196261682243,0.9719626168224299
Vancouver,2023-12-20,0.31876138433515483,1.0965391621129326
Vancouver,2023-12-21,0.35135135135135137,1.1873873873873875
Vancouver,2023-12-22,0.36242884250474383,1.2125237191650853
Vancouver,2023-12-23,0.3550185873605948,1.1356877323420074
Vancouver,2023-12-24,0.3607843137254902,1.0745098039215686
Vancouver,2023-12-25,0.299009900990099,0.6633663366336634
Vancouver,2023-12-26,0.314453125,0.857421875
Vancouver,2023-12-27,0.33634719710669075,0.8734177215189873
Vancouver,2023-12-28,0.3395872420262664,0.8611632270168855
Vancouver,2023-12-29,0.361328125,0.9921875
Vancouver,2023-12-30,0.3273092369477912,1.0582329317269077
Vancouver,2023-12-31,0.3360488798370672,1.0366598778004072
Vancouver,2024-01-01,0.3480083857442348,0.9454926624737946
Vancouver,2024-01-02,0.32941176470588235,0.8607843137254902
Vancouver,2024-01-03,0.2976190476190476,0.8373015873015873
Vancouver,2024-01-04,0.32943469785575047,0.8752436647173489
Vancouver,2024-01-05,0.35856573705179284,1.0617529880478087
Vancouver,2024-01-06,0.3390804597701149,0.9195402298850575
Vancouver,2024-01-07,0.3370998116760829,0.8700564971751412
Vancouver,2024-01-08,0.32710280373831774,0.9700934579439252
Vancouver,2024-01-09,0.33904761904761904,0.9257142857142857
Vancouver,2024-01-10,0.35428571428571426,0.9885714285714285
Vancouver,2024-01-11,0.3401869158878505,0.9457943925233645
Vancouver,2024-01-12,0.348,0.946
Vancouver,2024-01-13,0.350597609561753,0.9402390438247012
Vancouver,2024-01-14,0.3258003766478343,0.8870056497175142
Vancouver,2024-01-15,0.32116788321167883,0.9215328467153284
Vancouver,2024-01-16,0.31444241316270566,0.9104204753199269
Vancouver,2024-01-17,0.2879684418145957,0.8185404339250493
Vancouver,2024-01-18,0.321011673151751,0.9221789883268483
Vancouver,2024-01-19,0.3426294820717131,1.1055776892430278
Vancouver,2024-01-20,0.3366733466933868,1.0360721442885772
Vancouver,2024-01-21,0.3448940269749518,0.9922928709055877
Vancouver,2024-01-22,0.342911877394636,1.1091954022988506
Vancouver,2024-01-23,0.3541666666666667,1.0871212121212122
Vancouver,2024-01-24,0.3700189753320683,1.1821631878557874
Vancouver,2024-01-25,0.34317343173431736,1.003690036900369
Vancouver,2024-01-26,0.34065934065934067,1.043956043956044
Vancouver,2024-01-27,0.33840304182509506,0.9619771863117871
Vancouver,2024-01-28,0.33587786259541985,0.8969465648854962
Vancouver,2024-01-29,0.3389513108614232,0.9138576779026217
Vancouver,2024-01-30,0.3446327683615819,0.992467043314501
Vancouver,2024-01-31,0.32803180914512925,1.021868787276342
Vancouver,2024-02-01,0.33072407045009783,1.0547945205479452
Vancouver,2024-02-02,0.36328125,1.09765625
Vancouver,2024-02-03,0.34307992202729043,0.9941520467836257
Vancouver,2024-02-04,0.3166332665330661,0.8937875751503006
Vancouver,2024-02-05,0.31153846153846154,0.8365384615384616
Vancouver,2024-02-06,0.3227722772277228,0.9722772277227723
Vancouver,2024-02-07,0.3540856031128405,1.1478599221789882
Vancouver,2024-02-08,0.3698630136986301,1.1272015655577299
Vancouver,2024-02-09,0.3721881390593047,1.1206543967280163
Vancouver,2024-02-10,0.36633663366336633,1.1603960396039603
Vancouver,2024-02-11,0.3353413654618474,0.9417670682730924
Vancouver,2024-02-12,0.32238193018480493,0.9671457905544147
Vancouver,2024-02-13,0.3253968253968254,0.9365079365079365
Vancouver,2024-02-14,0.3346938775510204,1.010204081632653
Vancouver,2024-02-15,0.35119047619047616,1.007936507936508
Vancouver,2024-02-16,0.36213991769547327,1.125514403292181
Vancouver,2024-02-17,0.3426724137931034,1.1293103448275863
Vancouver,2024-02-18,0.33905579399141633,0.9742489270386266
Vancouver,2024-02-19,0.31837606837606836,0.7991452991452992
Vancouver,2024-02-20,0.3231707317073171,0.9207317073170732
Vancouver,2024-02-21,0.3407707910750507,1.0365111561866125
Vancouver,2024-02-22,0.3634538152610442,1.036144578313253
Vancouver,2024-02-23,0.3570057581573896,1.2034548944337813
Vancouver,2024-02-24,0.34392523364485983,0.9476635514018692
Vancouver,2024-02-25,0.3154875717017208,0.892925430210325
Vancouver,2024-02-26,0.3314176245210728,1.0095785440613028
Vancouver,2024-02-27,0.33988212180746563,1.0589390962671905
Vancouver,2024-02-28,0.3425196850393701,1.0275590551181102
Vancouver,2024-02-29,0.34462151394422313,0.9760956175298805
Vancouver,2024-03-01,0.3441682600382409,0.9732313575525813
Vancouver,2024-03-02,0.3522504892367906,1.1056751467710373
Vancouver,2024-03-03,0.3134920634920635,0.8829365079365079
Vancouver,2024-03-04,0.343811394891945,0.9390962671905697
Vancouver,2024-03-05,0.35802469135802467,0.9794238683127572
Vancouver,2024-03-06,0.3588235294117647,0.9490196078431372
Vancouver,2024-03-07,0.3580952380952381,0.9866666666666667
Vancouver,2024-03-08,0.3724007561436673,1.1379962192816635
Vancouver,2024-03-09,0.3761638733705773,1.1452513966480447
Vancouver,2024-03-10,0.3550185873605948,1.0594795539033457
Vancouver,2024-03-11,0.3448275862068966,0.9923371647509579
Vancouver,2024-03-12,0.36007827788649704,1.0782778864970646
Vancouver,2024-03-13,0.38104448742746616,1.148936170212766
Vancouver,2024-03-14,0.38619402985074625,1.1996268656716418
Vancouver,2024-03-15,0.37258687258687256,1.2046332046332047
Vancouver,2024-03-16,0.3698630136986301,1.2211350293542074
Vancouver,2024-03-17,0.3441295546558704,1.1012145748987854
Vancouver,2024-03-18,0.3459915611814346,1.0274261603375527
Vancouver,2024-03-19,0.35684647302904565,1.0809128630705394
Vancouver,2024-03-20,0.33473684210526317,0.9768421052631578
Vancouver,2024-03-21,0.35306553911205074,1.0676532769556026
Vancouver,2024-03-22,0.31958762886597936,0.9938144329896907
Vancouver,2024-03-23,0.32335329341317365,0.908183632734531
Vancouver,2024-03-24,0.3117408906882591,0.9190283400809717
Vancouver,2024-03-25,0.3383947939262473,0.928416485900217
Vancouver,2024-03-26,0.3726315789473684,1.0
Vancouver,2024-03-27,0.3605577689243028,1.0239043824701195
Vancouver,2024-03-28,0.3456032719836401,1.016359918200409
Vancouver,2024-03-29,0.34557235421166305,1.0
Vancouver,2024-03-30,0.35319148936170214,1.1446808510638298
Vancouver,2024-03-31,0.31611570247933884,0.8491735537190083
Vancouver,2024-04-01,0.2915811088295688,0.7823408624229979
Vancouver,2024-04-02,0.3253012048192771,0.8875502008032129
Vancouver,2024-04-03,0.3359840954274354,1.0874751491053678
Vancouver,2024-04-04,0.3551587301587302,1.0615079365079365
Vancouver,2024-04-05,0.38285714285714284,1.3866666666666667
Vancouver,2024-04-06,0.37213740458015265,1.251908396946565
Vancouver,2024-04-07,0.3191919191919192,0.8767676767676768
Vancouver,2024-04-08,0.3299798792756539,0.8752515090543259
Vancouver,2024-04-09,0.3268101761252446,0.9823874755381604
Vancouver,2024-04-10,0.34757281553398056,1.0718446601941747
Vancouver,2024-04-11,0.3469387755102041,1.0163265306122449
Vancouver,2024-04-12,0.3264887063655031,1.0492813141683779
Vancouver,2024-04-13,0.35135135135135137,1.133056133056133
Vancouver,2024-04-14,0.31683168316831684,0.9920792079207921
Vancouver,2024-04-15,0.352,0.986
Vancouver,2024-04-16,0.36024844720496896,1.0393374741200827
Vancouver,2024-04-17,0.34826883910386963,1.0020366598778003
Vancouver,2024-04-18,0.3545816733067729,1.1115537848605577
Vancouver,2024-04-19,0.3578336557059961,1.1508704061895552
Vancouver,2024-04-20,0.3469785575048733,1.0935672514619883
Vancouver,2024-04-21,0.35555555555555557,1.0707070707070707
Vancouver,2024-04-22,0.3240556660039761,1.0278330019880715
Vancouver,2024-04-23,0.3625254582484725,1.0957230142566192
Vancouver,2024-04-24,0.3683127572016461,1.0308641975308641
Vancouver,2024-04-25,0.38188976377952755,1.0728346456692914
Vancouver,2024-04-26,0.40039447731755423,1.1794871794871795
Vancouver,2024-04-27,0.37044534412955465,1.091093117408907
Vancouver,2024-04-28,0.37322515212981744,1.1156186612576064
Vancouver,2024-04-29,0.3970037453183521,1.2265917602996255
Vancouver,2024-04-30,0.3838771593090211,1.182341650671785
Vancouver,2024-05-01,0.34545454545454546,1.1111111111111112
Vancouver,2024-05-02,0.37735849056603776,1.1907756813417192
Vancouver,2024-05-03,0.4028056112224449,1.3927855711422845
Vancouver,2024-05-04,0.37325349301397204,1.3692614770459082
Vancouver,2024-05-05,0.3593429158110883,0.9917864476386037
Vancouver,2024-05-06,0.3380855397148676,1.1568228105906313
Vancouver,2024-05-07,0.36381709741550694,1.151093439363817
Vancouver,2024-05-08,0.3879472693032015,1.207156308851224
Vancouver,2024-05-09,0.407871198568873,1.4132379248658318
Vancouver,2024-05-10,0.4301270417422868,1.3520871143375681
Vancouver,2024-05-11,0.41304347826086957,1.4818840579710144
Vancouver,2024-05-12,0.3977485928705441,1.2270168855534709
Vancouver,2024-05-13,0.40229885057471265,1.264367816091954
Vancouver,2024-05-14,0.3739669421487603,1.2272727272727273
Vancouver,2024-05-15,0.3481781376518219,0.9979757085020243
Vancouver,2024-05-16,0.36693548387096775,1.1290322580645162
Vancouver,2024-05-17,0.3722334004024145,1.1730382293762576
Vancouver,2024-05-18,0.38477366255144035,1.2098765432098766
Vancouver,2024-05-19,0.38445378151260506,1.2752100840336134
Vancouver,2024-05-20,0.355119825708061,1.1198257080610021
Vancouver,2024-05-21,0.3367139959432049,0.9269776876267748
Vancouver,2024-05-22,0.3553398058252427,1.1398058252427183
Vancouver,2024-05-23,0.38735177865612647,1.284584980237154
Vancouver,2024-05-24,0.43097014925373134,1.2667910447761195
Vancouver,2024-05-25,0.4218181818181818,1.278181818181818
Vancouver,2024-05-26,0.40687160940325495,1.092224231464738
Vancouver,2024-05-27,0.36531365313653136,1.0940959409594095
Vancouver,2024-05-28,0.3220675944333996,1.0238568588469186
Vancouver,2024-05-29,0.34509803921568627,1.0156862745098039
Vancouver,2024-05-30,0.35856573705179284,1.300796812749004
Vancouver,2024-05-31,0.4050387596899225,1.552325581395349
Vancouver,2024-06-01,0.42936802973977695,1.479553903345725
Vancouver,2024-06-02,0.39019963702359345,1.132486388384755
Vancouver,2024-06-03,0.375,1.0776515151515151
Vancouver,2024-06-04,0.36015325670498083,1.1590038314176245
Vancouver,2024-06-05,0.3776091081593928,1.2087286527514232
Vancouver,2024-06-06,0.3772455089820359,1.2295409181636727
Vancouver,2024-06-07,0.406,1.404
Vancouver,2024-06-08,0.405189620758483,1.4810379241516967
Vancouver,2024-06-09,0.41353383458646614,1.1654135338345866
Vancouver,2024-06-10,0.3844765342960289,1.1967509025270757
Vancouver,2024-06-11,0.3795066413662239,1.2314990512333965
Vancouver,2024-06-12,0.390057361376673,1.1453154875717018
Vancouver,2024-06-13,0.3773946360153257,1.2567049808429118
Vancouver,2024-06-14,0.41012216404886565,1.343804537521815
Vancouver,2024-06-15,0.4011090573012939,1.4011090573012939
Vancouver,2024-06-16,0.3836805555555556,0.9565972222222222
Vancouver,2024-06-17,0.4028520499108734,1.1693404634581106
Vancouver,2024-06-18,0.3677298311444653,1.277673545966229
Vancouver,2024-06-19,0.4225865209471767,1.3934426229508197
Vancouver,2024-06-20,0.3745173745173745,1.2277992277992278
Vancouver,2024-06-21,0.42328042328042326,1.417989417989418
Vancouver,2024-06-22,0.4223385689354276,1.4572425828970332
Vancouver,2024-06-23,0.45614035087719296,1.6210526315789473
Vancouver,2024-06-24,0.3929889298892989,1.3763837638376384
Vancouver,2024-06-25,0.3768939393939394,1.1950757575757576
Vancouver,2024-06-26,0.3814814814814815,1.1203703703703705
Vancouver,2024-06-27,0.3800738007380074,1.0867158671586716
Vancouver,2024-06-28,0.3985637342908438,1.2836624775583483
Vancouver,2024-06-29,0.42730496453900707,1.446808510638298
Vancouver,2024-06-30,0.42214532871972316,1.4100346020761245
Vancouver,2024-07-01,0.3780260707635009,1.3519553072625698
Vancouver,2024-07-02,0.3857404021937843,1.4021937842778793
Vancouver,2024-07-03,0.394392523364486,1.480373831775701
Vancouver,2024-07-04,0.3905660377358491,1.5113207547169811
Vancouver,2024-07-05,0.4204946996466431,1.5600706713780919
Vancouver,2024-07-06,0.4177215189873418,1.6039783001808319
Vancouver,2024-07-07,0.4007155635062612,1.2772808586762074
Vancouver,2024-07-08,0.4121996303142329,1.4842883548983363
Vancouver,2024-07-09,0.41030927835051545,1.4597938144329896
Vancouver,2024-07-10,0.36809815950920244,1.3108384458077709
Vancouver,2024-07-11,0.39325842696629215,1.3314606741573034
Vancouver,2024-07-12,0.4254937163375224,1.5224416517055654
Vancouver,2024-07-13,0.44344703770197486,1.6319569120287254
Vancouver,2024-07-14,0.39416058394160586,1.436131386861314
Vancouver,2024-07-15,0.39204545454545453,1.4393939393939394
Vancouver,2024-07-16,0.3992467043314501,1.4576271186440677
Vancouver,2024-07-17,0.3950850661625709,1.3497164461247637
Vancouver,2024-07-18,0.35877862595419846,1.2309160305343512
Vancouver,2024-07-19,0.41811175337186895,1.5317919075144508
Vancouver,2024-07-20,0.44814814814814813,1.6870370370370371
Vancouver,2024-07-21,0.4090056285178236,1.3846153846153846
Vancouver,2024-07-22,0.40038684719535783,1.299806576402321
Vancouver,2024-07-23,0.41325536062378165,1.3898635477582846
Vancouver,2024-07-24,0.41681901279707495,1.5374771480804388
Vancouver,2024-07-25,0.40476190476190477,1.3186813186813187
Vancouver,2024-07-26,0.4207650273224044,1.5519125683060109
Vancouver,2024-07-27,0.46245733788395904,1.7286689419795223
Vancouver,2024-07-28,0.4297945205479452,1.4486301369863013
Vancouver,2024-07-29,0.3886861313868613,1.155109489051095
Vancouver,2024-07-30,0.3683206106870229,1.1717557251908397
Vancouver,2024-07-31,0.4059040590405904,1.2767527675276753
Vancouver,2024-08-01,0.4528301886792453,1.5075471698113208
Vancouver,2024-08-02,0.45054945054945056,1.532967032967033
Vancouver,2024-08-03,0.4472168905950096,1.54510556621881
Vancouver,2024-08-04,0.484,1.596
Vancouver,2024-08-05,0.3950381679389313,1.1793893129770991
Vancouver,2024-08-06,0.3680297397769517,1.178438661710037
Vancouver,2024-08-07,0.3872832369942196,1.186897880539499
Vancouver,2024-08-08,0.3881453154875717,1.1434034416826004
Vancouver,2024-08-09,0.4,1.2074074074074075
Vancouver,2024-08-10,0.4412811387900356,1.4412811387900355
Vancouver,2024-08-11,0.3942857142857143,1.2819047619047619
Vancouver,2024-08-12,0.396078431372549,1.1901960784313725
Vancouver,2024-08-13,0.4274193548387097,1.2419354838709677
Vancouver,2024-08-14,0.42344045368620037,1.3553875236294897
Vancouver,2024-08-15,0.4199623352165725,1.4199623352165724
Vancouver,2024-08-16,0.4021543985637343,1.362657091561939
Vancouver,2024-08-17,0.3957597173144876,1.2879858657243817
Vancouver,2024-08-18,0.3985890652557319,1.2839506172839505
Vancouver,2024-08-19,0.37340619307832423,1.1074681238615665
Vancouver,2024-08-20,0.3787878787878788,1.1571969696969697
Vancouver,2024-08-21,0.3902439024390244,1.1613508442776737
Vancouver,2024-08-22,0.3946360153256705,1.239463601532567
Vancouver,2024-08-23,0.3996383363471971,1.1482820976491863
Vancouver,2024-08-24,0.41155234657039713,1.2617328519855595
Vancouver,2024-08-25,0.41197822141560797,1.295825771324864
Vancouver,2024-08-26,0.4034090909090909,1.0928030303030303
Vancouver,2024-08-27,0.4249471458773784,1.2875264270613107
Vancouver,2024-08-28,0.43137254901960786,1.3588235294117648
Vancouver,2024-08-29,0.41478439425051333,1.462012320328542
Vancouver,2024-08-30,0.4547169811320755,1.5
Vancouver,2024-08-31,0.4419551934826884,1.604887983706721
Vancouver,2024-09-01,0.4352226720647773,1.4149797570850202
Vancouver,2024-09-02,0.3643724696356275,1.105263157894737
Vancouver,2024-09-03,0.3831967213114754,1.2520491803278688
Vancouver,2024-09-04,0.38064516129032255,1.113978494623656
Vancouver,2024-09-05,0.39630390143737165,1.219712525667351
Vancouver,2024-09-06,0.4161735700197239,1.232741617357002
Vancouver,2024-09-07,0.3836734693877551,1.226530612244898
Vancouver,2024-09-08,0.408,1.25
Vancouver,2024-09-09,0.4092741935483871,1.3084677419354838
Vancouver,2024-09-10,0.39549180327868855,1.1844262295081966
Vancouver,2024-09-11,0.37325349301397204,1.2135728542914173
Vancouver,2024-09-12,0.34826883910386963,1.244399185336049
Vancouver,2024-09-13,0.3996101364522417,1.2105263157894737
Vancouver,2024-09-14,0.40674603174603174,1.1646825396825398
Vancouver,2024-09-15,0.4209445585215606,1.3080082135523614
Vancouver,2024-09-16,0.3948497854077253,1.2510729613733906
Vancouver,2024-09-17,0.36711711711711714,1.0788288288288288
Vancouver,2024-09-18,0.3767123287671233,1.2009132420091324
Vancouver,2024-09-19,0.3660130718954248,1.1198257080610021
Vancouver,2024-09-20,0.39227642276422764,1.1483739837398375
Vancouver,2024-09-21,0.40451745379876797,1.0862422997946612
Vancouver,2024-09-22,0.3752665245202559,1.0618336886993602
Vancouver,2024-09-23,0.3421588594704684,0.9266802443991853
Vancouver,2024-09-24,0.34649122807017546,0.9100877192982456
Vancouver,2024-09-25,0.38702928870292885,0.997907949790795
Vancouver,2024-09-26,0.39740820734341253,1.142548596112311
Vancouver,2024-09-27,0.4335511982570806,1.2962962962962963
Vancouver,2024-09-28,0.40415704387990764,1.28175519630485
Vancouver,2024-09-29,0.36682242990654207,1.2453271028037383
Vancouver,2024-09-30,0.3546099290780142,0.9858156028368794
Vancouver,2024-10-01,0.3747072599531616,1.1686182669789227
Vancouver,2024-10-02,0.36363636363636365,1.1386363636363637
Vancouver,2024-10-03,0.36425339366515835,1.0678733031674208
Vancouver,2024-10-04,0.41830065359477125,1.3420479302832244
Vancouver,2024-10-05,0.3917995444191344,1.1753986332574031
Vancouver,2024-10-06,0.36043956043956044,1.021978021978022
Vancouver,2024-10-07,0.34249471458773784,1.0042283298097252
Vancouver,2024-10-08,0.33264033264033266,0.8523908523908524
Vancouver,2024-10-09,0.3782051282051282,0.9358974358974359
Vancouver,2024-10-10,0.3708133971291866,1.1028708133971292
Vancouver,2024-10-11,0.3737864077669903,1.0097087378640777
Vancouver,2024-10-12,0.35121951219512193,1.0463414634146342
Vancouver,2024-10-13,0.3161764705882353,0.9142156862745098
Vancouver,2024-10-14,0.3095823095823096,0.7272727272727273
Vancouver,2024-10-15,0.3018867924528302,0.8207547169811321
Vancouver,2024-10-16,0.3159144893111639,0.9144893111638955
Vancouver,2024-10-17,0.3348314606741573,0.9123595505617977
Vancouver,2024-10-18,0.3480083857442348,0.9119496855345912
Vancouver,2024-10-19,0.34893617021276596,0.8978723404255319
Vancouver,2024-10-20,0.31724137931034485,0.7494252873563219
Vancouver,2024-10-21,0.3044496487119438,0.936768149882904
Vancouver,2024-10-22,0.3325581395348837,0.9348837209302325
Vancouver,2024-10-23,0.37708830548926014,1.0429594272076372
Vancouver,2024-10-24,0.3665893271461717,1.1508120649651972
Vancouver,2024-10-25,0.3738738738738739,1.0855855855855856
Vancouver,2024-10-26,0.3785557986870897,1.175054704595186
Vancouver,2024-10-27,0.37360178970917224,0.9440715883668904
Vancouver,2024-10-28,0.37020316027088035,1.0067720090293453
Vancouver,2024-10-29,0.35214446952595935,1.0428893905191874
Vancouver,2024-10-30,0.3660130718954248,1.0413943355119826
Vancouver,2024-10-31,0.3464203233256351,1.1108545034642032
Vancouver,2024-11-01,0.3389423076923077,1.0216346153846154
Vancouver,2024-11-02,0.36768149882903983,1.0960187353629978
Vancouver,2024-11-03,0.33874709976798145,0.8097447795823666
Vancouver,2024-11-04,0.3473193473193473,0.9393939393939394
Vancouver,2024-11-05,0.3253588516746411,0.937799043062201
Vancouver,2024-11-06,0.341645885286783,1.0448877805486285
Vancouver,2024-11-07,0.35148514851485146,1.146039603960396
Vancouver,2024-11-08,0.3523573200992556,1.1885856079404467
Vancouver,2024-11-09,0.33,0.91
Vancouver,2024-11-10,0.34595959595959597,0.9040404040404041
Vancouver,2024-11-11,0.3082706766917293,0.6867167919799498
Vancouver,2024-11-12,0.32439024390243903,0.848780487804878
Vancouver,2024-11-13,0.33496332518337407,0.8753056234718827
Vancouver,2024-11-14,0.3613861386138614,0.9925742574257426
Vancouver,2024-11-15,0.3559322033898305,1.0532687651331718
Vancouver,2024-11-16,0.37259615384615385,1.0216346153846154
Vancouver,2024-11-17,0.37176470588235294,1.0258823529411765
Vancouver,2024-11-18,0.3405639913232104,0.8590021691973969
Vancouver,2024-11-19,0.35443037974683544,0.9156118143459916
Vancouver,2024-11-20,0.3577586206896552,1.103448275862069
Vancouver,2024-11-21,0.33405172413793105,1.0905172413793103
Vancouver,2024-11-22,0.35909090909090907,1.0295454545454545
Vancouver,2024-11-23,0.3643031784841076,1.1393643031784841
Vancouver,2024-11-24,0.3604060913705584,0.8934010152284264
Vancouver,2024-11-25,0.35175879396984927,1.0778894472361809
Vancouver,2024-11-26,0.3640897755610973,1.0723192019950125
Vancouver,2024-11-27,0.3786407766990291,1.0315533980582525
Vancouver,2024-11-28,0.3415841584158416,0.9777227722772277
Vancouver,2024-11-29,0.38461538461538464,1.117948717948718
Vancouver,2024-11-30,0.3492957746478873,0.9436619718309859
Vancouver,2024-12-01,0.3531073446327684,0.731638418079096
Vancouver,2024-12-02,0.3471502590673575,0.9766839378238342
Vancouver,2024-12-03,0.37209302325581395,1.0232558139534884
Vancouver,2024-12-04,0.3756218905472637,1.171641791044776
Vancouver,2024-12-05,0.37411764705882355,1.0376470588235294
Vancouver,2024-12-06,0.42362525458248473,1.2932790224032586
Vancouver,2024-12-07,0.45,1.396
Vancouver,2024-12-08,0.49206349206349204,1.435374149659864
Vancouver,2024-12-09,0.3847980997624703,1.154394299287411
Vancouver,2024-12-10,0.3315068493150685,1.0246575342465754
Vancouver,2024-12-11,0.363395225464191,1.1140583554376657
Vancouver,2024-12-12,0.35135135135135137,1.0864864864864865
Vancouver,2024-12-13,0.3385012919896641,1.0310077519379846
Vancouver,2024-12-14,0.3333333333333333,0.7888040712468194
Vancouver,2024-12-15,0.337696335078534,0.7486910994764397
Vancouver,2024-12-16,0.3333333333333333,0.8319783197831978
Vancouver,2024-12-17,0.3628808864265928,0.9806094182825484
Vancouver,2024-12-18,0.3774104683195592,1.0165289256198347
Vancouver,2024-12-19,0.34139784946236557,0.9489247311827957
Vancouver,2024-12-20,0.3404255319148936,0.9574468085106383
Vancouver,2024-12-21,0.3203342618384401,0.9025069637883009
Vancouver,2024-12-22,0.2942708333333333,0.6588541666666666
Vancouver,2024-12-23,0.3193717277486911,0.8429319371727748
Vancouver,2024-12-24,0.30831099195710454,0.8176943699731903
Vancouver,2024-12-25,0.2920353982300885,0.5752212389380531
Vancouver,2024-12-26,0.3149171270718232,0.7430939226519337
Vancouver,2024-12-27,0.3582474226804124,0.8582474226804123
Vancouver,2024-12-28,0.3201058201058201,0.8412698412698413
Vancouver,2024-12-29,0.34065934065934067,0.7994505494505495
Vancouver,2024-12-30,0.3226744186046512,0.7732558139534884
Vancouver,2024-12-31,0.3445378151260504,0.834733893557423
Vancouver,2025-01-01,0.332378223495702,0.6848137535816619
Vancouver,2025-01-02,0.332378223495702,0.8739255014326648
Vancouver,2025-01-03,0.35097493036211697,0.9303621169916435
Vancouver,2025-01-04,0.32285714285714284,0.7314285714285714
Vancouver,2025-01-05,0.3474320241691843,0.743202416918429
Vancouver,2025-01-06,0.32456140350877194,0.8070175438596491
Vancouver,2025-01-07,0.3391812865497076,0.9210526315789473
Vancouver,2025-01-08,0.3389830508474576,0.9548022598870056
Vancouver,2025-01-09,0.33791208791208793,0.9203296703296703
Vancouver,2025-01-10,0.3693181818181818,1.0198863636363635
Vancouver,2025-01-11,0.35294117647058826,0.8264705882352941
Vancouver,2025-01-12,0.34234234234234234,0.7897897897897898
Vancouver,2025-01-13,0.3282674772036474,0.9057750759878419
Vancouver,2025-01-14,0.31384615384615383,0.8430769230769231
Vancouver,2025-01-15,0.33229813664596275,0.8975155279503105
Vancouver,2025-01-16,0.3531073446327684,0.9152542372881356
Vancouver,2025-01-17,0.3778409090909091,1.0681818181818181
Vancouver,2025-01-18,0.34,0.8171428571428572
Vancouver,2025-01-19,0.34540389972144847,0.6908077994428969
Vancouver,2025-01-20,0.33516483516483514,0.9368131868131868
Vancouver,2025-01-21,0.3515850144092219,0.9164265129682997
Vancouver,2025-01-22,0.3247863247863248,1.0085470085470085
Vancouver,2025-01-23,0.34104046242774566,0.9017341040462428
Vancouver,2025-01-24,0.34202898550724636,0.8753623188405797
Vancouver,2025-01-25,0.34234234234234234,0.8708708708708709
Vancouver,2025-01-26,0.3509933774834437,0.7847682119205298
Vancouver,2025-01-27,0.3374233128834356,0.8251533742331288
Vancouver,2025-01-28,0.34293948126801155,0.8414985590778098
Vancouver,2025-01-29,0.3050397877984085,0.7374005305039788
Vancouver,2025-01-30,0.3182957393483709,0.8395989974937343
Vancouver,2025-01-31,0.34102564102564104,0.7692307692307693
Vancouver,2025-02-01,0.3333333333333333,0.8935574229691877
Vancouver,2025-02-02,0.27887323943661974,0.6309859154929578
Vancouver,2025-02-03,0.3188405797101449,0.8028985507246377
Vancouver,2025-02-04,0.315028901734104,0.7543352601156069
Vancouver,2025-02-05,0.31129476584022037,0.8126721763085399
Vancouver,2025-02-06,0.33903133903133903,0.8689458689458689
Vancouver,2025-02-07,0.35656836461126007,0.9758713136729222
Vancouver,2025-02-08,0.3586387434554974,0.9214659685863874
Vancouver,2025-02-09,0.3313953488372093,0.7965116279069767
Vancouver,2025-02-10,0.3254437869822485,0.8579881656804734
Vancouver,2025-02-11,0.32608695652173914,0.953416149068323
Vancouver,2025-02-12,0.3342857142857143,0.9114285714285715
Vancouver,2025-02-13,0.3112391930835735,0.9164265129682997
Vancouver,2025-02-14,0.3165266106442577,0.9299719887955182
Vancouver,2025-02-15,0.34328358208955223,0.8955223880597015
Vancouver,2025-02-16,0.34782608695652173,0.9037267080745341
Vancouver,2025-02-17,0.3333333333333333,0.7857142857142857
Vancouver,2025-02-18,0.3362573099415205,0.9473684210526315
Vancouver,2025-02-19,0.325,0.8638888888888889
Vancouver,2025-02-20,0.32193732193732194,0.9601139601139601
Vancouver,2025-02-21,0.3232876712328767,0.9671232876712329
Vancouver,2025-02-22,0.3170731707317073,0.8509485094850948
Vancouver,2025-02-23,0.3269230769230769,0.7527472527472527
Vancouver,2025-02-24,0.29941860465116277,0.8372093023255814
Vancouver,2025-02-25,0.2883435582822086,0.8067484662576687
Vancouver,2025-02-26,0.31547619047619047,0.875
Vancouver,2025-02-27,0.336283185840708,0.9085545722713865
Vancouver,2025-02-28,0.363914373088685,1.036697247706422
Vancouver,2025-03-01,0.3159509202453988,0.9478527607361963
Vancouver,2025-03-02,0.2993827160493827,0.7345679012345679
Vancouver,2025-03-03,0.31085043988269795,0.8005865102639296
Vancouver,2025-03-04,0.32298136645962733,0.9254658385093167
Vancouver,2025-03-05,0.3235294117647059,0.9205882352941176
Vancouver,2025-03-06,0.34310850439882695,0.9530791788856305
Vancouver,2025-03-07,0.34173669467787116,0.9775910364145658
Vancouver,2025-03-08,0.2949061662198391,0.7667560321715817
Vancouver,2025-03-09,0.2958579881656805,0.7692307692307693
Vancouver,2025-03-10,0.31054131054131057,0.7977207977207977
Vancouver,2025-03-11,0.3100303951367781,0.8571428571428571
Vancouver,2025-03-12,0.31176470588235294,0.8323529411764706
Vancouver,2025-03-13,0.3392857142857143,0.8988095238095238
Vancouver,2025-03-14,0.3236994219653179,0.8757225433526011
Vancouver,2025-03-15,0.34202898550724636,0.7971014492753623
Vancouver,2025-03-16,0.3236994219653179,0.7774566473988439
Vancouver,2025-03-17,0.3504823151125402,0.8842443729903537
Vancouver,2025-03-18,0.2962962962962963,0.8425925925925926
Vancouver,2025-03-19,0.3241590214067278,0.8195718654434251
Vancouver,2025-03-20,0.35276967930029157,0.8104956268221575
Vancouver,2025-03-21,0.31871345029239767,0.8157894736842105
Vancouver,2025-03-22,0.36503067484662577,1.0552147239263803
Vancouver,2025-03-23,0.3035143769968051,0.7284345047923323
Vancouver,2025-03-24,0.2978723404255319,0.7203647416413373
Vancouver,2025-03-25,0.29376854599406527,0.8100890207715133
Vancouver,2025-03-26,0.28023598820059,0.7492625368731564
Vancouver,2025-03-27,0.3123209169054441,0.9770773638968482
Vancouver,2025-03-28,0.3240223463687151,0.8687150837988827
Vancouver,2025-03-29,0.3236994219653179,0.8641618497109826
Vancouver,2025-03-30,0.31179775280898875,0.7893258426966292
Vancouver,2025-03-31,0.32285714285714284,0.7971428571428572
Vancouver,2025-04-01,0.31843575418994413,0.8854748603351955
Vancouver,2025-04-02,0.323943661971831,0.8704225352112676
Vancouver,2025-04-03,0.3068181818181818,0.8778409090909091
Vancouver,2025-04-04,0.3268698060941828,0.8808864265927978
Vancouver,2025-04-05,0.3524590163934426,1.0081967213114753
Vancouver,2025-04-06,0.3342696629213483,0.7612359550561798
Vancouver,2025-04-07,0.34110787172011664,0.8221574344023324
Vancouver,2025-04-08,0.3303030303030303,0.8787878787878788
Vancouver,2025-04-09,0.3372093023255814,0.9418604651162791
Vancouver,2025-04-10,0.3159420289855073,0.9159420289855073
Vancouver,2025-04-11,0.3371104815864023,0.9121813031161473
Vancouver,2025-04-12,0.34492753623188405,1.0115942028985507
Vancouver,2025-04-13,0.32507739938080493,0.826625386996904
Vancouver,2025-04-14,0.3416149068322981,0.9347826086956522
Vancouver,2025-04-15,0.36151603498542273,1.0145772594752187
Vancouver,2025-04-16,0.37777777777777777,1.1444444444444444
Vancouver,2025-04-17,0.36033519553072624,1.0698324022346368
Vancouver,2025-04-18,0.35435435435435436,0.96996996996997
Vancouver,2025-04-19,0.3282674772036474,0.9179331306990881
Vancouver,2025-04-20,0.3213213213213213,0.8888888888888888
Vancouver,2025-04-21,0.3304093567251462,0.9970760233918129
Vancouver,2025-04-22,0.38392857142857145,1.1220238095238095
Vancouver,2025-04-23,0.3285302593659942,0.9365994236311239
Vancouver,2025-04-24,0.3242424242424242,0.9636363636363636
Vancouver,2025-04-25,0.3562874251497006,1.0179640718562875
Vancouver,2025-04-26,0.3157894736842105,0.956140350877193
Vancouver,2025-04-27,0.2953846153846154,0.803076923076923
Vancouver,2025-04-28,0.2994011976047904,0.6976047904191617
Vancouver,2025-04-29,0.33433734939759036,1.0030120481927711
Vancouver,2025-04-30,0.33810888252148996,1.0372492836676217
Vancouver,2025-05-01,0.3132530120481928,0.9487951807228916
Vancouver,2025-05-02,0.353125,1.05
Vancouver,2025-05-03,0.36024844720496896,0.9285714285714286
Vancouver,2025-05-04,0.3564954682779456,1.0030211480362539
Vancouver,2025-05-05,0.33620689655172414,0.9683908045977011
Vancouver,2025-05-06,0.34545454545454546,0.9363636363636364
Vancouver,2025-05-07,0.34705882352941175,0.9970588235294118
Vancouver,2025-05-08,0.3684210526315789,1.1198830409356726
Vancouver,2025-05-09,0.38440111420612816,1.2116991643454038
Vancouver,2025-05-10,0.36962750716332377,1.2263610315186246
Vancouver,2025-05-11,0.37534246575342467,1.0547945205479452
Vancouver,2025-05-12,0.3687315634218289,1.008849557522124
Vancouver,2025-05-13,0.36036036036036034,1.027027027027027
Vancouver,2025-05-14,0.35119047619047616,0.9672619047619048
Vancouver,2025-05-15,0.34718100890207715,0.9495548961424333
Vancouver,2025-05-16,0.38591549295774646,1.047887323943662
Vancouver,2025-05-17,0.35694050991501414,0.9178470254957507
Vancouver,2025-05-18,0.3644067796610169,1.0056497175141244
Vancouver,2025-05-19,0.35428571428571426,0.8628571428571429
Vancouver,2025-05-20,0.3277777777777778,0.8777777777777778
Vancouver,2025-05-21,0.3480825958702065,1.0412979351032448
Vancouver,2025-05-22,0.36470588235294116,1.1
Vancouver,2025-05-23,0.4155124653739612,1.1911357340720221
Vancouver,2025-05-24,0.3686868686868687,1.1691919191919191
Vancouver,2025-05-25,0.3574468085106383,0.8404255319148937
Vancouver,2025-05-26,0.3235294117647059,0.9058823529411765
Vancouver,2025-05-27,0.3443579766536965,1.0992217898832686
Vancouver,2025-05-28,0.33879781420765026,1.0546448087431695
Vancouver,2025-05-29,0.35379061371841153,1.0703971119133573
Vancouver,2025-05-30,0.36185383244206776,1.0017825311942958
Vancouver,2025-05-31,0.3555166374781086,1.031523642732049
Vancouver,2025-06-01,0.308529945553539,0.8983666061705989
Vancouver,2025-06-02,0.31886792452830187,0.8660377358490566
Vancouver,2025-06-03,0.3288201160541586,0.7949709864603481
Vancouver,2025-06-04,0.30097087378640774,0.8213592233009709
Vancouver,2025-06-05,0.31190926275992437,0.9697542533081286
Vancouver,2025-06-06,0.33460076045627374,0.9486692015209125
Vancouver,2025-06-07,0.35424354243542433,0.996309963099631
Vancouver,2025-06-08,0.3333333333333333,0.9523809523809523
Vancouver,2025-06-09,0.33025830258302585,0.9169741697416974
Vancouver,2025-06-10,0.3088235294117647,0.9044117647058824
Vancouver,2025-06-11,0.33634719710669075,0.9240506329113924
Vancouver,2025-06-12,0.3156934306569343,0.8558394160583942
Vancouver,2025-06-13,0.35384615384615387,0.9982905982905983
Vancouver,2025-06-14,0.35650623885918004,0.9322638146167558
Vancouver,2025-06-15,0.3644366197183099,0.903169014084507
Vancouver,2025-06-16,0.3507853403141361,0.9075043630017452
Vancouver,2025-06-17,0.3409090909090909,0.8968531468531469
Vancouver,2025-06-18,0.32456140350877194,0.7947368421052632
Vancouver,2025-06-19,0.33217391304347826,0.951304347826087
Vancouver,2025-06-20,0.36363636363636365,1.077922077922078
Vancouver,2025-06-21,0.3592400690846287,1.077720207253886
Vancouver,2025-06-22,0.34655172413793106,0.9741379310344828
Vancouver,2025-06-23,0.3202725724020443,0.8603066439522998
Vancouver,2025-06-24,0.338409475465313,0.9543147208121827
Vancouver,2025-06-25,0.33277591973244147,0.903010033444816
Vancouver,2025-06-26,0.3525423728813559,0.9440677966101695
Vancouver,2025-06-27,0.3795986622073579,1.080267558528428
Vancouver,2025-06-28,0.35575221238938054,1.0407079646017698
Vancouver,2025-06-29,0.36764705882352944,1.0238970588235294
Vancouver,2025-06-30,0.31261101243339257,0.8685612788632326
Vancouver,2025-07-01,0.30642201834862387,0.8697247706422019
Vancouver,2025-07-02,0.3229706390328152,0.9015544041450777
Vancouver,2025-07-03,0.37142857142857144,1.157983193277311
Vancouver,2025-07-04,0.38977635782747605,1.266773162939297
Vancouver,2025-07-05,0.39805825242718446,1.2993527508090614
Vancouver,2025-07-06,0.35784313725490197,1.0571895424836601
Vancouver,2025-07-07,0.3301282051282051,0.9134615384615384
Vancouver,2025-07-08,0.3501628664495114,0.8322475570032574
Vancouver,2025-07-09,0.3518821603927987,0.9296235679214403
Vancouver,2025-07-10,0.33814102564102566,0.8701923076923077
Vancouver,2025-07-11,0.33037300177619894,0.9786856127886323
Vancouver,2025-07-12,0.3825503355704698,0.9865771812080537
Vancouver,2025-07-13,0.3780487804878049,1.0341463414634147
Vancouver,2025-07-14,0.3620689655172414,1.041871921182266
Vancouver,2025-07-15,0.3609625668449198,1.018716577540107
Vancouver,2025-07-16,0.3676092544987147,1.0899742930591259
Vancouver,2025-07-17,0.353887399463807,1.0375335120643432
Vancouver,2025-07-18,0.3872549019607843,1.2279411764705883
Vancouver,2025-07-19,0.40852130325814534,1.3032581453634084
Vancouver,2025-07-20,0.36923076923076925,1.0666666666666667
Vancouver,2025-07-21,0.3393782383419689,1.0595854922279793
Vancouver,2025-07-22,0.3712737127371274,1.1382113821138211
Vancouver,2025-07-23,0.39690721649484534,1.0695876288659794
Vancouver,2025-07-24,0.4067357512953368,1.2512953367875648
Vancouver,2025-07-25,0.39054726368159204,1.1343283582089552
Vancouver,2025-07-26,0.4213197969543147,1.3629441624365481
Vancouver,2025-07-27,0.4154228855721393,1.1766169154228856
Vancouver,2025-07-28,0.40105540897097625,1.1345646437994723
Vancouver,2025-07-29,0.40217391304347827,1.127717391304348
Vancouver,2025-07-30,0.36813186813186816,1.043956043956044
Vancouver,2025-07-31,0.3651226158038147,1.2043596730245232
Vancouver,2025-08-01,0.43783783783783786,1.472972972972973
Vancouver,2025-08-02,0.4077922077922078,1.3688311688311687
Vancouver,2025-08-03,0.43333333333333335,1.4333333333333333
Vancouver,2025-08-04,0.3693181818181818,1.0085227272727273
Vancouver,2025-08-05,0.4010416666666667,1.078125
Vancouver,2025-08-06,0.40443213296398894,0.9695290858725761
Vancouver,2025-08-07,0.3959537572254335,1.1011560693641618
Vancouver,2025-08-08,0.4114441416893733,1.125340599455041
Vancouver,2025-08-09,0.455012853470437,1.3239074550128536
Vancouver,2025-08-10,0.41414141414141414,1.356060606060606
Vancouver,2025-08-11,0.419811320754717,1.304245283018868
Vancouver,2025-08-12,0.4079601990049751,1.3781094527363185
Vancouver,2025-08-13,0.41116751269035534,1.2030456852791878
Vancouver,2025-08-14,0.39598997493734334,1.2255639097744362
Vancouver,2025-08-15,0.4116161616161616,1.0176767676767677
Vancouver,2025-08-16,0.4087403598971722,1.2005141388174807
Vancouver,2025-08-17,0.41494845360824745,1.115979381443299
Vancouver,2025-08-18,0.3873626373626374,1.195054945054945
Vancouver,2025-08-19,0.4056338028169014,1.208450704225352
Vancouver,2025-08-20,0.4005305039787798,1.1803713527851458
Vancouver,2025-08-21,0.39528795811518325,1.112565445026178
Vancouver,2025-08-22,0.41624365482233505,1.2055837563451777
Vancouver,2025-08-23,0.4175257731958763,1.1623711340206186
Vancouver,2025-08-24,0.37604456824512533,1.1671309192200556
Vancouver,2025-08-25,0.3684210526315789,1.0526315789473684
Vancouver,2025-08-26,0.3502824858757062,0.9124293785310734
Vancouver,2025-08-27,0.3626062322946176,0.9178470254957507
Vancouver,2025-08-28,0.3651685393258427,0.9859550561797753
Vancouver,2025-08-29,0.40463917525773196,1.0902061855670102
Vancouver,2025-08-30,0.4441489361702128,1.324468085106383
Vancouver,2025-08-31,0.4025641025641026,1.1384615384615384
Vancouver,2025-09-01,0.36768802228412256,1.0863509749303621
Vancouver,2025-09-02,0.3657142857142857,1.14
Vancouver,2025-09-03,0.3793103448275862,1.1644562334217508
Vancouver,2025-09-04,0.3951612903225806,1.118279569892473
Vancouver,2025-09-05,0.42159383033419023,1.3033419023136248
Vancouver,2025-09-06,0.3769230769230769,0.9846153846153847
Vancouver,2025-09-07,0.37922077922077924,1.0077922077922077
Vancouver,2025-09-08,0.37209302325581395,1.1162790697674418
Vancouver,2025-09-09,0.34626865671641793,0.982089552238806
Vancouver,2025-09-10,0.36503067484662577,0.9171779141104295
Vancouver,2025-09-11,0.33613445378151263,0.7703081232492998
Vancouver,2025-09-12,0.3684210526315789,1.0166204986149585
Vancouver,2025-09-13,0.3746630727762803,1.0107816711590296
Vancouver,2025-09-14,0.3655913978494624,1.0483870967741935
Vancouver,2025-09-15,0.3746556473829201,0.9944903581267218
Vancouver,2025-09-16,0.34831460674157305,0.9129213483146067
Vancouver,2025-09-17,0.3573487031700288,0.9510086455331412
Vancouver,2025-09-18,0.3323442136498516,0.8783382789317508
Vancouver,2025-09-19,0.37950138504155123,1.0221606648199446
Vancouver,2025-09-20,0.34195402298850575,0.9137931034482759
Vancouver,2025-09-21,0.3423913043478261,0.8641304347826086
Vancouver,2025-09-22,0.3903133903133903,1.0797720797720798
Vancouver,2025-09-23,0.3945945945945946,1.0
Vancouver,2025-09-24,0.35904255319148937,1.002659574468085
Vancouver,2025-09-25,0.3682795698924731,1.0456989247311828
Vancouver,2025-09-26,0.4143222506393862,1.1406649616368287
Vancouver,2025-09-27,0.4028776978417266,1.1726618705035972
Vancouver,2025-09-28,0.3684210526315789,1.0933014354066986
Vancouver,2025-09-29,0.3549107142857143,0.8816964285714286
Vancouver,2025-09-30,0.28602620087336245,0.631004366812227
Vancouver,2025-10-01,0.35589941972920697,0.7736943907156673
Vancouver,2025-10-02,0.32976827094474154,0.7290552584670231
Vancouver,2025-10-03,0.32068965517241377,0.7844827586206896
Vancouver,2025-10-04,0.3265625,0.7890625
Vancouver,2025-10-05,0.2901907356948229,0.6662125340599455
Vancouver,2025-10-06,0.3062730627306273,0.6580565805658056
Vancouver,2025-10-07,0.3086269744835966,0.7023086269744836
Vancouver,2025-10-08,0.3165137614678899,0.6135321100917431
Vancouver,2025-10-09,0.3,0.6534090909090909
Vancouver,2025-10-10,0.30303030303030304,0.6386083052749719
Vancouver,2025-10-11,0.3,0.6493975903614457
Vancouver,2025-10-12,0.2607683352735739,0.540162980209546
Vancouver,2025-10-13,0.24865446716899892,0.5296017222820237
Vancouver,2025-10-14,0.28672032193158953,0.6146881287726358
Vancouver,2025-10-15,0.30962343096234307,0.6914225941422594
Vancouver,2025-10-16,0.30761316872427985,0.6882716049382716
Vancouver,2025-10-17,0.30522088353413657,0.6897590361445783
Vancouver,2025-10-18,0.2916666666666667,0.5666666666666667
Vancouver,2025-10-19,0.2489451476793249,0.46624472573839665
Vancouver,2025-10-20,0.2702952029520295,0.5009225092250923
Vancouver,2025-10-21,0.29476584022038566,0.6005509641873278
Vancouver,2025-10-22,0.2766544117647059,0.5477941176470589
Vancouver,2025-10-23,0.29017447199265384,0.566574839302112
Vancouver,2025-10-24,0.2833333333333333,0.5558823529411765
Vancouver,2025-10-25,0.24,0.511219512195122
Vancouver,2025-10-26,0.25269343780607245,0.4691478942213516
Vancouver,2025-10-27,0.2770758122743682,0.5279783393501805
Vancouver,2025-10-28,0.27592425608656446,0.5770964833183048
Vancouver,2025-10-29,0.27906976744186046,0.556350626118068
Vancouver,2025-10-30,0.2784458834412581,0.5541165587419057
Vancouver,2025-10-31,0.2714285714285714,0.5866666666666667
Vancouver,2025-11-01,0.24924924924924924,0.5175175175175175
Vancouver,2025-11-02,0.24514811031664965,0.4586312563840654
Vancouver,2025-11-03,0.26360225140712945,0.50187617260788
Vancouver,2025-11-04,0.27533460803059273,0.5076481835564054
Vancouver,2025-11-05,0.28101503759398494,0.568609022556391
Vancouver,2025-11-06,0.27014218009478674,0.5630331753554503
Vancouver,2025-11-07,0.28857715430861725,0.5731462925851704
Vancouver,2025-11-08,0.2678751258811682,0.552870090634441
Vancouver,2025-11-09,0.24109867751780265,0.491353001017294
Vancouver,2025-11-10,0.27406679764243613,0.550098231827112
Vancouver,2025-11-11,0.2457200402819738,0.446122860020141
Vancouver,2025-11-12,0.27012025901942643,0.5356151711378353
Vancouver,2025-11-13,0.2727272727272727,0.5269016697588126
Vancouver,2025-11-14,0.2666043030869972,0.5051449953227315
Vancouver,2025-11-15,0.2595494613124388,0.48677766895200786
Vancouver,2025-11-16,0.22502424830261883,0.42580019398642094
Vancouver,2025-11-17,0.2762478485370052,0.49827882960413084
Vancouver,2025-11-18,0.27574468085106385,0.5302127659574468
Vancouver,2025-11-19,0.28161888701517707,0.5564924114671164
Vancouver,2025-11-20,0.2749786507258753,0.555935098206661
Vancouver,2025-11-21,0.2822085889570552,0.5328659070990359
Vancouver,2025-11-22,0.2534435261707989,0.49127640036730946
Vancouver,2025-11-23,0.23212627669452182,0.5023212627669452
Vancouver,2025-11-24,0.27218934911242604,0.5283178360101437
Vancouver,2025-11-25,0.2804578904333606,0.5388389206868357
Vancouver,2025-11-26,0.27835880933226065,0.5551086082059533
Vancouver,2025-11-27,0.2595918367346939,0.5224489795918368
Vancouver,2025-11-28,0.2847457627118644,0.5898305084745763
Vancouver,2025-11-29,0.25464684014869887,0.5176579925650557
Vancouver,2025-11-30,0.23363636363636364,0.4590909090909091
Vancouver,2025-12-01,0.24508966695132364,0.5012809564474808
Vancouver,2025-12-02,0.2581182348043297,0.5345545378850958
Vancouver,2025-12-03,0.28823529411764703,0.6134453781512605
Vancouver,2025-12-04,0.29141886151231944,0.5615972812234494
Vancouver,2025-12-05,0.296195652173913,0.572463768115942
Vancouver,2025-12-06,0.2783985102420857,0.5735567970204841
Vancouver,2025-12-07,0.26277372262773724,0.5063868613138686
Vancouver,2025-12-08,0.2775405636208369,0.5550811272416738
Vancouver,2025-12-09,0.27091963545981773,0.5683512841756421
Vancouver,2025-12-10,0.2756357670221493,0.5258408531583265
Vancouver,2025-12-11,0.2931893687707641,0.6013289036544851
Vancouver,2025-12-12,0.2825311942959002,0.5686274509803921
Vancouver,2025-12-13,0.2666034155597723,0.5170777988614801
Vancouver,2025-12-14,0.24403669724770644,0.43119266055045874
Vancouver,2025-12-15,0.26955074875207985,0.48835274542429286
Vancouver,2025-12-16,0.2572614107883817,0.4896265560165975
Vancouver,2025-12-17,0.26563769293257516,0.5361494719740049
Vancouver,2025-12-18,0.27310574521232306,0.5328892589508742
Vancouver,2025-12-19,0.2838196286472148,0.5473032714412025
Vancouver,2025-12-20,0.2596685082872928,0.5
Vancouver,2025-12-21,0.2484134179510426,0.48957388939256574
Vancouver,2025-12-22,0.26588628762541805,0.56438127090301
Vancouver,2025-12-23,0.26631853785900783,0.5726718885987816
Vancouver,2025-12-24,0.24390243902439024,0.49853658536585366
Vancouver,2025-12-25,0.2130242825607064,0.3620309050772627
Vancouver,2025-12-26,0.23883696780893043,0.46105919003115264
Vancouver,2025-12-27,0.2574055158324821,0.5045965270684372
Vancouver,2025-12-28,0.23076923076923078,0.4533333333333333
Vancouver,2025-12-29,0.2507015902712816,0.5126286248830683
Vancouver,2025-12-30,0.2514018691588785,0.5177570093457944
Vancouver,2025-12-31,0.25475285171102663,0.49429657794676807
Winnipeg,2023-01-01,0.8975741239892183,2.261455525606469
Winnipeg,2023-01-02,0.9088541666666666,2.65625
Winnipeg,2023-01-03,0.8883248730964467,2.972081218274112
Winnipeg,2023-01-04,0.9031413612565445,3.0104712041884816
Winnipeg,2023-01-05,0.9215189873417722,3.2253164556962024
Winnipeg,2023-01-06,0.9244791666666666,3.0807291666666665
Winnipeg,2023-01-07,0.8888888888888888,2.791005291005291
Winnipeg,2023-01-08,0.8783783783783784,2.497297297297297
Winnipeg,2023-01-09,0.8970976253298153,3.063324538258575
Winnipeg,2023-01-10,0.8872180451127819,3.142857142857143
Winnipeg,2023-01-11,0.8955613577023499,3.0652741514360313
Winnipeg,2023-01-12,0.9027027027027027,3.0432432432432432
Winnipeg,2023-01-13,0.8945945945945946,3.151351351351351
Winnipeg,2023-01-14,0.8814432989690721,2.827319587628866
Winnipeg,2023-01-15,0.8844086021505376,2.7123655913978495
Winnipeg,2023-01-16,0.884318766066838,3.06426735218509
Winnipeg,2023-01-17,0.9018567639257294,3.0397877984084882
Winnipeg,2023-01-18,0.8904109589041096,3.0904109589041098
Winnipeg,2023-01-19,0.8859416445623343,3.1538461538461537
Winnipeg,2023-01-20,0.9126760563380282,3.369014084507042
Winnipeg,2023-01-21,0.8861111111111111,2.8805555555555555
Winnipeg,2023-01-22,0.8801089918256131,2.5286103542234333
Winnipeg,2023-01-23,0.9027777777777778,3.136111111111111
Winnipeg,2023-01-24,0.8831521739130435,3.198369565217391
Winnipeg,2023-01-25,0.8644986449864499,3.178861788617886
Winnipeg,2023-01-26,0.8911917098445595,3.1036269430051813
Winnipeg,2023-01-27,0.8972431077694235,3.1052631578947367
Winnipeg,2023-01-28,0.8977556109725686,2.773067331670823
Winnipeg,2023-01-29,0.8783068783068783,2.5185185185185186
Winnipeg,2023-01-30,0.8955613577023499,3.0678851174934727
Winnipeg,2023-01-31,0.9027027027027027,3.1135135135135137
Winnipeg,2023-02-01,0.8759894459102903,3.100263852242744
Winnipeg,2023-02-02,0.8870967741935484,3.1155913978494625
Winnipeg,2023-02-03,0.9146005509641874,3.3774104683195594
Winnipeg,2023-02-04,0.8904109589041096,2.904109589041096
Winnipeg,2023-02-05,0.8796561604584527,2.7478510028653296
Winnipeg,2023-02-06,0.8904899135446686,3.2247838616714697
Winnipeg,2023-02-07,0.9093567251461988,3.263157894736842
Winnipeg,2023-02-08,0.9017857142857143,3.386904761904762
Winnipeg,2023-02-09,0.9098837209302325,3.313953488372093
Winnipeg,2023-02-10,0.9206798866855525,3.4475920679886687
Winnipeg,2023-02-11,0.8939393939393939,3.0606060606060606
Winnipeg,2023-02-12,0.8967551622418879,2.5368731563421827
Winnipeg,2023-02-13,0.9183673469387755,3.317784256559767
Winnipeg,2023-02-14,0.9048991354466859,3.4236311239193085
Winnipeg,2023-02-15,0.907563025210084,3.3137254901960786
Winnipeg,2023-02-16,0.903954802259887,3.463276836158192
Winnipeg,2023-02-17,0.886685552407932,3.518413597733711
Winnipeg,2023-02-18,0.8888888888888888,3.1481481481481484
Winnipeg,2023-02-19,0.8840579710144928,2.744927536231884
Winnipeg,2023-02-20,0.8651026392961877,2.4252199413489737
Winnipeg,2023-02-21,0.8941504178272981,3.2506963788300838
Winnipeg,2023-02-22,0.8736263736263736,3.3076923076923075
Winnipeg,2023-02-23,0.899135446685879,3.521613832853026
Winnipeg,2023-02-24,0.8933333333333333,3.44
Winnipeg,2023-02-25,0.8936781609195402,2.9339080459770117
Winnipeg,2023-02-26,0.8978978978978979,2.750750750750751
Winnipeg,2023-02-27,0.9057750759878419,3.234042553191489
Winnipeg,2023-02-28,0.8909657320872274,3.364485981308411
Winnipeg,2023-03-01,0.8892215568862275,3.374251497005988
Winnipeg,2023-03-02,0.8895348837209303,3.104651162790698
Winnipeg,2023-03-03,0.882183908045977,3.353448275862069
Winnipeg,2023-03-04,0.8825396825396825,3.149206349206349
Winnipeg,2023-03-05,0.8693009118541033,2.452887537993921
Winnipeg,2023-03-06,0.8837920489296636,2.9571865443425076
Winnipeg,2023-03-07,0.8980891719745223,2.968152866242038
Winnipeg,2023-03-08,0.8821752265861027,2.930513595166163
Winnipeg,2023-03-09,0.8768328445747801,3.102639296187683
Winnipeg,2023-03-10,0.8764044943820225,2.99438202247191
Winnipeg,2023-03-11,0.8936781609195402,2.8160919540229883
Winnipeg,2023-03-12,0.890282131661442,2.5047021943573666
Winnipeg,2023-03-13,0.8689024390243902,2.9542682926829267
Winnipeg,2023-03-14,0.889937106918239,3.2547169811320753
Winnipeg,2023-03-15,0.8930817610062893,3.4276729559748427
Winnipeg,2023-03-16,0.9033232628398792,3.2628398791540785
Winnipeg,2023-03-17,0.8966565349544073,3.337386018237082
Winnipeg,2023-03-18,0.9035369774919614,2.8810289389067525
Winnipeg,2023-03-19,0.8685897435897436,2.516025641025641
Winnipeg,2023-03-20,0.8944099378881988,3.040372670807453
Winnipeg,2023-03-21,0.8730650154798761,3.1145510835913313
Winnipeg,2023-03-22,0.8821752265861027,3.1963746223564953
Winnipeg,2023-03-23,0.9090909090909091,3.1818181818181817
Winnipeg,2023-03-24,0.9044585987261147,3.3503184713375798
Winnipeg,2023-03-25,0.912621359223301,3.103559870550162
Winnipeg,2023-03-26,0.8855218855218855,2.68013468013468
Winnipeg,2023-03-27,0.8825503355704698,2.9328859060402683
Winnipeg,2023-03-28,0.8825503355704698,3.1442953020134228
Winnipeg,2023-03-29,0.8859934853420195,3.035830618892508
Winnipeg,2023-03-30,0.881578947368421,3.2203947368421053
Winnipeg,2023-03-31,0.8905325443786982,3.035502958579882
Winnipeg,2023-04-01,0.8764367816091954,2.67816091954023
Winnipeg,2023-04-02,0.855191256830601,2.4836065573770494
Winnipeg,2023-04-03,0.8701298701298701,2.8363636363636364
Winnipeg,2023-04-04,0.8574821852731591,2.857482185273159
Winnipeg,2023-04-05,0.876010781671159,2.792452830188679
Winnipeg,2023-04-06,0.8947368421052632,3.365650969529086
Winnipeg,2023-04-07,0.9085365853658537,2.8109756097560976
Winnipeg,2023-04-08,0.9151515151515152,3.1
Winnipeg,2023-04-09,0.891640866873065,2.5975232198142413
Winnipeg,2023-04-10,0.9164086687306502,3.08359133126935
Winnipeg,2023-04-11,0.9101449275362319,3.0956521739130434
Winnipeg,2023-04-12,0.888235294117647,3.176470588235294
Winnipeg,2023-04-13,0.9047619047619048,3.2857142857142856
Winnipeg,2023-04-14,0.9127906976744186,3.186046511627907
Winnipeg,2023-04-15,0.9176470588235294,2.9676470588235295
Winnipeg,2023-04-16,0.879154078549849,2.930513595166163
Winnipeg,2023-04-17,0.8716577540106952,2.8850267379679146
Winnipeg,2023-04-18,0.8656716417910447,2.781094527363184
Winnipeg,2023-04-19,0.8415841584158416,2.6905940594059405
Winnipeg,2023-04-20,0.8928571428571429,2.909340659340659
Winnipeg,2023-04-21,0.9080459770114943,3.3764367816091956
Winnipeg,2023-04-22,0.9137931034482759,3.0977011494252875
Winnipeg,2023-04-23,0.897196261682243,2.7663551401869158
Winnipeg,2023-04-24,0.9123867069486404,3.0604229607250755
Winnipeg,2023-04-25,0.921875,3.203125
Winnipeg,2023-04-26,0.9263803680981595,2.9263803680981595
Winnipeg,2023-04-27,0.8996960486322189,3.0577507598784193
Winnipeg,2023-04-28,0.9134615384615384,3.3525641025641026
Winnipeg,2023-04-29,0.9067524115755627,2.842443729903537
Winnipeg,2023-04-30,0.9014084507042254,2.9683098591549295
Winnipeg,2023-05-01,0.8981818181818182,2.9527272727272726
Winnipeg,2023-05-02,0.8996539792387543,3.2283737024221453
Winnipeg,2023-05-03,0.8996655518394648,3.25752508361204
Winnipeg,2023-05-04,0.9137931034482759,3.689655172413793
Winnipeg,2023-05-05,0.8874172185430463,3.2847682119205297
Winnipeg,2023-05-06,0.8837209302325582,2.9335548172757475
Winnipeg,2023-05-07,0.8757763975155279,2.8944099378881987
Winnipeg,2023-05-08,0.8918918918918919,3.1681681681681684
Winnipeg,2023-05-09,0.8882175226586103,3.217522658610272
Winnipeg,2023-05-10,0.8494623655913979,3.032258064516129
Winnipeg,2023-05-11,0.8753623188405797,3.391304347826087
Winnipeg,2023-05-12,0.8746355685131195,3.3323615160349855
Winnipeg,2023-05-13,0.8987730061349694,3.196319018404908
Winnipeg,2023-05-14,0.8726114649681529,2.977707006369427
Winnipeg,2023-05-15,0.8919753086419753,3.138888888888889
Winnipeg,2023-05-16,0.8660714285714286,3.1398809523809526
Winnipeg,2023-05-17,0.8607242339832869,3.1922005571030643
Winnipeg,2023-05-18,0.8942598187311178,3.1299093655589125
Winnipeg,2023-05-19,0.8892508143322475,3.3517915309446256
Winnipeg,2023-05-20,0.8687258687258688,3.2625482625482625
Winnipeg,2023-05-21,0.8823529411764706,2.9044117647058822
Winnipeg,2023-05-22,0.8729641693811075,2.57328990228013
Winnipeg,2023-05-23,0.8885630498533724,3.501466275659824
Winnipeg,2023-05-24,0.896875,3.353125
Winnipeg,2023-05-25,0.8972222222222223,3.4805555555555556
Winnipeg,2023-05-26,0.8729281767955801,3.24585635359116
Winnipeg,2023-05-27,0.868766404199475,2.832020997375328
Winnipeg,2023-05-28,0.848404255319149,2.675531914893617
Winnipeg,2023-05-29,0.8249400479616307,2.8225419664268587
Winnipeg,2023-05-30,0.8578313253012049,2.9903614457831327
Winnipeg,2023-05-31,0.8622448979591837,3.0357142857142856
Winnipeg,2023-06-01,0.8447058823529412,3.0564705882352943
Winnipeg,2023-06-02,0.8528784648187633,3.0277185501066097
Winnipeg,2023-06-03,0.8293736501079914,2.5205183585313176
Winnipeg,2023-06-04,0.8484848484848485,2.393939393939394
Winnipeg,2023-06-05,0.8388520971302428,2.922737306843267
Winnipeg,2023-06-06,0.8286334056399133,2.89587852494577
Winnipeg,2023-06-07,0.8470319634703196,3.1552511415525113
Winnipeg,2023-06-08,0.8653846153846154,3.3725961538461537
Winnipeg,2023-06-09,0.8788659793814433,3.420103092783505
Winnipeg,2023-06-10,0.8882175226586103,3.205438066465257
Winnipeg,2023-06-11,0.8928571428571429,2.7172619047619047
Winnipeg,2023-06-12,0.9148936170212766,3.674772036474164
Winnipeg,2023-06-13,0.9034090909090909,3.2869318181818183
Winnipeg,2023-06-14,0.8985915492957747,3.428169014084507
Winnipeg,2023-06-15,0.8928571428571429,3.2445054945054945
Winnipeg,2023-06-16,0.8508997429305912,3.339331619537275
Winnipeg,2023-06-17,0.8757396449704142,3.07396449704142
Winnipeg,2023-06-18,0.8471849865951743,2.479892761394102
Winnipeg,2023-06-19,0.8557919621749409,2.5815602836879434
Winnipeg,2023-06-20,0.8597194388777555,2.585170340681363
Winnipeg,2023-06-21,0.8657718120805369,2.894854586129754
Winnipeg,2023-06-22,0.8637413394919169,2.933025404157044
Winnipeg,2023-06-23,0.8638743455497382,3.2146596858638743
Winnipeg,2023-06-24,0.8547008547008547,2.8005698005698005
Winnipeg,2023-06-25,0.8492462311557789,2.577889447236181
Winnipeg,2023-06-26,0.847457627118644,2.6546610169491527
Winnipeg,2023-06-27,0.8625954198473282,2.6030534351145036
Winnipeg,2023-06-28,0.8494208494208494,2.6544401544401546
Winnipeg,2023-06-29,0.8700696055684455,3.0696055684454757
Winnipeg,2023-06-30,0.8552631578947368,3.042105263157895
Winnipeg,2023-07-01,0.8338192419825073,2.4198250728862973
Winnipeg,2023-07-02,0.8316582914572864,2.0879396984924625
Winnipeg,2023-07-03,0.8619718309859155,2.4676056338028167
Winnipeg,2023-07-04,0.8723404255319149,2.88031914893617
Winnipeg,2023-07-05,0.8763157894736842,2.873684210526316
Winnipeg,2023-07-06,0.825287356321839,2.6045977011494252
Winnipeg,2023-07-07,0.8260869565217391,2.915601023017903
Winnipeg,2023-07-08,0.8203753351206434,2.4718498659517425
Winnipeg,2023-07-09,0.8369829683698297,2.1094890510948905
Winnipeg,2023-07-10,0.8643067846607669,2.9882005899705013
Winnipeg,2023-07-11,0.8530183727034121,2.7506561679790025
Winnipeg,2023-07-12,0.8492063492063492,2.8492063492063493
Winnipeg,2023-07-13,0.8329466357308585,2.6009280742459397
Winnipeg,2023-07-14,0.8501291989664083,3.0025839793281652
Winnipeg,2023-07-15,0.8496042216358839,2.5118733509234827
Winnipeg,2023-07-16,0.8571428571428571,2.3636363636363638
Winnipeg,2023-07-17,0.8715846994535519,2.7185792349726774
Winnipeg,2023-07-18,0.8707317073170732,2.575609756097561
Winnipeg,2023-07-19,0.8476190476190476,2.5404761904761903
Winnipeg,2023-07-20,0.863517060367454,3.0183727034120733
Winnipeg,2023-07-21,0.8394495412844036,2.532110091743119
Winnipeg,2023-07-22,0.85,2.5473684210526315
Winnipeg,2023-07-23,0.819672131147541,2.037470725995316
Winnipeg,2023-07-24,0.8555798687089715,2.577680525164114
Winnipeg,2023-07-25,0.8466019417475729,2.520388349514563
Winnipeg,2023-07-26,0.864516129032258,2.7483870967741937
Winnipeg,2023-07-27,0.8812664907651715,3.137203166226913
Winnipeg,2023-07-28,0.9085872576177285,3.290858725761773
Winnipeg,2023-07-29,0.9158878504672897,3.205607476635514
Winnipeg,2023-07-30,0.8689458689458689,2.5584045584045585
Winnipeg,2023-07-31,0.8690176322418136,2.7858942065491186
Winnipeg,2023-08-01,0.8720379146919431,3.0023696682464456
Winnipeg,2023-08-02,0.8779840848806366,3.0344827586206895
Winnipeg,2023-08-03,0.8756756756756757,3.281081081081081
Winnipeg,2023-08-04,0.8801089918256131,2.956403269754768
Winnipeg,2023-08-05,0.8392282958199357,2.5659163987138265
Winnipeg,2023-08-06,0.8598130841121495,2.4890965732087227
Winnipeg,2023-08-07,0.8403141361256544,2.3272251308900525
Winnipeg,2023-08-08,0.8627002288329519,2.917620137299771
Winnipeg,2023-08-09,0.8321995464852607,2.800453514739229
Winnipeg,2023-08-10,0.8589473684210527,2.671578947368421
Winnipeg,2023-08-11,0.871331828442438,2.869074492099323
Winnipeg,2023-08-12,0.8337950138504155,2.739612188365651
Winnipeg,2023-08-13,0.8703703703703703,2.5264550264550265
Winnipeg,2023-08-14,0.8743455497382199,3.0916230366492146
Winnipeg,2023-08-15,0.8678756476683938,2.9455958549222796
Winnipeg,2023-08-16,0.8589420654911839,2.8916876574307304
Winnipeg,2023-08-17,0.8743169398907104,3.210382513661202
Winnipeg,2023-08-18,0.8820375335120644,3.1126005361930296
Winnipeg,2023-08-19,0.8742690058479532,2.742690058479532
Winnipeg,2023-08-20,0.8477157360406091,2.4923857868020303
Winnipeg,2023-08-21,0.875,2.75765306122449
Winnipeg,2023-08-22,0.8719211822660099,2.91871921182266
Winnipeg,2023-08-23,0.8660714285714286,2.6361607142857144
Winnipeg,2023-08-24,0.8658280922431866,2.70230607966457
Winnipeg,2023-08-25,0.8776041666666666,3.1536458333333335
Winnipeg,2023-08-26,0.8793103448275862,2.8706896551724137
Winnipeg,2023-08-27,0.8753541076487252,2.54957507082153
Winnipeg,2023-08-28,0.8704225352112676,3.0253521126760563
Winnipeg,2023-08-29,0.856,2.824
Winnipeg,2023-08-30,0.8689839572192514,2.8850267379679146
Winnipeg,2023-08-31,0.8459595959595959,2.6818181818181817
Winnipeg,2023-09-01,0.8781869688385269,3.1643059490084986
Winnipeg,2023-09-02,0.8575949367088608,2.5
Winnipeg,2023-09-03,0.8629283489096573,2.392523364485981
Winnipeg,2023-09-04,0.8484848484848485,2.256198347107438
Winnipeg,2023-09-05,0.8739946380697051,3.091152815013405
Winnipeg,2023-09-06,0.8892045454545454,3.4545454545454546
Winnipeg,2023-09-07,0.8925619834710744,3.303030303030303
Winnipeg,2023-09-08,0.8904109589041096,3.334246575342466
Winnipeg,2023-09-09,0.8863636363636364,2.928977272727273
Winnipeg,2023-09-10,0.8712328767123287,2.2986301369863016
Winnipeg,2023-09-11,0.8866279069767442,3.508720930232558
Winnipeg,2023-09-12,0.8961748633879781,3.180327868852459
Winnipeg,2023-09-13,0.8808864265927978,3.3490304709141276
Winnipeg,2023-09-14,0.8568019093078759,2.7971360381861574
Winnipeg,2023-09-15,0.8736842105263158,3.2578947368421054
Winnipeg,2023-09-16,0.8689024390243902,3.0396341463414633
Winnipeg,2023-09-17,0.8802395209580839,2.754491017964072
Winnipeg,2023-09-18,0.8959537572254336,3.1445086705202314
Winnipeg,2023-09-19,0.8815426997245179,3.0358126721763083
Winnipeg,2023-09-20,0.8823529411764706,3.2324929971988796
Winnipeg,2023-09-21,0.9052631578947369,2.981578947368421
Winnipeg,2023-09-22,0.8847184986595175,3.1260053619302948
Winnipeg,2023-09-23,0.8796296296296297,2.7037037037037037
Winnipeg,2023-09-24,0.8885350318471338,2.5031847133757963
Winnipeg,2023-09-25,0.8830769230769231,3.1784615384615384
Winnipeg,2023-09-26,0.8686567164179104,2.8985074626865672
Winnipeg,2023-09-27,0.863905325443787,3.1923076923076925
Winnipeg,2023-09-28,0.8969359331476323,3.052924791086351
Winnipeg,2023-09-29,0.878698224852071,3.0798816568047336
Winnipeg,2023-09-30,0.8417721518987342,2.8322784810126582
Winnipeg,2023-10-01,0.8425414364640884,2.339779005524862
Winnipeg,2023-10-02,0.8552278820375335,2.6005361930294906
Winnipeg,2023-10-03,0.8503253796095445,2.6572668112798263
Winnipeg,2023-10-04,0.8808864265927978,2.9529085872576175
Winnipeg,2023-10-05,0.8947368421052632,2.972299168975069
Winnipeg,2023-10-06,0.907185628742515,3.1646706586826348
Winnipeg,2023-10-07,0.8982456140350877,2.7824561403508774
Winnipeg,2023-10-08,0.8688524590163934,2.675409836065574
Winnipeg,2023-10-09,0.8885245901639345,2.363934426229508
Winnipeg,2023-10-10,0.8846153846153846,3.242603550295858
Winnipeg,2023-10-11,0.8788819875776398,3.3074534161490683
Winnipeg,2023-10-12,0.8990825688073395,3.2752293577981653
Winnipeg,2023-10-13,0.8776758409785933,3.1192660550458715
Winnipeg,2023-10-14,0.9056603773584906,3.0251572327044025
Winnipeg,2023-10-15,0.862876254180602,2.5986622073578594
Winnipeg,2023-10-16,0.8662613981762918,2.8905775075987843
Winnipeg,2023-10-17,0.858433734939759,2.9578313253012047
Winnipeg,2023-10-18,0.8731117824773413,3.0483383685800605
Winnipeg,2023-10-19,0.8950437317784257,2.9650145772594754
Winnipeg,2023-10-20,0.8984615384615384,3.086153846153846
Winnipeg,2023-10-21,0.889261744966443,3.0167785234899327
Winnipeg,2023-10-22,0.8575851393188855,2.5479876160990713
Winnipeg,2023-10-23,0.8948863636363636,2.8806818181818183
Winnipeg,2023-10-24,0.9244186046511628,3.1482558139534884
Winnipeg,2023-10-25,0.8888888888888888,3.173789173789174
Winnipeg,2023-10-26,0.9006211180124224,3.3229813664596275
Winnipeg,2023-10-27,0.9059561128526645,3.3072100313479624
Winnipeg,2023-10-28,0.9037267080745341,2.782608695652174
Winnipeg,2023-10-29,0.8817891373801917,2.6613418530351436
Winnipeg,2023-10-30,0.9015384615384615,3.1415384615384614
Winnipeg,2023-10-31,0.9096989966555183,3.3277591973244145
Winnipeg,2023-11-01,0.89419795221843,3.150170648464164
Winnipeg,2023-11-02,0.9112627986348123,2.9726962457337884
Winnipeg,2023-11-03,0.8949152542372881,3.0440677966101695
Winnipeg,2023-11-04,0.9055944055944056,2.800699300699301
Winnipeg,2023-11-05,0.8575949367088608,2.25
Winnipeg,2023-11-06,0.8927444794952681,2.813880126182965
Winnipeg,2023-11-07,0.8753799392097265,3.060790273556231
Winnipeg,2023-11-08,0.8913043478260869,2.888198757763975
Winnipeg,2023-11-09,0.9081967213114754,2.908196721311475
Winnipeg,2023-11-10,0.9210526315789473,3.2171052631578947
Winnipeg,2023-11-11,0.9072164948453608,2.814432989690722
Winnipeg,2023-11-12,0.8790035587188612,2.501779359430605
Winnipeg,2023-11-13,0.9090909090909091,3.12
Winnipeg,2023-11-14,0.9047619047619048,3.061224489795918
Winnipeg,2023-11-15,0.9087719298245615,3.150877192982456
Winnipeg,2023-11-16,0.9075342465753424,3.208904109589041
Winnipeg,2023-11-17,0.9230769230769231,3.157190635451505
Winnipeg,2023-11-18,0.9090909090909091,2.835664335664336
Winnipeg,2023-11-19,0.8924731182795699,2.4695340501792113
Winnipeg,2023-11-20,0.9137931034482759,3.117241379310345
Winnipeg,2023-11-21,0.9112627986348123,3.1774744027303754
Winnipeg,2023-11-22,0.8961937716262975,3.2768166089965396
Winnipeg,2023-11-23,0.88,3.0733333333333333
Winnipeg,2023-11-24,0.8976109215017065,3.2696245733788394
Winnipeg,2023-11-25,0.8657243816254417,2.833922261484099
Winnipeg,2023-11-26,0.8724137931034482,2.306896551724138
Winnipeg,2023-11-27,0.8959731543624161,3.184563758389262
Winnipeg,2023-11-28,0.9081967213114754,3.1934426229508195
Winnipeg,2023-11-29,0.902027027027027,3.239864864864865
Winnipeg,2023-11-30,0.9046052631578947,3.0328947368421053
Winnipeg,2023-12-01,0.8990228013029316,3.3322475570032575
Winnipeg,2023-12-02,0.8980263157894737,2.8684210526315788
Winnipeg,2023-12-03,0.8885017421602788,2.5226480836236935
Winnipeg,2023-12-04,0.9078014184397163,3.2411347517730498
Winnipeg,2023-12-05,0.9042553191489362,3.276595744680851
Winnipeg,2023-12-06,0.886986301369863,3.154109589041096
Winnipeg,2023-12-07,0.8782051282051282,2.9551282051282053
Winnipeg,2023-12-08,0.9009009009009009,2.918918918918919
Winnipeg,2023-12-09,0.8960573476702509,2.792114695340502
Winnipeg,2023-12-10,0.8531468531468531,2.3811188811188813
Winnipeg,2023-12-11,0.8541666666666666,2.857638888888889
Winnipeg,2023-12-12,0.8807017543859649,3.1824561403508773
Winnipeg,2023-12-13,0.8825622775800712,3.199288256227758
Winnipeg,2023-12-14,0.8989547038327527,3.250871080139373
Winnipeg,2023-12-15,0.8842105263157894,3.168421052631579
Winnipeg,2023-12-16,0.8963210702341137,2.8729096989966556
Winnipeg,2023-12-17,0.8745874587458746,2.438943894389439
Winnipeg,2023-12-18,0.8954248366013072,3.133986928104575
Winnipeg,2023-12-19,0.8970099667774086,3.219269102990033
Winnipeg,2023-12-20,0.8966666666666666,3.22
Winnipeg,2023-12-21,0.9163763066202091,3.2439024390243905
Winnipeg,2023-12-22,0.9333333333333333,3.4433333333333334
Winnipeg,2023-12-23,0.903448275862069,2.7413793103448274
Winnipeg,2023-12-24,0.9018181818181819,2.538181818181818
Winnipeg,2023-12-25,0.8829787234042553,1.9893617021276595
Winnipeg,2023-12-26,0.8982456140350877,2.3508771929824563
Winnipeg,2023-12-27,0.8913043478260869,2.6666666666666665
Winnipeg,2023-12-28,0.916030534351145,2.946564885496183
Winnipeg,2023-12-29,0.9347079037800687,2.9896907216494846
Winnipeg,2023-12-30,0.9184397163120568,2.734042553191489
Winnipeg,2023-12-31,0.8985507246376812,2.6449275362318843
Winnipeg,2024-01-01,0.8522727272727273,1.8257575757575757
Winnipeg,2024-01-02,0.9163636363636364,2.850909090909091
Winnipeg,2024-01-03,0.8945454545454545,2.8727272727272726
Winnipeg,2024-01-04,0.9074733096085409,3.1245551601423487
Winnipeg,2024-01-05,0.8827586206896552,2.886206896551724
Winnipeg,2024-01-06,0.8834586466165414,2.736842105263158
Winnipeg,2024-01-07,0.8816793893129771,2.3931297709923665
Winnipeg,2024-01-08,0.8821548821548821,2.808080808080808
Winnipeg,2024-01-09,0.8775510204081632,3.0510204081632653
Winnipeg,2024-01-10,0.887459807073955,2.9260450160771705
Winnipeg,2024-01-11,0.8954703832752613,3.0313588850174216
Winnipeg,2024-01-12,0.8921568627450981,3.261437908496732
Winnipeg,2024-01-13,0.9044368600682594,2.675767918088737
Winnipeg,2024-01-14,0.8854166666666666,2.4027777777777777
Winnipeg,2024-01-15,0.89419795221843,2.938566552901024
Winnipeg,2024-01-16,0.906896551724138,3.0965517241379312
Winnipeg,2024-01-17,0.927007299270073,3.2627737226277373
Winnipeg,2024-01-18,0.9090909090909091,3.076923076923077
Winnipeg,2024-01-19,0.9169675090252708,3.1444043321299637
Winnipeg,2024-01-20,0.9,2.8666666666666667
Winnipeg,2024-01-21,0.9047619047619048,2.58974358974359
Winnipeg,2024-01-22,0.8986013986013986,2.7412587412587412
Winnipeg,2024-01-23,0.9163763066202091,3.013937282229965
Winnipeg,2024-01-24,0.9298892988929889,3.2693726937269374
Winnipeg,2024-01-25,0.9236111111111112,3.0729166666666665
Winnipeg,2024-01-26,0.886986301369863,3.1027397260273974
Winnipeg,2024-01-27,0.9090909090909091,2.9163636363636365
Winnipeg,2024-01-28,0.9036144578313253,2.534136546184739
Winnipeg,2024-01-29,0.8951310861423221,2.730337078651685
Winnipeg,2024-01-30,0.9068825910931174,3.032388663967611
Winnipeg,2024-01-31,0.9126984126984127,3.1904761904761907
Winnipeg,2024-02-01,0.9109311740890689,3.214574898785425
Winnipeg,2024-02-02,0.9310344827586207,3.3065134099616857
Winnipeg,2024-02-03,0.9192307692307692,3.1384615384615384
Winnipeg,2024-02-04,0.916,2.612
Winnipeg,2024-02-05,0.9083969465648855,3.2251908396946565
Winnipeg,2024-02-06,0.9074074074074074,3.0407407407407407
Winnipeg,2024-02-07,0.9059233449477352,2.9547038327526134
Winnipeg,2024-02-08,0.906896551724138,2.872413793103448
Winnipeg,2024-02-09,0.9097472924187726,3.3176895306859207
Winnipeg,2024-02-10,0.8953068592057761,3.0
Winnipeg,2024-02-11,0.8851851851851852,2.4925925925925925
Winnipeg,2024-02-12,0.8951048951048951,2.9195804195804196
Winnipeg,2024-02-13,0.9166666666666666,2.9930555555555554
Winnipeg,2024-02-14,0.9087591240875912,3.208029197080292
Winnipeg,2024-02-15,0.9244604316546763,3.0755395683453237
Winnipeg,2024-02-16,0.9145907473309609,3.0569395017793592
Winnipeg,2024-02-17,0.953307392996109,3.21011673151751
Winnipeg,2024-02-18,0.9051383399209486,2.5652173913043477
Winnipeg,2024-02-19,0.9206349206349206,2.5793650793650795
Winnipeg,2024-02-20,0.9181494661921709,3.01423487544484
Winnipeg,2024-02-21,0.909433962264151,3.1358490566037736
Winnipeg,2024-02-22,0.9233716475095786,3.21455938697318
Winnipeg,2024-02-23,0.9118773946360154,3.256704980842912
Winnipeg,2024-02-24,0.8923076923076924,3.042307692307692
Winnipeg,2024-02-25,0.9111969111969112,2.7065637065637067
Winnipeg,2024-02-26,0.9020408163265307,2.889795918367347
Winnipeg,2024-02-27,0.9295154185022027,3.004405286343612
Winnipeg,2024-02-28,0.9029535864978903,2.9240506329113924
Winnipeg,2024-02-29,0.8656126482213439,2.7786561264822134
Winnipeg,2024-03-01,0.8581560283687943,2.5709219858156027
Winnipeg,2024-03-02,0.8657718120805369,2.338926174496644
Winnipeg,2024-03-03,0.8864468864468864,2.2783882783882783
Winnipeg,2024-03-04,0.8984375,2.89453125
Winnipeg,2024-03-05,0.9,2.9592592592592593
Winnipeg,2024-03-06,0.8819188191881919,2.6457564575645756
Winnipeg,2024-03-07,0.9262295081967213,3.1434426229508197
Winnipeg,2024-03-08,0.8661417322834646,2.8897637795275593
Winnipeg,2024-03-09,0.8675213675213675,2.7905982905982905
Winnipeg,2024-03-10,0.899581589958159,2.276150627615063
Winnipeg,2024-03-11,0.9055793991416309,3.1030042918454934
Winnipeg,2024-03-12,0.9067796610169492,2.902542372881356
Winnipeg,2024-03-13,0.9016393442622951,2.8647540983606556
Winnipeg,2024-03-14,0.9106382978723404,3.1617021276595745
Winnipeg,2024-03-15,0.9291666666666667,2.9791666666666665
Winnipeg,2024-03-16,0.8771929824561403,2.8903508771929824
Winnipeg,2024-03-17,0.9078947368421053,2.486842105263158
Winnipeg,2024-03-18,0.9008620689655172,2.8663793103448274
Winnipeg,2024-03-19,0.8672199170124482,2.896265560165975
Winnipeg,2024-03-20,0.8860759493670886,2.8607594936708862
Winnipeg,2024-03-21,0.8983050847457628,3.016949152542373
Winnipeg,2024-03-22,0.889795918367347,3.0285714285714285
Winnipeg,2024-03-23,0.8851063829787233,2.8382978723404255
Winnipeg,2024-03-24,0.8874458874458875,2.41991341991342
Winnipeg,2024-03-25,0.8904109589041096,2.680365296803653
Winnipeg,2024-03-26,0.9078947368421053,2.995614035087719
Winnipeg,2024-03-27,0.9008620689655172,2.771551724137931
Winnipeg,2024-03-28,0.90234375,3.0546875
Winnipeg,2024-03-29,0.9071729957805907,2.3839662447257384
Winnipeg,2024-03-30,0.9255813953488372,2.9209302325581397
Winnipeg,2024-03-31,0.8931623931623932,2.175213675213675
Winnipeg,2024-04-01,0.905982905982906,3.2094017094017095
Winnipeg,2024-04-02,0.884,2.84
Winnipeg,2024-04-03,0.8893280632411067,3.177865612648221
Winnipeg,2024-04-04,0.8933823529411765,3.2058823529411766
Winnipeg,2024-04-05,0.9133858267716536,3.1377952755905514
Winnipeg,2024-04-06,0.9419642857142857,2.9598214285714284
Winnipeg,2024-04-07,0.8930232558139535,2.655813953488372
Winnipeg,2024-04-08,0.9162995594713657,2.9030837004405288
Winnipeg,2024-04-09,0.9047619047619048,3.264069264069264
Winnipeg,2024-04-10,0.9159663865546218,3.0714285714285716
Winnipeg,2024-04-11,0.9082969432314411,3.034934497816594
Winnipeg,2024-04-12,0.9294605809128631,3.219917012448133
Winnipeg,2024-04-13,0.921875,2.88671875
Winnipeg,2024-04-14,0.9214876033057852,2.4834710743801653
Winnipeg,2024-04-15,0.9108527131782945,2.9728682170542635
Winnipeg,2024-04-16,0.9090909090909091,3.090909090909091
Winnipeg,2024-04-17,0.9163346613545816,3.0756972111553784
Winnipeg,2024-04-18,0.9120879120879121,3.062271062271062
Winnipeg,2024-04-19,0.9224806201550387,3.3410852713178296
Winnipeg,2024-04-20,0.8987854251012146,2.9595141700404857
Winnipeg,2024-04-21,0.8939393939393939,2.659090909090909
Winnipeg,2024-04-22,0.9482071713147411,3.091633466135458
Winnipeg,2024-04-23,0.9057377049180327,3.0368852459016393
Winnipeg,2024-04-24,0.9087136929460581,3.2987551867219915
Winnipeg,2024-04-25,0.8943089430894309,3.0121951219512195
Winnipeg,2024-04-26,0.8809523809523809,2.9761904761904763
Winnipeg,2024-04-27,0.9066666666666666,2.96
Winnipeg,2024-04-28,0.8796680497925311,2.5767634854771786
Winnipeg,2024-04-29,0.8740157480314961,2.8858267716535435
Winnipeg,2024-04-30,0.8648648648648649,2.988416988416988
Winnipeg,2024-05-01,0.862453531598513,2.8141263940520447
Winnipeg,2024-05-02,0.8953488372093024,2.87984496124031
Winnipeg,2024-05-03,0.8987854251012146,3.299595141700405
Winnipeg,2024-05-04,0.8977777777777778,2.831111111111111
Winnipeg,2024-05-05,0.8828451882845189,2.581589958158996
Winnipeg,2024-05-06,0.8862745098039215,2.9647058823529413
Winnipeg,2024-05-07,0.9,2.804
Winnipeg,2024-05-08,0.8983050847457628,3.233050847457627
Winnipeg,2024-05-09,0.8907563025210085,3.176470588235294
Winnipeg,2024-05-10,0.889795918367347,3.089795918367347
Winnipeg,2024-05-11,0.8764044943820225,2.5730337078651684
Winnipeg,2024-05-12,0.8804780876494024,2.6095617529880477
Winnipeg,2024-05-13,0.8452830188679246,2.939622641509434
Winnipeg,2024-05-14,0.8260869565217391,2.548494983277592
Winnipeg,2024-05-15,0.8762541806020067,2.779264214046823
Winnipeg,2024-05-16,0.8585858585858586,2.419191919191919
Winnipeg,2024-05-17,0.8542857142857143,2.5514285714285716
Winnipeg,2024-05-18,0.8858131487889274,2.6539792387543253
Winnipeg,2024-05-19,0.8690476190476191,2.5912698412698414
Winnipeg,2024-05-20,0.8395522388059702,2.208955223880597
Winnipeg,2024-05-21,0.8901515151515151,2.996212121212121
Winnipeg,2024-05-22,0.8677966101694915,3.0610169491525423
Winnipeg,2024-05-23,0.8639240506329114,2.8132911392405062
Winnipeg,2024-05-24,0.8821752265861027,2.6314199395770395
Winnipeg,2024-05-25,0.8671328671328671,2.56993006993007
Winnipeg,2024-05-26,0.8614232209737828,2.7191011235955056
Winnipeg,2024-05-27,0.8702290076335878,3.0
Winnipeg,2024-05-28,0.8614232209737828,2.99250936329588
Winnipeg,2024-05-29,0.8596491228070176,2.9894736842105263
Winnipeg,2024-05-30,0.8559077809798271,2.636887608069164
Winnipeg,2024-05-31,0.8774928774928775,3.128205128205128
Winnipeg,2024-06-01,0.8713826366559485,2.6237942122186495
Winnipeg,2024-06-02,0.8350515463917526,2.0592783505154637
Winnipeg,2024-06-03,0.8505747126436781,2.942528735632184
Winnipeg,2024-06-04,0.8636363636363636,2.9545454545454546
Winnipeg,2024-06-05,0.8717201166180758,2.717201166180758
Winnipeg,2024-06-06,0.851063829787234,3.048632218844985
Winnipeg,2024-06-07,0.8553846153846154,3.2
Winnipeg,2024-06-08,0.8459016393442623,2.8426229508196723
Winnipeg,2024-06-09,0.8642384105960265,2.2218543046357615
Winnipeg,2024-06-10,0.8537234042553191,2.9122340425531914
Winnipeg,2024-06-11,0.8475452196382429,2.8656330749354004
Winnipeg,2024-06-12,0.8325123152709359,2.812807881773399
Winnipeg,2024-06-13,0.8763736263736264,3.3076923076923075
Winnipeg,2024-06-14,0.8674033149171271,3.113259668508287
Winnipeg,2024-06-15,0.8364611260053619,2.6621983914209117
Winnipeg,2024-06-16,0.8274932614555256,2.1320754716981134
Winnipeg,2024-06-17,0.8638743455497382,2.8534031413612566
Winnipeg,2024-06-18,0.8441176470588235,3.073529411764706
Winnipeg,2024-06-19,0.861764705882353,3.288235294117647
Winnipeg,2024-06-20,0.8531645569620253,2.9746835443037973
Winnipeg,2024-06-21,0.8563685636856369,3.2249322493224932
Winnipeg,2024-06-22,0.8372703412073491,2.677165354330709
Winnipeg,2024-06-23,0.8651026392961877,2.5483870967741935
Winnipeg,2024-06-24,0.8948863636363636,3.164772727272727
Winnipeg,2024-06-25,0.8631284916201117,3.016759776536313
Winnipeg,2024-06-26,0.8780487804878049,3.035230352303523
Winnipeg,2024-06-27,0.8685567010309279,3.015463917525773
Winnipeg,2024-06-28,0.875,2.8011363636363638
Winnipeg,2024-06-29,0.8711864406779661,2.91864406779661
Winnipeg,2024-06-30,0.8392857142857143,2.4077380952380953
Winnipeg,2024-07-01,0.7995169082125604,1.8768115942028984
Winnipeg,2024-07-02,0.8577878103837472,2.383747178329571
Winnipeg,2024-07-03,0.8328840970350404,2.5417789757412397
Winnipeg,2024-07-04,0.8368794326241135,2.4609929078014185
Winnipeg,2024-07-05,0.8586118251928021,3.138817480719794
Winnipeg,2024-07-06,0.8377659574468085,2.7367021276595747
Winnipeg,2024-07-07,0.8284182305630027,2.1420911528150133
Winnipeg,2024-07-08,0.8768768768768769,3.042042042042042
Winnipeg,2024-07-09,0.8629737609329446,2.9825072886297375
Winnipeg,2024-07-10,0.840625,2.959375
Winnipeg,2024-07-11,0.8376068376068376,2.7492877492877494
Winnipeg,2024-07-12,0.8086124401913876,2.617224880382775
Winnipeg,2024-07-13,0.8026315789473685,2.2565789473684212
Winnipeg,2024-07-14,0.843915343915344,2.298941798941799
Winnipeg,2024-07-15,0.8851540616246498,2.775910364145658
Winnipeg,2024-07-16,0.9061488673139159,3.2168284789644015
Winnipeg,2024-07-17,0.8875,3.11875
Winnipeg,2024-07-18,0.8801261829652997,2.8359621451104102
Winnipeg,2024-07-19,0.8567251461988304,2.6403508771929824
Winnipeg,2024-07-20,0.8419540229885057,2.5028735632183907
Winnipeg,2024-07-21,0.8827160493827161,2.20679012345679
Winnipeg,2024-07-22,0.8764367816091954,2.6867816091954024
Winnipeg,2024-07-23,0.8928571428571429,3.038961038961039
Winnipeg,2024-07-24,0.8738461538461538,3.0615384615384613
Winnipeg,2024-07-25,0.8816568047337278,2.831360946745562
Winnipeg,2024-07-26,0.8725761772853186,3.102493074792244
Winnipeg,2024-07-27,0.8651026392961877,2.771260997067449
Winnipeg,2024-07-28,0.8562874251497006,2.55688622754491
Winnipeg,2024-07-29,0.864,2.648
Winnipeg,2024-07-30,0.8860759493670886,2.7911392405063293
Winnipeg,2024-07-31,0.913946587537092,3.1305637982195846
Winnipeg,2024-08-01,0.9037900874635568,3.1807580174927113
Winnipeg,2024-08-02,0.88,3.1085714285714285
Winnipeg,2024-08-03,0.8666666666666667,2.684848484848485
Winnipeg,2024-08-04,0.8496932515337423,2.2975460122699385
Winnipeg,2024-08-05,0.8504672897196262,2.457943925233645
Winnipeg,2024-08-06,0.8701657458563536,2.8784530386740332
Winnipeg,2024-08-07,0.8898071625344353,3.0
Winnipeg,2024-08-08,0.8969359331476323,2.883008356545961
Winnipeg,2024-08-09,0.9022988505747126,3.2844827586206895
Winnipeg,2024-08-10,0.910828025477707,3.2261146496815285
Winnipeg,2024-08-11,0.8738461538461538,2.667692307692308
Winnipeg,2024-08-12,0.8806818181818182,2.772727272727273
Winnipeg,2024-08-13,0.8746438746438746,2.871794871794872
Winnipeg,2024-08-14,0.847255369928401,2.6372315035799523
Winnipeg,2024-08-15,0.8552631578947368,2.623684210526316
Winnipeg,2024-08-16,0.9126760563380282,2.952112676056338
Winnipeg,2024-08-17,0.8814589665653495,2.778115501519757
Winnipeg,2024-08-18,0.8477611940298507,2.5283582089552237
Winnipeg,2024-08-19,0.8820058997050148,2.870206489675516
Winnipeg,2024-08-20,0.8764367816091954,2.8419540229885056
Winnipeg,2024-08-21,0.8951841359773371,2.8356940509915014
Winnipeg,2024-08-22,0.8736263736263736,2.793956043956044
Winnipeg,2024-08-23,0.878419452887538,3.021276595744681
Winnipeg,2024-08-24,0.8386075949367089,2.6550632911392404
Winnipeg,2024-08-25,0.845679012345679,2.2253086419753085
Winnipeg,2024-08-26,0.8722741433021807,3.0778816199376946
Winnipeg,2024-08-27,0.88,2.62
Winnipeg,2024-08-28,0.8670212765957447,2.8377659574468086
Winnipeg,2024-08-29,0.8656330749354005,2.708010335917313
Winnipeg,2024-08-30,0.8761904761904762,3.066666666666667
Winnipeg,2024-08-31,0.851063829787234,2.6631205673758864
Winnipeg,2024-09-01,0.8735177865612648,2.766798418972332
Winnipeg,2024-09-02,0.8661971830985915,2.066901408450704
Winnipeg,2024-09-03,0.8938906752411575,2.9839228295819935
Winnipeg,2024-09-04,0.8837920489296636,2.944954128440367
Winnipeg,2024-09-05,0.89937106918239,3.1949685534591197
Winnipeg,2024-09-06,0.8924050632911392,3.3797468354430378
Winnipeg,2024-09-07,0.9146757679180887,3.0409556313993176
Winnipeg,2024-09-08,0.8847457627118644,2.5762711864406778
Winnipeg,2024-09-09,0.9112627986348123,3.1296928327645053
Winnipeg,2024-09-10,0.8881789137380192,3.1022364217252396
Winnipeg,2024-09-11,0.8441176470588235,2.9647058823529413
Winnipeg,2024-09-12,0.861271676300578,2.9046242774566475
Winnipeg,2024-09-13,0.8864265927977839,2.789473684210526
Winnipeg,2024-09-14,0.8700906344410876,2.867069486404834
Winnipeg,2024-09-15,0.8450292397660819,2.2017543859649122
Winnipeg,2024-09-16,0.8362445414847162,2.430131004366812
Winnipeg,2024-09-17,0.8325358851674641,2.2607655502392343
Winnipeg,2024-09-18,0.850632911392405,2.4354430379746836
Winnipeg,2024-09-19,0.8692098092643051,2.683923705722071
Winnipeg,2024-09-20,0.8798798798798799,2.951951951951952
Winnipeg,2024-09-21,0.8606060606060606,2.487878787878788
Winnipeg,2024-09-22,0.8758389261744967,2.3758389261744965
Winnipeg,2024-09-23,0.8737864077669902,2.656957928802589
Winnipeg,2024-09-24,0.8729096989966555,3.0100334448160537
Winnipeg,2024-09-25,0.8829787234042553,3.0709219858156027
Winnipeg,2024-09-26,0.8859060402684564,2.8557046979865772
Winnipeg,2024-09-27,0.9257950530035336,3.1625441696113072
Winnipeg,2024-09-28,0.8947368421052632,2.830827067669173
Winnipeg,2024-09-29,0.88671875,2.359375
Winnipeg,2024-09-30,0.8678571428571429,2.075
Winnipeg,2024-10-01,0.8772563176895307,2.7184115523465704
Winnipeg,2024-10-02,0.8947368421052632,2.7473684210526317
Winnipeg,2024-10-03,0.8624161073825504,2.651006711409396
Winnipeg,2024-10-04,0.8855218855218855,2.845117845117845
Winnipeg,2024-10-05,0.8666666666666667,2.3133333333333335
Winnipeg,2024-10-06,0.8668941979522184,2.242320819112628
Winnipeg,2024-10-07,0.8734567901234568,2.419753086419753
Winnipeg,2024-10-08,0.8734939759036144,2.5271084337349397
Winnipeg,2024-10-09,0.8795180722891566,2.7018072289156625
Winnipeg,2024-10-10,0.8919753086419753,2.669753086419753
Winnipeg,2024-10-11,0.8964401294498382,3.0938511326860842
Winnipeg,2024-10-12,0.8648648648648649,2.39527027027027
Winnipeg,2024-10-13,0.84,2.2436363636363637
Winnipeg,2024-10-14,0.8754716981132076,2.0452830188679245
Winnipeg,2024-10-15,0.8858131487889274,2.688581314878893
Winnipeg,2024-10-16,0.8611111111111112,2.7152777777777777
Winnipeg,2024-10-17,0.8870431893687708,2.833887043189369
Winnipeg,2024-10-18,0.9076433121019108,2.799363057324841
Winnipeg,2024-10-19,0.8933333333333333,2.59
Winnipeg,2024-10-20,0.8718861209964412,2.409252669039146
Winnipeg,2024-10-21,0.8711864406779661,3.0033898305084747
Winnipeg,2024-10-22,0.8963210702341137,2.652173913043478
Winnipeg,2024-10-23,0.8918918918918919,2.9932432432432434
Winnipeg,2024-10-24,0.9050847457627119,3.142372881355932
Winnipeg,2024-10-25,0.8767123287671232,2.886986301369863
Winnipeg,2024-10-26,0.8814814814814815,2.8407407407407406
Winnipeg,2024-10-27,0.8666666666666667,2.3296296296296295
Winnipeg,2024-10-28,0.9051094890510949,3.0802919708029197
Winnipeg,2024-10-29,0.9028776978417267,2.9532374100719423
Winnipeg,2024-10-30,0.8897058823529411,2.889705882352941
Winnipeg,2024-10-31,0.8816793893129771,3.0610687022900764
Winnipeg,2024-11-01,0.8860294117647058,2.9375
Winnipeg,2024-11-02,0.8846153846153846,2.5734265734265733
Winnipeg,2024-11-03,0.8708487084870848,2.195571955719557
Winnipeg,2024-11-04,0.89568345323741,2.6366906474820144
Winnipeg,2024-11-05,0.90234375,2.79296875
Winnipeg,2024-11-06,0.8830188679245283,2.6188679245283017
Winnipeg,2024-11-07,0.89272030651341,2.6398467432950192
Winnipeg,2024-11-08,0.8629629629629629,2.8222222222222224
Winnipeg,2024-11-09,0.8980392156862745,2.8980392156862744
Winnipeg,2024-11-10,0.8664122137404581,2.2251908396946565
Winnipeg,2024-11-11,0.8560311284046692,2.007782101167315
Winnipeg,2024-11-12,0.8861209964412812,2.679715302491103
Winnipeg,2024-11-13,0.8831615120274914,2.725085910652921
Winnipeg,2024-11-14,0.9014084507042254,2.795774647887324
Winnipeg,2024-11-15,0.9,2.6964285714285716
Winnipeg,2024-11-16,0.8776978417266187,2.5611510791366907
Winnipeg,2024-11-17,0.8369565217391305,2.0543478260869565
Winnipeg,2024-11-18,0.8646153846153846,2.3661538461538463
Winnipeg,2024-11-19,0.8788819875776398,2.450310559006211
Winnipeg,2024-11-20,0.8947368421052632,2.674342105263158
Winnipeg,2024-11-21,0.8666666666666667,2.7508771929824563
Winnipeg,2024-11-22,0.8788927335640139,2.7439446366782008
Winnipeg,2024-11-23,0.8961538461538462,2.542307692307692
Winnipeg,2024-11-24,0.8764478764478765,2.1853281853281854
Winnipeg,2024-11-25,0.9018867924528302,2.830188679245283
Winnipeg,2024-11-26,0.8917910447761194,2.8955223880597014
Winnipeg,2024-11-27,0.915057915057915,2.9073359073359075
Winnipeg,2024-11-28,0.921875,3.015625
Winnipeg,2024-11-29,0.9325396825396826,3.0357142857142856
Winnipeg,2024-11-30,0.9076305220883534,2.9919678714859437
Winnipeg,2024-12-01,0.8906882591093117,2.194331983805668
Winnipeg,2024-12-02,0.928,2.728
Winnipeg,2024-12-03,0.9,2.624
Winnipeg,2024-12-04,0.9047619047619048,2.6666666666666665
Winnipeg,2024-12-05,0.8961038961038961,2.5974025974025974
Winnipeg,2024-12-06,0.8713692946058091,2.5809128630705396
Winnipeg,2024-12-07,0.8774703557312253,2.5217391304347827
Winnipeg,2024-12-08,0.8909774436090225,2.0714285714285716
Winnipeg,2024-12-09,0.8966942148760331,2.574380165289256
Winnipeg,2024-12-10,0.9212598425196851,2.7874015748031495
Winnipeg,2024-12-11,0.8870292887029289,2.6276150627615062
Winnipeg,2024-12-12,0.875,2.859375
Winnipeg,2024-12-13,0.8949416342412452,2.7237354085603114
Winnipeg,2024-12-14,0.8857142857142857,2.6448979591836737
Winnipeg,2024-12-15,0.8755364806866953,2.5064377682403434
Winnipeg,2024-12-16,0.869198312236287,2.8354430379746836
Winnipeg,2024-12-17,0.8842975206611571,2.84297520661157
Winnipeg,2024-12-18,0.8745098039215686,2.6941176470588237
Winnipeg,2024-12-19,0.8577235772357723,2.6463414634146343
Winnipeg,2024-12-20,0.8875968992248062,2.631782945736434
Winnipeg,2024-12-21,0.8679245283018868,2.513207547169811
Winnipeg,2024-12-22,0.885593220338983,2.347457627118644
Winnipeg,2024-12-23,0.9051724137931034,3.2844827586206895
Winnipeg,2024-12-24,0.8925619834710744,2.6074380165289255
Winnipeg,2024-12-25,0.8271028037383178,1.7757009345794392
Winnipeg,2024-12-26,0.8851063829787233,2.1531914893617023
Winnipeg,2024-12-27,0.9133858267716536,2.6811023622047245
Winnipeg,2024-12-28,0.9,2.524
Winnipeg,2024-12-29,0.889795918367347,2.2081632653061223
Winnipeg,2024-12-30,0.9106382978723404,2.7106382978723405
Winnipeg,2024-12-31,0.8851063829787233,2.5106382978723403
Winnipeg,2025-01-01,0.8807339449541285,1.9724770642201834
Winnipeg,2025-01-02,0.8854625550660793,2.8325991189427313
Winnipeg,2025-01-03,0.9240506329113924,2.729957805907173
Winnipeg,2025-01-04,0.8966942148760331,2.3264462809917354
Winnipeg,2025-01-05,0.8733031674208145,2.0452488687782804
Winnipeg,2025-01-06,0.9090909090909091,2.683982683982684
Winnipeg,2025-01-07,0.8849557522123894,2.601769911504425
Winnipeg,2025-01-08,0.908675799086758,2.6392694063926943
Winnipeg,2025-01-09,0.8859649122807017,2.776315789473684
Winnipeg,2025-01-10,0.8888888888888888,2.7037037037037037
Winnipeg,2025-01-11,0.8851063829787233,2.4468085106382977
Winnipeg,2025-01-12,0.8715596330275229,2.2752293577981653
Winnipeg,2025-01-13,0.8945147679324894,2.481012658227848
Winnipeg,2025-01-14,0.8755364806866953,2.4206008583690988
Winnipeg,2025-01-15,0.8783783783783784,2.463963963963964
Winnipeg,2025-01-16,0.8687258687258688,2.3976833976833976
Winnipeg,2025-01-17,0.8497854077253219,2.648068669527897
Winnipeg,2025-01-18,0.8728813559322034,2.1864406779661016
Winnipeg,2025-01-19,0.8666666666666667,2.022222222222222
Winnipeg,2025-01-20,0.8986784140969163,2.4008810572687223
Winnipeg,2025-01-21,0.8721461187214612,2.3789954337899544
Winnipeg,2025-01-22,0.8995633187772926,2.668122270742358
Winnipeg,2025-01-23,0.9013452914798207,2.7354260089686098
Winnipeg,2025-01-24,0.905982905982906,2.8119658119658117
Winnipeg,2025-01-25,0.8807339449541285,2.5458715596330275
Winnipeg,2025-01-26,0.9054726368159204,2.388059701492537
Winnipeg,2025-01-27,0.9061032863849765,2.6572769953051645
Winnipeg,2025-01-28,0.8720379146919431,2.654028436018957
Winnipeg,2025-01-29,0.8903508771929824,2.486842105263158
Winnipeg,2025-01-30,0.9027777777777778,2.7685185185185186
Winnipeg,2025-01-31,0.908675799086758,2.835616438356164
Winnipeg,2025-02-01,0.9049773755656109,2.5927601809954752
Winnipeg,2025-02-02,0.8777292576419214,2.1746724890829694
Winnipeg,2025-02-03,0.9147982062780269,2.6412556053811658
Winnipeg,2025-02-04,0.9107142857142857,2.611607142857143
Winnipeg,2025-02-05,0.8703703703703703,2.537037037037037
Winnipeg,2025-02-06,0.8708133971291866,2.7177033492822966
Winnipeg,2025-02-07,0.9066666666666666,2.6755555555555555
Winnipeg,2025-02-08,0.9158878504672897,2.5
Winnipeg,2025-02-09,0.8826291079812206,2.2253521126760565
Winnipeg,2025-02-10,0.880184331797235,2.5023041474654377
Winnipeg,2025-02-11,0.8959276018099548,2.5565610859728505
Winnipeg,2025-02-12,0.9052132701421801,2.5213270142180093
Winnipeg,2025-02-13,0.9078341013824884,2.6912442396313363
Winnipeg,2025-02-14,0.9166666666666666,3.039473684210526
Winnipeg,2025-02-15,0.8781725888324873,2.467005076142132
Winnipeg,2025-02-16,0.8492462311557789,2.271356783919598
Winnipeg,2025-02-17,0.8835978835978836,2.0793650793650795
Winnipeg,2025-02-18,0.8952879581151832,2.581151832460733
Winnipeg,2025-02-19,0.8848167539267016,2.6335078534031413
Winnipeg,2025-02-20,0.8852459016393442,2.6939890710382515
Winnipeg,2025-02-21,0.88,2.845
Winnipeg,2025-02-22,0.8786407766990292,2.674757281553398
Winnipeg,2025-02-23,0.8823529411764706,2.1813725490196076
Winnipeg,2025-02-24,0.9296482412060302,2.9849246231155777
Winnipeg,2025-02-25,0.9095744680851063,2.882978723404255
Winnipeg,2025-02-26,0.8844221105527639,2.542713567839196
Winnipeg,2025-02-27,0.8620689655172413,2.793103448275862
Winnipeg,2025-02-28,0.8855721393034826,2.691542288557214
Winnipeg,2025-03-01,0.8802083333333334,2.453125
Winnipeg,2025-03-02,0.8677248677248677,2.3968253968253967
Winnipeg,2025-03-03,0.8802083333333334,2.7447916666666665
Winnipeg,2025-03-04,0.8731707317073171,2.7756097560975608
Winnipeg,2025-03-05,0.900523560209424,2.9842931937172774
Winnipeg,2025-03-06,0.8786407766990292,2.762135922330097
Winnipeg,2025-03-07,0.9032258064516129,2.857142857142857
Winnipeg,2025-03-08,0.8961038961038961,2.5324675324675323
Winnipeg,2025-03-09,0.8720379146919431,2.137440758293839
Winnipeg,2025-03-10,0.8914027149321267,2.7918552036199094
Winnipeg,2025-03-11,0.8772727272727273,2.659090909090909
Winnipeg,2025-03-12,0.8793103448275862,2.564655172413793
Winnipeg,2025-03-13,0.8966942148760331,2.6487603305785123
Winnipeg,2025-03-14,0.8991596638655462,2.495798319327731
Winnipeg,2025-03-15,0.8679245283018868,2.4858490566037736
Winnipeg,2025-03-16,0.8578199052132701,2.2085308056872037
Winnipeg,2025-03-17,0.9170731707317074,2.7463414634146344
Winnipeg,2025-03-18,0.865,2.62
Winnipeg,2025-03-19,0.8904761904761904,2.519047619047619
Winnipeg,2025-03-20,0.8663366336633663,2.608910891089109
Winnipeg,2025-03-21,0.8695652173913043,2.5458937198067635
Winnipeg,2025-03-22,0.8578947368421053,2.4842105263157896
Winnipeg,2025-03-23,0.8388888888888889,2.0
Winnipeg,2025-03-24,0.8756756756756757,2.535135135135135
Winnipeg,2025-03-25,0.8923076923076924,2.605128205128205
Winnipeg,2025-03-26,0.8982300884955752,2.5088495575221237
Winnipeg,2025-03-27,0.8853754940711462,2.5849802371541504
Winnipeg,2025-03-28,0.9070796460176991,2.6150442477876106
Winnipeg,2025-03-29,0.8962264150943396,2.6037735849056602
Winnipeg,2025-03-30,0.8781725888324873,2.2436548223350252
Winnipeg,2025-03-31,0.883177570093458,2.7009345794392523
Winnipeg,2025-04-01,0.8968609865470852,2.4618834080717487
Winnipeg,2025-04-02,0.8849557522123894,2.6194690265486726
Winnipeg,2025-04-03,0.9004739336492891,2.8341232227488153
Winnipeg,2025-04-04,0.8812785388127854,3.228310502283105
Winnipeg,2025-04-05,0.9323671497584541,2.9806763285024154
Winnipeg,2025-04-06,0.9242424242424242,2.6565656565656566
Winnipeg,2025-04-07,0.9162790697674419,2.9488372093023254
Winnipeg,2025-04-08,0.91324200913242,2.7260273972602738
Winnipeg,2025-04-09,0.9054054054054054,2.725225225225225
Winnipeg,2025-04-10,0.8859649122807017,2.706140350877193
Winnipeg,2025-04-11,0.9248826291079812,3.1737089201877935
Winnipeg,2025-04-12,0.9025641025641026,3.0974358974358975
Winnipeg,2025-04-13,0.8514851485148515,2.5
Winnipeg,2025-04-14,0.8957345971563981,2.6682464454976302
Winnipeg,2025-04-15,0.91324200913242,2.9817351598173514
Winnipeg,2025-04-16,0.8898678414096917,3.0088105726872247
Winnipeg,2025-04-17,0.9013452914798207,3.0493273542600896
Winnipeg,2025-04-18,0.8909090909090909,2.4909090909090907
Winnipeg,2025-04-19,0.8980582524271845,2.878640776699029
Winnipeg,2025-04-20,0.8840579710144928,2.323671497584541
Winnipeg,2025-04-21,0.8849557522123894,2.756637168141593
Winnipeg,2025-04-22,0.8977777777777778,2.68
Winnipeg,2025-04-23,0.8697674418604651,2.869767441860465
Winnipeg,2025-04-24,0.883177570093458,2.967289719626168
Winnipeg,2025-04-25,0.9144144144144144,3.2162162162162162
Winnipeg,2025-04-26,0.851528384279476,2.816593886462882
Winnipeg,2025-04-27,0.8363636363636363,2.3
Winnipeg,2025-04-28,0.8688524590163934,2.8401639344262297
Winnipeg,2025-04-29,0.8923766816143498,2.663677130044843
Winnipeg,2025-04-30,0.9070796460176991,3.106194690265487
Winnipeg,2025-05-01,0.8940677966101694,2.8516949152542375
Winnipeg,2025-05-02,0.9144144144144144,3.490990990990991
Winnipeg,2025-05-03,0.9043062200956937,3.1052631578947367
Winnipeg,2025-05-04,0.8952380952380953,2.980952380952381
Winnipeg,2025-05-05,0.8820960698689956,3.1179039301310043
Winnipeg,2025-05-06,0.9027777777777778,3.0185185185185186
Winnipeg,2025-05-07,0.8828828828828829,2.9774774774774775
Winnipeg,2025-05-08,0.8810572687224669,3.105726872246696
Winnipeg,2025-05-09,0.8860759493670886,3.0084388185654007
Winnipeg,2025-05-10,0.8521739130434782,2.891304347826087
Winnipeg,2025-05-11,0.8458333333333333,2.2916666666666665
Winnipeg,2025-05-12,0.8656126482213439,2.8616600790513833
Winnipeg,2025-05-13,0.8536585365853658,2.6167247386759582
Winnipeg,2025-05-14,0.8189910979228486,2.4451038575667656
Winnipeg,2025-05-15,0.8772845953002611,2.4725848563968666
Winnipeg,2025-05-16,0.8786764705882353,2.702205882352941
Winnipeg,2025-05-17,0.8947368421052632,2.6096491228070176
Winnipeg,2025-05-18,0.8540772532188842,2.3304721030042916
Winnipeg,2025-05-19,0.8893617021276595,2.2085106382978723
Winnipeg,2025-05-20,0.87109375,2.86328125
Winnipeg,2025-05-21,0.8728813559322034,2.9322033898305087
Winnipeg,2025-05-22,0.8770491803278688,3.2254098360655736
Winnipeg,2025-05-23,0.9017094017094017,3.282051282051282
Winnipeg,2025-05-24,0.905982905982906,3.094017094017094
Winnipeg,2025-05-25,0.900709219858156,2.50354609929078
Winnipeg,2025-05-26,0.9063545150501672,2.9966555183946486
Winnipeg,2025-05-27,0.8948948948948949,2.8468468468468466
Winnipeg,2025-05-28,0.8895522388059701,2.8805970149253732
Winnipeg,2025-05-29,0.8975903614457831,2.9548192771084336
Winnipeg,2025-05-30,0.9274447949526814,3.0410094637223977
Winnipeg,2025-05-31,0.9015384615384615,2.6738461538461538
Winnipeg,2025-06-01,0.8795180722891566,2.3704819277108435
Winnipeg,2025-06-02,0.8925619834710744,2.633608815426997
Winnipeg,2025-06-03,0.9348441926345609,2.906515580736544
Winnipeg,2025-06-04,0.9215686274509803,3.1064425770308124
Winnipeg,2025-06-05,0.9141274238227147,3.0609418282548475
Winnipeg,2025-06-06,0.8970189701897019,3.0704607046070462
Winnipeg,2025-06-07,0.8627906976744186,2.3255813953488373
Winnipeg,2025-06-08,0.8651399491094147,2.2162849872773536
Winnipeg,2025-06-09,0.9098360655737705,2.866120218579235
Winnipeg,2025-06-10,0.9178470254957507,2.9206798866855523
Winnipeg,2025-06-11,0.9088319088319088,3.0
Winnipeg,2025-06-12,0.9159159159159159,3.18018018018018
Winnipeg,2025-06-13,0.8905325443786982,2.908284023668639
Winnipeg,2025-06-14,0.896875,2.94375
Winnipeg,2025-06-15,0.884393063583815,2.3554913294797686
Winnipeg,2025-06-16,0.8679245283018868,2.730458221024259
Winnipeg,2025-06-17,0.8864864864864865,2.891891891891892
Winnipeg,2025-06-18,0.9023136246786633,2.848329048843188
Winnipeg,2025-06-19,0.889763779527559,2.863517060367454
Winnipeg,2025-06-20,0.8780487804878049,2.795121951219512
Winnipeg,2025-06-21,0.8611111111111112,2.484848484848485
Winnipeg,2025-06-22,0.8735362997658079,2.1756440281030445
Winnipeg,2025-06-23,0.9057591623036649,2.9345549738219896
Winnipeg,2025-06-24,0.89501312335958,2.989501312335958
Winnipeg,2025-06-25,0.9088541666666666,2.8984375
Winnipeg,2025-06-26,0.916010498687664,3.1102362204724407
Winnipeg,2025-06-27,0.8888888888888888,2.7323232323232323
Winnipeg,2025-06-28,0.8766756032171582,2.388739946380697
Winnipeg,2025-06-29,0.8619631901840491,2.496932515337423
Winnipeg,2025-06-30,0.9,2.722857142857143
Winnipeg,2025-07-01,0.8623595505617978,2.3258426966292136
Winnipeg,2025-07-02,0.9158163265306123,2.7627551020408165
Winnipeg,2025-07-03,0.8841309823677582,2.5869017632241813
Winnipeg,2025-07-04,0.8624078624078624,2.786240786240786
Winnipeg,2025-07-05,0.8794117647058823,2.7470588235294118
Winnipeg,2025-07-06,0.8828571428571429,2.46
Winnipeg,2025-07-07,0.8846153846153846,2.641025641025641
Winnipeg,2025-07-08,0.8910614525139665,2.899441340782123
Winnipeg,2025-07-09,0.8746736292428199,2.7885117493472587
Winnipeg,2025-07-10,0.8860465116279069,2.816279069767442
Winnipeg,2025-07-11,0.8818897637795275,2.742782152230971
Winnipeg,2025-07-12,0.8819444444444444,2.673611111111111
Winnipeg,2025-07-13,0.8685121107266436,2.3771626297577853
Winnipeg,2025-07-14,0.8770226537216829,2.6537216828478964
Winnipeg,2025-07-15,0.8808664259927798,2.8664259927797833
Winnipeg,2025-07-16,0.8754716981132076,3.147169811320755
Winnipeg,2025-07-17,0.9146341463414634,3.024390243902439
Winnipeg,2025-07-18,0.8941176470588236,3.2588235294117647
Winnipeg,2025-07-19,0.8207171314741036,2.5776892430278884
Winnipeg,2025-07-20,0.8338762214983714,2.039087947882736
Winnipeg,2025-07-21,0.8333333333333334,2.33879781420765
Winnipeg,2025-07-22,0.8575851393188855,2.557275541795666
Winnipeg,2025-07-23,0.8621908127208481,2.932862190812721
Winnipeg,2025-07-24,0.8655172413793103,2.9448275862068964
Winnipeg,2025-07-25,0.8433048433048433,2.52991452991453
Winnipeg,2025-07-26,0.856655290102389,2.5426621160409555
Winnipeg,2025-07-27,0.8322368421052632,2.1217105263157894
Winnipeg,2025-07-28,0.8779527559055118,3.0511811023622046
Winnipeg,2025-07-29,0.8939393939393939,3.087121212121212
Winnipeg,2025-07-30,0.8685258964143426,3.0597609561752988
Winnipeg,2025-07-31,0.8837209302325582,3.104651162790698
Winnipeg,2025-08-01,0.8925619834710744,3.227272727272727
Winnipeg,2025-08-02,0.861244019138756,2.7177033492822966
Winnipeg,2025-08-03,0.8411214953271028,2.2429906542056073
Winnipeg,2025-08-04,0.8376383763837638,2.055350553505535
Winnipeg,2025-08-05,0.8518518518518519,2.6049382716049383
Winnipeg,2025-08-06,0.8355795148247979,2.509433962264151
Winnipeg,2025-08-07,0.8533724340175953,2.656891495601173
Winnipeg,2025-08-08,0.8810810810810811,2.5324324324324325
Winnipeg,2025-08-09,0.8502994011976048,2.461077844311377
Winnipeg,2025-08-10,0.8526645768025078,2.1786833855799372
Winnipeg,2025-08-11,0.865979381443299,2.7216494845360826
Winnipeg,2025-08-12,0.8721311475409836,2.7901639344262295
Winnipeg,2025-08-13,0.8646864686468647,2.8118811881188117
Winnipeg,2025-08-14,0.8686567164179104,2.608955223880597
Winnipeg,2025-08-15,0.8884615384615384,3.126923076923077
Winnipeg,2025-08-16,0.872093023255814,2.624031007751938
Winnipeg,2025-08-17,0.8315412186379928,2.1039426523297493
Winnipeg,2025-08-18,0.9047619047619048,2.937728937728938
Winnipeg,2025-08-19,0.8885017421602788,2.818815331010453
Winnipeg,2025-08-20,0.8466076696165191,2.454277286135693
Winnipeg,2025-08-21,0.871875,2.725
Winnipeg,2025-08-22,0.8607142857142858,2.8321428571428573
Winnipeg,2025-08-23,0.8453237410071942,2.697841726618705
Winnipeg,2025-08-24,0.8639705882352942,2.5551470588235294
Winnipeg,2025-08-25,0.864963503649635,2.821167883211679
Winnipeg,2025-08-26,0.8843283582089553,2.970149253731343
Winnipeg,2025-08-27,0.8905660377358491,2.8339622641509434
Winnipeg,2025-08-28,0.8560311284046692,3.217898832684825
Winnipeg,2025-08-29,0.8582995951417004,3.506072874493927
Winnipeg,2025-08-30,0.8652173913043478,2.7304347826086954
Winnipeg,2025-08-31,0.8672199170124482,2.5809128630705396
Winnipeg,2025-09-01,0.8293515358361775,2.3447098976109215
Winnipeg,2025-09-02,0.8548387096774194,2.729032258064516
Winnipeg,2025-09-03,0.8805460750853242,3.10580204778157
Winnipeg,2025-09-04,0.8651315789473685,2.9440789473684212
Winnipeg,2025-09-05,0.8869257950530035,3.3286219081272086
Winnipeg,2025-09-06,0.8740157480314961,2.87007874015748
Winnipeg,2025-09-07,0.8669201520912547,2.456273764258555
Winnipeg,2025-09-08,0.9026217228464419,3.2771535580524342
Winnipeg,2025-09-09,0.8913857677902621,3.0262172284644193
Winnipeg,2025-09-10,0.8846153846153846,2.979020979020979
Winnipeg,2025-09-11,0.8729641693811075,3.04885993485342
Winnipeg,2025-09-12,0.8805460750853242,3.2457337883959045
Winnipeg,2025-09-13,0.8211678832116789,2.5875912408759123
Winnipeg,2025-09-14,0.8304498269896193,2.4394463667820068
Winnipeg,2025-09-15,0.8581081081081081,3.016891891891892
Winnipeg,2025-09-16,0.8779661016949153,3.0203389830508476
Winnipeg,2025-09-17,0.8590604026845637,3.0704697986577183
Winnipeg,2025-09-18,0.8703071672354948,3.2354948805460753
Winnipeg,2025-09-19,0.8892508143322475,3.0846905537459284
Winnipeg,2025-09-20,0.8556338028169014,2.4119718309859155
Winnipeg,2025-09-21,0.8686131386861314,2.375912408759124
Winnipeg,2025-09-22,0.9130434782608695,3.152173913043478
Winnipeg,2025-09-23,0.8989547038327527,2.9825783972125435
Winnipeg,2025-09-24,0.9045936395759717,3.0989399293286217
Winnipeg,2025-09-25,0.9111111111111111,3.4518518518518517
Winnipeg,2025-09-26,0.8708487084870848,3.2583025830258303
Winnipeg,2025-09-27,0.89568345323741,3.097122302158273
Winnipeg,2025-09-28,0.8837209302325582,2.13953488372093
Winnipeg,2025-09-29,0.8644578313253012,2.683734939759036
Winnipeg,2025-09-30,0.8637873754152824,2.362126245847176
Winnipeg,2025-10-01,0.8980716253443526,2.7079889807162534
Winnipeg,2025-10-02,0.9111111111111111,2.9135802469135803
Winnipeg,2025-10-03,0.8941441441441441,2.77027027027027
Winnipeg,2025-10-04,0.880184331797235,2.292626728110599
Winnipeg,2025-10-05,0.8764302059496567,2.0983981693363845
Winnipeg,2025-10-06,0.8997955010224948,2.6216768916155417
Winnipeg,2025-10-07,0.9241245136186771,2.595330739299611
Winnipeg,2025-10-08,0.9235294117647059,2.5862745098039217
Winnipeg,2025-10-09,0.9057692307692308,2.7807692307692307
Winnipeg,2025-10-10,0.9084380610412927,2.621184919210054
Winnipeg,2025-10-11,0.8977695167286245,2.358736059479554
Winnipeg,2025-10-12,0.8946322067594433,2.137176938369781
Winnipeg,2025-10-13,0.8905660377358491,1.8773584905660377
Winnipeg,2025-10-14,0.9085923217550275,2.420475319926874
Winnipeg,2025-10-15,0.9089285714285714,2.494642857142857
Winnipeg,2025-10-16,0.8879456706281834,2.3463497453310698
Winnipeg,2025-10-17,0.9242957746478874,2.660211267605634
Winnipeg,2025-10-18,0.8982142857142857,2.3875
Winnipeg,2025-10-19,0.9039145907473309,2.096085409252669
Winnipeg,2025-10-20,0.9228187919463087,2.2986577181208054
Winnipeg,2025-10-21,0.9283276450511946,2.5597269624573378
Winnipeg,2025-10-22,0.9362416107382551,2.6006711409395975
Winnipeg,2025-10-23,0.9169435215946844,2.4916943521594686
Winnipeg,2025-10-24,0.9300341296928327,2.5784982935153584
Winnipeg,2025-10-25,0.9313380281690141,2.36443661971831
Winnipeg,2025-10-26,0.8975694444444444,2.1215277777777777
Winnipeg,2025-10-27,0.9095238095238095,2.2396825396825397
Winnipeg,2025-10-28,0.9356913183279743,2.311897106109325
Winnipeg,2025-10-29,0.9379084967320261,2.5098039215686274
Winnipeg,2025-10-30,0.9303482587064676,2.570480928689884
Winnipeg,2025-10-31,0.9141414141414141,2.664983164983165
Winnipeg,2025-11-01,0.9201451905626135,2.2849364791288567
Winnipeg,2025-11-02,0.9283088235294118,2.1011029411764706
Winnipeg,2025-11-03,0.92894280762565,2.5043327556325825
Winnipeg,2025-11-04,0.916247906197655,2.4355108877721943
Winnipeg,2025-11-05,0.9242424242424242,2.387205387205387
Winnipeg,2025-11-06,0.9169435215946844,2.473421926910299
Winnipeg,2025-11-07,0.9316987740805605,2.5691768826619965
Winnipeg,2025-11-08,0.9180633147113594,2.3072625698324023
Winnipeg,2025-11-09,0.9121495327102803,2.0990654205607475
Winnipeg,2025-11-10,0.9382504288164666,2.358490566037736
Winnipeg,2025-11-11,0.9071803852889667,1.903677758318739
Winnipeg,2025-11-12,0.9428571428571428,2.5107142857142857
Winnipeg,2025-11-13,0.9390862944162437,2.5499153976311337
Winnipeg,2025-11-14,0.9442622950819672,2.5475409836065572
Winnipeg,2025-11-15,0.9172077922077922,2.3555194805194803
Winnipeg,2025-11-16,0.9215358931552587,2.1936560934891487
Winnipeg,2025-11-17,0.9299065420560748,2.4517133956386292
Winnipeg,2025-11-18,0.9442771084337349,2.408132530120482
Winnipeg,2025-11-19,0.9293948126801153,2.345821325648415
Winnipeg,2025-11-20,0.9394812680115274,2.4452449567723344
Winnipeg,2025-11-21,0.926605504587156,2.4908256880733943
Winnipeg,2025-11-22,0.9225700164744646,2.314662273476112
Winnipeg,2025-11-23,0.9325657894736842,2.1414473684210527
Winnipeg,2025-11-24,0.9286821705426357,2.353488372093023
Winnipeg,2025-11-25,0.9248466257668712,2.3021472392638036
Winnipeg,2025-11-26,0.9227272727272727,2.3696969696969696
Winnipeg,2025-11-27,0.9344512195121951,2.426829268292683
Winnipeg,2025-11-28,0.9396284829721362,2.518575851393189
Winnipeg,2025-11-29,0.9343434343434344,2.2794612794612794
Winnipeg,2025-11-30,0.9224283305227656,2.087689713322091
Winnipeg,2025-12-01,0.9239302694136292,2.397781299524564
Winnipeg,2025-12-02,0.9181380417335474,2.2664526484751204
Winnipeg,2025-12-03,0.9381761978361669,2.3091190108191655
Winnipeg,2025-12-04,0.9307228915662651,2.2981927710843375
Winnipeg,2025-12-05,0.9357249626307922,2.275037369207773
Winnipeg,2025-12-06,0.9305785123966942,2.266115702479339
Winnipeg,2025-12-07,0.92,1.9716666666666667
Winnipeg,2025-12-08,0.9283489096573209,2.2570093457943927
Winnipeg,2025-12-09,0.9284603421461898,2.265940902021773
Winnipeg,2025-12-10,0.9373134328358209,2.283582089552239
Winnipeg,2025-12-11,0.9363905325443787,2.3920118343195265
Winnipeg,2025-12-12,0.9439252336448598,2.52803738317757
Winnipeg,2025-12-13,0.9286898839137645,2.288557213930348
Winnipeg,2025-12-14,0.9272727272727272,2.0396694214876034
Winnipeg,2025-12-15,0.9206106870229007,2.3603053435114503
Winnipeg,2025-12-16,0.9184615384615384,2.3030769230769232
Winnipeg,2025-12-17,0.9051094890510949,2.1591240875912407
Winnipeg,2025-12-18,0.8948948948948949,1.7762762762762763
Winnipeg,2025-12-19,0.9295154185022027,2.343612334801762
Winnipeg,2025-12-20,0.9261637239165329,2.322632423756019
Winnipeg,2025-12-21,0.9184339314845025,2.1941272430668843
Winnipeg,2025-12-22,0.9489953632148377,2.434312210200927
Winnipeg,2025-12-23,0.9371069182389937,2.4544025157232703
Winnipeg,2025-12-24,0.9479166666666666,2.3645833333333335
Winnipeg,2025-12-25,0.903041825095057,1.703422053231939
Winnipeg,2025-12-26,0.9132743362831859,2.161061946902655
Winnipeg,2025-12-27,0.927689594356261,2.142857142857143
Winnipeg,2025-12-28,0.9197860962566845,2.0053475935828877
Winnipeg,2025-12-29,0.9369951534733441,2.250403877221325
Winnipeg,2025-12-30,0.9448160535117057,2.4163879598662206
Winnipeg,2025-12-31,0.9386281588447654,2.252707581227437
